area,country,nodes,edges,seed,failure_mode,model,mae,n,eigengap
bangkok,Thailand,1072.0,1457.0,11,independent,direct_edge_mpnn,0.13014448195217318,20,0.5923173656377744
bangkok,Thailand,1072.0,1457.0,11,independent,direct_full,0.15267620890854067,20,0.5923173656377744
bangkok,Thailand,1072.0,1457.0,11,independent,direct_sage,0.16621527898578117,20,0.5923173656377744
bangkok,Thailand,1072.0,1457.0,11,independent,residual_edge_mpnn,0.09427793931268982,20,0.5923173656377744
bangkok,Thailand,1072.0,1457.0,11,independent,residual_full,0.1176330056366152,20,0.5923173656377744
bangkok,Thailand,1072.0,1457.0,11,independent,residual_sage,0.10305380335742535,20,0.5923173656377744
bangkok,Thailand,1072.0,1457.0,11,independent,spectral,0.5965492867076952,20,0.5923173656377744
bangkok,Thailand,1072.0,1457.0,11,independent,spectral_second_order,0.5962147427674732,20,0.5923173656377744
bangkok,Thailand,1072.0,1457.0,11,spatial_cluster,direct_edge_mpnn,0.019580742960096285,20,0.5923173656377744
bangkok,Thailand,1072.0,1457.0,11,spatial_cluster,direct_full,0.03762994991731732,20,0.5923173656377744
bangkok,Thailand,1072.0,1457.0,11,spatial_cluster,direct_sage,0.06471983367693515,20,0.5923173656377744
bangkok,Thailand,1072.0,1457.0,11,spatial_cluster,residual_edge_mpnn,0.03623471782659083,20,0.5923173656377744
bangkok,Thailand,1072.0,1457.0,11,spatial_cluster,residual_full,0.02320920402300447,20,0.5923173656377744
bangkok,Thailand,1072.0,1457.0,11,spatial_cluster,residual_sage,0.03620598396156254,20,0.5923173656377744
bangkok,Thailand,1072.0,1457.0,11,spatial_cluster,spectral,0.7485920685978907,20,0.5923173656377744
bangkok,Thailand,1072.0,1457.0,11,spatial_cluster,spectral_second_order,0.7485432619555249,20,0.5923173656377744
bangkok,Thailand,1072.0,1457.0,11,targeted,direct_edge_mpnn,0.2797869484298364,20,0.5923173656377744
bangkok,Thailand,1072.0,1457.0,11,targeted,direct_full,0.24955346975484707,20,0.5923173656377744
bangkok,Thailand,1072.0,1457.0,11,targeted,direct_sage,0.2981229772218005,20,0.5923173656377744
bangkok,Thailand,1072.0,1457.0,11,targeted,residual_edge_mpnn,0.24032493291235188,20,0.5923173656377744
bangkok,Thailand,1072.0,1457.0,11,targeted,residual_full,0.22682800995842314,20,0.5923173656377744
bangkok,Thailand,1072.0,1457.0,11,targeted,residual_sage,0.23873914833447946,20,0.5923173656377744
bangkok,Thailand,1072.0,1457.0,11,targeted,spectral,0.3096279025917446,20,0.5923173656377744
bangkok,Thailand,1072.0,1457.0,11,targeted,spectral_second_order,0.3092691553369133,20,0.5923173656377744
bangkok,Thailand,1072.0,1457.0,22,independent,direct_edge_mpnn,0.11435487450947017,20,0.5923173656377744
bangkok,Thailand,1072.0,1457.0,22,independent,direct_full,0.13504545486188463,20,0.5923173656377744
bangkok,Thailand,1072.0,1457.0,22,independent,direct_sage,0.12688007301307253,20,0.5923173656377744
bangkok,Thailand,1072.0,1457.0,22,independent,residual_edge_mpnn,0.1264797572291546,20,0.5923173656377744
bangkok,Thailand,1072.0,1457.0,22,independent,residual_full,0.09616959420428199,20,0.5923173656377744
bangkok,Thailand,1072.0,1457.0,22,independent,residual_sage,0.10023975322896876,20,0.5923173656377744
bangkok,Thailand,1072.0,1457.0,22,independent,spectral,0.30199004451521605,20,0.5923173656377744
bangkok,Thailand,1072.0,1457.0,22,independent,spectral_second_order,0.3019463237132766,20,0.5923173656377744
bangkok,Thailand,1072.0,1457.0,22,spatial_cluster,direct_edge_mpnn,0.07070807442822317,20,0.5923173656377744
bangkok,Thailand,1072.0,1457.0,22,spatial_cluster,direct_full,0.04191218417425463,20,0.5923173656377744
bangkok,Thailand,1072.0,1457.0,22,spatial_cluster,direct_sage,0.07842020586420606,20,0.5923173656377744
bangkok,Thailand,1072.0,1457.0,22,spatial_cluster,residual_edge_mpnn,0.07948660932768892,20,0.5923173656377744
bangkok,Thailand,1072.0,1457.0,22,spatial_cluster,residual_full,0.01502477276782679,20,0.5923173656377744
bangkok,Thailand,1072.0,1457.0,22,spatial_cluster,residual_sage,0.02962114719309611,20,0.5923173656377744
bangkok,Thailand,1072.0,1457.0,22,spatial_cluster,spectral,0.6997943539194399,20,0.5923173656377744
bangkok,Thailand,1072.0,1457.0,22,spatial_cluster,spectral_second_order,0.6997319244201079,20,0.5923173656377744
bangkok,Thailand,1072.0,1457.0,22,targeted,direct_edge_mpnn,0.030481318300678534,20,0.5923173656377744
bangkok,Thailand,1072.0,1457.0,22,targeted,direct_full,0.06639803754527154,20,0.5923173656377744
bangkok,Thailand,1072.0,1457.0,22,targeted,direct_sage,0.035874764131272496,20,0.5923173656377744
bangkok,Thailand,1072.0,1457.0,22,targeted,residual_edge_mpnn,0.032763738286444265,20,0.5923173656377744
bangkok,Thailand,1072.0,1457.0,22,targeted,residual_full,0.04553101243864962,20,0.5923173656377744
bangkok,Thailand,1072.0,1457.0,22,targeted,residual_sage,0.03944887435710277,20,0.5923173656377744
bangkok,Thailand,1072.0,1457.0,22,targeted,spectral,0.28676187088375416,20,0.5923173656377744
bangkok,Thailand,1072.0,1457.0,22,targeted,spectral_second_order,0.2859576006746401,20,0.5923173656377744
bangkok,Thailand,1072.0,1457.0,33,independent,direct_edge_mpnn,0.552813588458983,20,0.5923173656377744
bangkok,Thailand,1072.0,1457.0,33,independent,direct_full,0.09192126392951822,20,0.5923173656377744
bangkok,Thailand,1072.0,1457.0,33,independent,direct_sage,0.08918468262633897,20,0.5923173656377744
bangkok,Thailand,1072.0,1457.0,33,independent,residual_edge_mpnn,0.08668234087160445,20,0.5923173656377744
bangkok,Thailand,1072.0,1457.0,33,independent,residual_full,0.052813588458982916,20,0.5923173656377744
bangkok,Thailand,1072.0,1457.0,33,independent,residual_sage,0.052594506557969066,20,0.5923173656377744
bangkok,Thailand,1072.0,1457.0,33,independent,spectral,0.5509095736767876,20,0.5923173656377744
bangkok,Thailand,1072.0,1457.0,33,independent,spectral_second_order,0.5508476592239061,20,0.5923173656377744
bangkok,Thailand,1072.0,1457.0,33,spatial_cluster,direct_edge_mpnn,0.45431750287541905,20,0.5923173656377744
bangkok,Thailand,1072.0,1457.0,33,spatial_cluster,direct_full,0.14789479858001908,20,0.5923173656377744
bangkok,Thailand,1072.0,1457.0,33,spatial_cluster,direct_sage,0.1527308652060314,20,0.5923173656377744
bangkok,Thailand,1072.0,1457.0,33,spatial_cluster,residual_edge_mpnn,0.2418398283304854,20,0.5923173656377744
bangkok,Thailand,1072.0,1457.0,33,spatial_cluster,residual_full,0.10043727738091505,20,0.5923173656377744
bangkok,Thailand,1072.0,1457.0,33,spatial_cluster,residual_sage,0.11216091762081126,20,0.5923173656377744
bangkok,Thailand,1072.0,1457.0,33,spatial_cluster,spectral,0.45232640986131784,20,0.5923173656377744
bangkok,Thailand,1072.0,1457.0,33,spatial_cluster,spectral_second_order,0.4521771980107525,20,0.5923173656377744
bangkok,Thailand,1072.0,1457.0,33,targeted,direct_edge_mpnn,0.33796994175176537,20,0.5923173656377744
bangkok,Thailand,1072.0,1457.0,33,targeted,direct_full,0.12409498982970397,20,0.5923173656377744
bangkok,Thailand,1072.0,1457.0,33,targeted,direct_sage,0.12581590962768702,20,0.5923173656377744
bangkok,Thailand,1072.0,1457.0,33,targeted,residual_edge_mpnn,0.12638748435300204,20,0.5923173656377744
bangkok,Thailand,1072.0,1457.0,33,targeted,residual_full,0.11945074686195174,20,0.5923173656377744
bangkok,Thailand,1072.0,1457.0,33,targeted,residual_sage,0.11755464217971483,20,0.5923173656377744
bangkok,Thailand,1072.0,1457.0,33,targeted,spectral,0.307499880373972,20,0.5923173656377744
bangkok,Thailand,1072.0,1457.0,33,targeted,spectral_second_order,0.3054092568944399,20,0.5923173656377744
bangkok,Thailand,1072.0,1457.0,44,independent,direct_edge_mpnn,0.2063860272884992,20,0.5923173656377744
bangkok,Thailand,1072.0,1457.0,44,independent,direct_full,0.21012480649060286,20,0.5923173656377744
bangkok,Thailand,1072.0,1457.0,44,independent,direct_sage,0.20306682082718885,20,0.5923173656377744
bangkok,Thailand,1072.0,1457.0,44,independent,residual_edge_mpnn,0.19621998266211424,20,0.5923173656377744
bangkok,Thailand,1072.0,1457.0,44,independent,residual_full,0.2030983122169348,20,0.5923173656377744
bangkok,Thailand,1072.0,1457.0,44,independent,residual_sage,0.18538113319209493,20,0.5923173656377744
bangkok,Thailand,1072.0,1457.0,44,independent,spectral,0.6499757554058917,20,0.5923173656377744
bangkok,Thailand,1072.0,1457.0,44,independent,spectral_second_order,0.6499044243134696,20,0.5923173656377744
bangkok,Thailand,1072.0,1457.0,44,spatial_cluster,direct_edge_mpnn,0.09375472737285731,20,0.5923173656377744
bangkok,Thailand,1072.0,1457.0,44,spatial_cluster,direct_full,0.0764517186004245,20,0.5923173656377744
bangkok,Thailand,1072.0,1457.0,44,spatial_cluster,direct_sage,0.091784380169543,20,0.5923173656377744
bangkok,Thailand,1072.0,1457.0,44,spatial_cluster,residual_edge_mpnn,0.023466226065489027,20,0.5923173656377744
bangkok,Thailand,1072.0,1457.0,44,spatial_cluster,residual_full,0.003175611628261808,20,0.5923173656377744
bangkok,Thailand,1072.0,1457.0,44,spatial_cluster,residual_sage,0.05109473949107762,20,0.5923173656377744
bangkok,Thailand,1072.0,1457.0,44,spatial_cluster,spectral,0.5023688590657537,20,0.5923173656377744
bangkok,Thailand,1072.0,1457.0,44,spatial_cluster,spectral_second_order,0.5023557469965386,20,0.5923173656377744
bangkok,Thailand,1072.0,1457.0,44,targeted,direct_edge_mpnn,0.11057411172751086,20,0.5923173656377744
bangkok,Thailand,1072.0,1457.0,44,targeted,direct_full,0.13434875759580361,20,0.5923173656377744
bangkok,Thailand,1072.0,1457.0,44,targeted,direct_sage,0.14682383503117788,20,0.5923173656377744
bangkok,Thailand,1072.0,1457.0,44,targeted,residual_edge_mpnn,0.0728269548000553,20,0.5923173656377744
bangkok,Thailand,1072.0,1457.0,44,targeted,residual_full,0.08695053284663955,20,0.5923173656377744
bangkok,Thailand,1072.0,1457.0,44,targeted,residual_sage,0.08352550318440295,20,0.5923173656377744
bangkok,Thailand,1072.0,1457.0,44,targeted,spectral,0.08035317761165581,20,0.5923173656377744
bangkok,Thailand,1072.0,1457.0,44,targeted,spectral_second_order,0.07984890619640676,20,0.5923173656377744
bangkok,Thailand,1072.0,1457.0,55,independent,direct_edge_mpnn,0.1023585743926279,20,0.5923173656377744
bangkok,Thailand,1072.0,1457.0,55,independent,direct_full,0.11117345827531955,20,0.5923173656377744
bangkok,Thailand,1072.0,1457.0,55,independent,direct_sage,0.16122515831974288,20,0.5923173656377744
bangkok,Thailand,1072.0,1457.0,55,independent,residual_edge_mpnn,0.5543932673810706,20,0.5923173656377744
bangkok,Thailand,1072.0,1457.0,55,independent,residual_full,0.1043207801236496,20,0.5923173656377744
bangkok,Thailand,1072.0,1457.0,55,independent,residual_sage,0.10254899937992028,20,0.5923173656377744
bangkok,Thailand,1072.0,1457.0,55,independent,spectral,0.5515990555856352,20,0.5923173656377744
bangkok,Thailand,1072.0,1457.0,55,independent,spectral_second_order,0.5515475526434798,20,0.5923173656377744
bangkok,Thailand,1072.0,1457.0,55,spatial_cluster,direct_edge_mpnn,0.011194191604180202,20,0.5923173656377744
bangkok,Thailand,1072.0,1457.0,55,spatial_cluster,direct_full,0.009378815033731929,20,0.5923173656377744
bangkok,Thailand,1072.0,1457.0,55,spatial_cluster,direct_sage,0.050759549216626156,20,0.5923173656377744
bangkok,Thailand,1072.0,1457.0,55,spatial_cluster,residual_edge_mpnn,0.8012635877716561,20,0.5923173656377744
bangkok,Thailand,1072.0,1457.0,55,spatial_cluster,residual_full,0.0054840557317380155,20,0.5923173656377744
bangkok,Thailand,1072.0,1457.0,55,spatial_cluster,residual_sage,0.0011378813080695099,20,0.5923173656377744
bangkok,Thailand,1072.0,1457.0,55,spatial_cluster,spectral,0.798606747898426,20,0.5923173656377744
bangkok,Thailand,1072.0,1457.0,55,spatial_cluster,spectral_second_order,0.7984353080910627,20,0.5923173656377744
bangkok,Thailand,1072.0,1457.0,55,targeted,direct_edge_mpnn,0.18529059829864408,20,0.5923173656377744
bangkok,Thailand,1072.0,1457.0,55,targeted,direct_full,0.16953308765080616,20,0.5923173656377744
bangkok,Thailand,1072.0,1457.0,55,targeted,direct_sage,0.2801657516347624,20,0.5923173656377744
bangkok,Thailand,1072.0,1457.0,55,targeted,residual_edge_mpnn,0.327397218083366,20,0.5923173656377744
bangkok,Thailand,1072.0,1457.0,55,targeted,residual_full,0.17178877146668659,20,0.5923173656377744
bangkok,Thailand,1072.0,1457.0,55,targeted,residual_sage,0.1678596326020632,20,0.5923173656377744
bangkok,Thailand,1072.0,1457.0,55,targeted,spectral,0.3130447468614344,20,0.5923173656377744
bangkok,Thailand,1072.0,1457.0,55,targeted,spectral_second_order,0.3124863628023492,20,0.5923173656377744
cantho,Vietnam,114.0,178.0,11,independent,direct_edge_mpnn,0.08560719420914428,20,1.1845383241700216
cantho,Vietnam,114.0,178.0,11,independent,direct_full,0.07061446768435464,20,1.1845383241700216
cantho,Vietnam,114.0,178.0,11,independent,direct_sage,0.07974634009623902,20,1.1845383241700216
cantho,Vietnam,114.0,178.0,11,independent,residual_edge_mpnn,0.0691854998528698,20,1.1845383241700216
cantho,Vietnam,114.0,178.0,11,independent,residual_full,0.02974640683506588,20,1.1845383241700216
cantho,Vietnam,114.0,178.0,11,independent,residual_sage,0.05642240724127029,20,1.1845383241700216
cantho,Vietnam,114.0,178.0,11,independent,spectral,0.2949256092668459,20,1.1845383241700216
cantho,Vietnam,114.0,178.0,11,independent,spectral_second_order,0.292265441958958,20,1.1845383241700216
cantho,Vietnam,114.0,178.0,11,spatial_cluster,direct_edge_mpnn,0.04543635096727354,20,1.1845383241700216
cantho,Vietnam,114.0,178.0,11,spatial_cluster,direct_full,0.03622760582712947,20,1.1845383241700216
cantho,Vietnam,114.0,178.0,11,spatial_cluster,direct_sage,0.10875235475926141,20,1.1845383241700216
cantho,Vietnam,114.0,178.0,11,spatial_cluster,residual_edge_mpnn,0.03160711299523045,20,1.1845383241700216
cantho,Vietnam,114.0,178.0,11,spatial_cluster,residual_full,0.023914111694818434,20,1.1845383241700216
cantho,Vietnam,114.0,178.0,11,spatial_cluster,residual_sage,0.08260926632027522,20,1.1845383241700216
cantho,Vietnam,114.0,178.0,11,spatial_cluster,spectral,0.6899737226360277,20,1.1845383241700216
cantho,Vietnam,114.0,178.0,11,spatial_cluster,spectral_second_order,0.6847329104900951,20,1.1845383241700216
cantho,Vietnam,114.0,178.0,11,targeted,direct_edge_mpnn,0.07785689504203486,20,1.1845383241700216
cantho,Vietnam,114.0,178.0,11,targeted,direct_full,0.055175630880827733,20,1.1845383241700216
cantho,Vietnam,114.0,178.0,11,targeted,direct_sage,0.06918585656885337,20,1.1845383241700216
cantho,Vietnam,114.0,178.0,11,targeted,residual_edge_mpnn,0.0389684887853903,20,1.1845383241700216
cantho,Vietnam,114.0,178.0,11,targeted,residual_full,0.029046421471647755,20,1.1845383241700216
cantho,Vietnam,114.0,178.0,11,targeted,residual_sage,0.05572958039912579,20,1.1845383241700216
cantho,Vietnam,114.0,178.0,11,targeted,spectral,0.21755126558600885,20,1.1845383241700216
cantho,Vietnam,114.0,178.0,11,targeted,spectral_second_order,0.2122937783051296,20,1.1845383241700216
cantho,Vietnam,114.0,178.0,22,independent,direct_edge_mpnn,0.037236553396995976,20,1.1845383241700216
cantho,Vietnam,114.0,178.0,22,independent,direct_full,0.041079017844514,20,1.1845383241700216
cantho,Vietnam,114.0,178.0,22,independent,direct_sage,0.034153196597152345,20,1.1845383241700216
cantho,Vietnam,114.0,178.0,22,independent,residual_edge_mpnn,0.03943396822840106,20,1.1845383241700216
cantho,Vietnam,114.0,178.0,22,independent,residual_full,0.02692335744376826,20,1.1845383241700216
cantho,Vietnam,114.0,178.0,22,independent,residual_sage,0.02082564455989235,20,1.1845383241700216
cantho,Vietnam,114.0,178.0,22,independent,spectral,0.13206365294515363,20,1.1845383241700216
cantho,Vietnam,114.0,178.0,22,independent,spectral_second_order,0.1304512890265837,20,1.1845383241700216
cantho,Vietnam,114.0,178.0,22,spatial_cluster,direct_edge_mpnn,0.11862741848563796,20,1.1845383241700216
cantho,Vietnam,114.0,178.0,22,spatial_cluster,direct_full,0.05057563013965989,20,1.1845383241700216
cantho,Vietnam,114.0,178.0,22,spatial_cluster,direct_sage,0.038521162376012406,20,1.1845383241700216
cantho,Vietnam,114.0,178.0,22,spatial_cluster,residual_edge_mpnn,0.07077773424291806,20,1.1845383241700216
cantho,Vietnam,114.0,178.0,22,spatial_cluster,residual_full,0.017233030212942695,20,1.1845383241700216
cantho,Vietnam,114.0,178.0,22,spatial_cluster,residual_sage,0.009916260510399826,20,1.1845383241700216
cantho,Vietnam,114.0,178.0,22,spatial_cluster,spectral,0.3622189747677876,20,1.1845383241700216
cantho,Vietnam,114.0,178.0,22,spatial_cluster,spectral_second_order,0.36005213493306765,20,1.1845383241700216
cantho,Vietnam,114.0,178.0,22,targeted,direct_edge_mpnn,0.12860856190968992,20,1.1845383241700216
cantho,Vietnam,114.0,178.0,22,targeted,direct_full,0.09996615403733763,20,1.1845383241700216
cantho,Vietnam,114.0,178.0,22,targeted,direct_sage,0.12806361874036104,20,1.1845383241700216
cantho,Vietnam,114.0,178.0,22,targeted,residual_edge_mpnn,0.10620435645200399,20,1.1845383241700216
cantho,Vietnam,114.0,178.0,22,targeted,residual_full,0.11737994269687317,20,1.1845383241700216
cantho,Vietnam,114.0,178.0,22,targeted,residual_sage,0.10293519928873118,20,1.1845383241700216
cantho,Vietnam,114.0,178.0,22,targeted,spectral,0.1868733584850258,20,1.1845383241700216
cantho,Vietnam,114.0,178.0,22,targeted,spectral_second_order,0.182351927272779,20,1.1845383241700216
cantho,Vietnam,114.0,178.0,33,independent,direct_edge_mpnn,0.2513889465400976,20,1.1845383241700216
cantho,Vietnam,114.0,178.0,33,independent,direct_full,0.04553487718057298,20,1.1845383241700216
cantho,Vietnam,114.0,178.0,33,independent,direct_sage,0.0333196701465027,20,1.1845383241700216
cantho,Vietnam,114.0,178.0,33,independent,residual_edge_mpnn,0.06797960759372097,20,1.1845383241700216
cantho,Vietnam,114.0,178.0,33,independent,residual_full,0.017636632387690105,20,1.1845383241700216
cantho,Vietnam,114.0,178.0,33,independent,residual_sage,0.015046125607479435,20,1.1845383241700216
cantho,Vietnam,114.0,178.0,33,independent,spectral,0.22943757685023652,20,1.1845383241700216
cantho,Vietnam,114.0,178.0,33,independent,spectral_second_order,0.22772636603784774,20,1.1845383241700216
cantho,Vietnam,114.0,178.0,33,spatial_cluster,direct_edge_mpnn,0.5139995921750684,20,1.1845383241700216
cantho,Vietnam,114.0,178.0,33,spatial_cluster,direct_full,0.05835263504382084,20,1.1845383241700216
cantho,Vietnam,114.0,178.0,33,spatial_cluster,direct_sage,0.053726990136465536,20,1.1845383241700216
cantho,Vietnam,114.0,178.0,33,spatial_cluster,residual_edge_mpnn,0.1505240755974019,20,1.1845383241700216
cantho,Vietnam,114.0,178.0,33,spatial_cluster,residual_full,0.04472544192086356,20,1.1845383241700216
cantho,Vietnam,114.0,178.0,33,spatial_cluster,residual_sage,0.04309967434666792,20,1.1845383241700216
cantho,Vietnam,114.0,178.0,33,spatial_cluster,spectral,0.49357269252964403,20,1.1845383241700216
cantho,Vietnam,114.0,178.0,33,spatial_cluster,spectral_second_order,0.48789725610617873,20,1.1845383241700216
cantho,Vietnam,114.0,178.0,33,targeted,direct_edge_mpnn,0.1712185082513699,20,1.1845383241700216
cantho,Vietnam,114.0,178.0,33,targeted,direct_full,0.07787614915482857,20,1.1845383241700216
cantho,Vietnam,114.0,178.0,33,targeted,direct_sage,0.07589266705232099,20,1.1845383241700216
cantho,Vietnam,114.0,178.0,33,targeted,residual_edge_mpnn,0.06285723548483933,20,1.1845383241700216
cantho,Vietnam,114.0,178.0,33,targeted,residual_full,0.05943773764785711,20,1.1845383241700216
cantho,Vietnam,114.0,178.0,33,targeted,residual_sage,0.05367251304111824,20,1.1845383241700216
cantho,Vietnam,114.0,178.0,33,targeted,spectral,0.12952823572070302,20,1.1845383241700216
cantho,Vietnam,114.0,178.0,33,targeted,spectral_second_order,0.12465921572036498,20,1.1845383241700216
cantho,Vietnam,114.0,178.0,44,independent,direct_edge_mpnn,0.04127519266688046,20,1.1845383241700216
cantho,Vietnam,114.0,178.0,44,independent,direct_full,0.03719252259150911,20,1.1845383241700216
cantho,Vietnam,114.0,178.0,44,independent,direct_sage,0.062058006039932966,20,1.1845383241700216
cantho,Vietnam,114.0,178.0,44,independent,residual_edge_mpnn,0.009560238691317802,20,1.1845383241700216
cantho,Vietnam,114.0,178.0,44,independent,residual_full,0.013207600844057029,20,1.1845383241700216
cantho,Vietnam,114.0,178.0,44,independent,residual_sage,0.02106638104408437,20,1.1845383241700216
cantho,Vietnam,114.0,178.0,44,independent,spectral,0.46682711793713816,20,1.1845383241700216
cantho,Vietnam,114.0,178.0,44,independent,spectral_second_order,0.46443435540390476,20,1.1845383241700216
cantho,Vietnam,114.0,178.0,44,spatial_cluster,direct_edge_mpnn,0.220862290523834,20,1.1845383241700216
cantho,Vietnam,114.0,178.0,44,spatial_cluster,direct_full,0.12507889591696725,20,1.1845383241700216
cantho,Vietnam,114.0,178.0,44,spatial_cluster,direct_sage,0.11135202892588594,20,1.1845383241700216
cantho,Vietnam,114.0,178.0,44,spatial_cluster,residual_edge_mpnn,0.09449309568108147,20,1.1845383241700216
cantho,Vietnam,114.0,178.0,44,spatial_cluster,residual_full,0.12462484730185994,20,1.1845383241700216
cantho,Vietnam,114.0,178.0,44,spatial_cluster,residual_sage,0.1300550393247805,20,1.1845383241700216
cantho,Vietnam,114.0,178.0,44,spatial_cluster,spectral,0.5668571306841754,20,1.1845383241700216
cantho,Vietnam,114.0,178.0,44,spatial_cluster,spectral_second_order,0.5609727394347345,20,1.1845383241700216
cantho,Vietnam,114.0,178.0,44,targeted,direct_edge_mpnn,0.09794905986807852,20,1.1845383241700216
cantho,Vietnam,114.0,178.0,44,targeted,direct_full,0.09404582470176732,20,1.1845383241700216
cantho,Vietnam,114.0,178.0,44,targeted,direct_sage,0.09630629969549807,20,1.1845383241700216
cantho,Vietnam,114.0,178.0,44,targeted,residual_edge_mpnn,0.07427086185338523,20,1.1845383241700216
cantho,Vietnam,114.0,178.0,44,targeted,residual_full,0.07374282631136034,20,1.1845383241700216
cantho,Vietnam,114.0,178.0,44,targeted,residual_sage,0.07800435118876678,20,1.1845383241700216
cantho,Vietnam,114.0,178.0,44,targeted,spectral,0.28519337477804385,20,1.1845383241700216
cantho,Vietnam,114.0,178.0,44,targeted,spectral_second_order,0.2792634551182535,20,1.1845383241700216
cantho,Vietnam,114.0,178.0,55,independent,direct_edge_mpnn,0.06351639802172673,20,1.1845383241700216
cantho,Vietnam,114.0,178.0,55,independent,direct_full,0.04479548619610283,20,1.1845383241700216
cantho,Vietnam,114.0,178.0,55,independent,direct_sage,0.0486594676096718,20,1.1845383241700216
cantho,Vietnam,114.0,178.0,55,independent,residual_edge_mpnn,0.27170006018861553,20,1.1845383241700216
cantho,Vietnam,114.0,178.0,55,independent,residual_full,0.034487435177885016,20,1.1845383241700216
cantho,Vietnam,114.0,178.0,55,independent,residual_sage,0.035843653892093,20,1.1845383241700216
cantho,Vietnam,114.0,178.0,55,independent,spectral,0.24780740565806214,20,1.1845383241700216
cantho,Vietnam,114.0,178.0,55,independent,spectral_second_order,0.24503931879175794,20,1.1845383241700216
cantho,Vietnam,114.0,178.0,55,spatial_cluster,direct_edge_mpnn,0.2032626303330817,20,1.1845383241700216
cantho,Vietnam,114.0,178.0,55,spatial_cluster,direct_full,0.241931290519326,20,1.1845383241700216
cantho,Vietnam,114.0,178.0,55,spatial_cluster,direct_sage,0.18397677425750997,20,1.1845383241700216
cantho,Vietnam,114.0,178.0,55,spatial_cluster,residual_edge_mpnn,0.6691285544533727,20,1.1845383241700216
cantho,Vietnam,114.0,178.0,55,spatial_cluster,residual_full,0.059357614181201945,20,1.1845383241700216
cantho,Vietnam,114.0,178.0,55,spatial_cluster,residual_sage,0.10382858394221528,20,1.1845383241700216
cantho,Vietnam,114.0,178.0,55,spatial_cluster,spectral,0.6460035939537063,20,1.1845383241700216
cantho,Vietnam,114.0,178.0,55,spatial_cluster,spectral_second_order,0.6408863166532353,20,1.1845383241700216
cantho,Vietnam,114.0,178.0,55,targeted,direct_edge_mpnn,0.06625978877102365,20,1.1845383241700216
cantho,Vietnam,114.0,178.0,55,targeted,direct_full,0.05770195610405243,20,1.1845383241700216
cantho,Vietnam,114.0,178.0,55,targeted,direct_sage,0.0637443634592179,20,1.1845383241700216
cantho,Vietnam,114.0,178.0,55,targeted,residual_edge_mpnn,0.293818325724771,20,1.1845383241700216
cantho,Vietnam,114.0,178.0,55,targeted,residual_full,0.03267550264750145,20,1.1845383241700216
cantho,Vietnam,114.0,178.0,55,targeted,residual_sage,0.028168422973570445,20,1.1845383241700216
cantho,Vietnam,114.0,178.0,55,targeted,spectral,0.24061099518448587,20,1.1845383241700216
cantho,Vietnam,114.0,178.0,55,targeted,spectral_second_order,0.23607612746592072,20,1.1845383241700216
chiang_mai,Thailand,1259.0,1661.0,11,independent,direct_edge_mpnn,0.06743594663635041,20,0.4949533208801417
chiang_mai,Thailand,1259.0,1661.0,11,independent,direct_full,0.11119547164485002,20,0.4949533208801417
chiang_mai,Thailand,1259.0,1661.0,11,independent,direct_sage,0.11306396792128826,20,0.4949533208801417
chiang_mai,Thailand,1259.0,1661.0,11,independent,residual_edge_mpnn,0.08800977910005522,20,0.4949533208801417
chiang_mai,Thailand,1259.0,1661.0,11,independent,residual_full,0.10958065025770194,20,0.4949533208801417
chiang_mai,Thailand,1259.0,1661.0,11,independent,residual_sage,0.10446835492822566,20,0.4949533208801417
chiang_mai,Thailand,1259.0,1661.0,11,independent,spectral,0.6584418135702207,20,0.4949533208801417
chiang_mai,Thailand,1259.0,1661.0,11,independent,spectral_second_order,0.6553086868791154,20,0.4949533208801417
chiang_mai,Thailand,1259.0,1661.0,11,spatial_cluster,direct_edge_mpnn,0.04643600030667077,20,0.4949533208801417
chiang_mai,Thailand,1259.0,1661.0,11,spatial_cluster,direct_full,0.06479717238671076,20,0.4949533208801417
chiang_mai,Thailand,1259.0,1661.0,11,spatial_cluster,direct_sage,0.15872233926183474,20,0.4949533208801417
chiang_mai,Thailand,1259.0,1661.0,11,spatial_cluster,residual_edge_mpnn,0.03937331076576302,20,0.4949533208801417
chiang_mai,Thailand,1259.0,1661.0,11,spatial_cluster,residual_full,0.04183691975795735,20,0.4949533208801417
chiang_mai,Thailand,1259.0,1661.0,11,spatial_cluster,residual_sage,0.1118974850805949,20,0.4949533208801417
chiang_mai,Thailand,1259.0,1661.0,11,spatial_cluster,spectral,0.7998130270872428,20,0.4949533208801417
chiang_mai,Thailand,1259.0,1661.0,11,spatial_cluster,spectral_second_order,0.7997970843149392,20,0.4949533208801417
chiang_mai,Thailand,1259.0,1661.0,11,targeted,direct_edge_mpnn,0.2562016795391157,20,0.4949533208801417
chiang_mai,Thailand,1259.0,1661.0,11,targeted,direct_full,0.24220433675787723,20,0.4949533208801417
chiang_mai,Thailand,1259.0,1661.0,11,targeted,direct_sage,0.25151581552914654,20,0.4949533208801417
chiang_mai,Thailand,1259.0,1661.0,11,targeted,residual_edge_mpnn,0.2472876935155835,20,0.4949533208801417
chiang_mai,Thailand,1259.0,1661.0,11,targeted,residual_full,0.255338182684424,20,0.4949533208801417
chiang_mai,Thailand,1259.0,1661.0,11,targeted,residual_sage,0.2491590326884004,20,0.4949533208801417
chiang_mai,Thailand,1259.0,1661.0,11,targeted,spectral,0.35727364585083643,20,0.4949533208801417
chiang_mai,Thailand,1259.0,1661.0,11,targeted,spectral_second_order,0.3569095998735533,20,0.4949533208801417
chiang_mai,Thailand,1259.0,1661.0,22,independent,direct_edge_mpnn,0.19922747354356443,20,0.4949533208801417
chiang_mai,Thailand,1259.0,1661.0,22,independent,direct_full,0.06874829273072872,20,0.4949533208801417
chiang_mai,Thailand,1259.0,1661.0,22,independent,direct_sage,0.06413971803484354,20,0.4949533208801417
chiang_mai,Thailand,1259.0,1661.0,22,independent,residual_edge_mpnn,0.06972049570975695,20,0.4949533208801417
chiang_mai,Thailand,1259.0,1661.0,22,independent,residual_full,0.051118781758864765,20,0.4949533208801417
chiang_mai,Thailand,1259.0,1661.0,22,independent,residual_sage,0.051103188846187086,20,0.4949533208801417
chiang_mai,Thailand,1259.0,1661.0,22,independent,spectral,0.6502246453929232,20,0.4949533208801417
chiang_mai,Thailand,1259.0,1661.0,22,independent,spectral_second_order,0.6502133411910915,20,0.4949533208801417
chiang_mai,Thailand,1259.0,1661.0,22,spatial_cluster,direct_edge_mpnn,0.19888646216952607,20,0.4949533208801417
chiang_mai,Thailand,1259.0,1661.0,22,spatial_cluster,direct_full,0.05540136458241744,20,0.4949533208801417
chiang_mai,Thailand,1259.0,1661.0,22,spatial_cluster,direct_sage,0.01123305657768055,20,0.4949533208801417
chiang_mai,Thailand,1259.0,1661.0,22,spatial_cluster,residual_edge_mpnn,0.0275977404955288,20,0.4949533208801417
chiang_mai,Thailand,1259.0,1661.0,22,spatial_cluster,residual_full,0.02267798059438846,20,0.4949533208801417
chiang_mai,Thailand,1259.0,1661.0,22,spatial_cluster,residual_sage,0.000510428232314135,20,0.4949533208801417
chiang_mai,Thailand,1259.0,1661.0,22,spatial_cluster,spectral,0.7984718554460953,20,0.4949533208801417
chiang_mai,Thailand,1259.0,1661.0,22,spatial_cluster,spectral_second_order,0.7983008559332536,20,0.4949533208801417
chiang_mai,Thailand,1259.0,1661.0,22,targeted,direct_edge_mpnn,0.39723594767160364,20,0.4949533208801417
chiang_mai,Thailand,1259.0,1661.0,22,targeted,direct_full,0.12498563380388054,20,0.4949533208801417
chiang_mai,Thailand,1259.0,1661.0,22,targeted,direct_sage,0.11989926309636678,20,0.4949533208801417
chiang_mai,Thailand,1259.0,1661.0,22,targeted,residual_edge_mpnn,0.11223298225799509,20,0.4949533208801417
chiang_mai,Thailand,1259.0,1661.0,22,targeted,residual_full,0.12084842341833164,20,0.4949533208801417
chiang_mai,Thailand,1259.0,1661.0,22,targeted,residual_sage,0.1164603207853844,20,0.4949533208801417
chiang_mai,Thailand,1259.0,1661.0,22,targeted,spectral,0.26419387068381744,20,0.4949533208801417
chiang_mai,Thailand,1259.0,1661.0,22,targeted,spectral_second_order,0.2639628323227333,20,0.4949533208801417
chiang_mai,Thailand,1259.0,1661.0,33,independent,direct_edge_mpnn,0.6027981847665382,20,0.4949533208801417
chiang_mai,Thailand,1259.0,1661.0,33,independent,direct_full,0.05719281377726064,20,0.4949533208801417
chiang_mai,Thailand,1259.0,1661.0,33,independent,direct_sage,0.058918868645449186,20,0.4949533208801417
chiang_mai,Thailand,1259.0,1661.0,33,independent,residual_edge_mpnn,0.20429330783420072,20,0.4949533208801417
chiang_mai,Thailand,1259.0,1661.0,33,independent,residual_full,0.05279818476653825,20,0.4949533208801417
chiang_mai,Thailand,1259.0,1661.0,33,independent,residual_sage,0.05279822648978959,20,0.4949533208801417
chiang_mai,Thailand,1259.0,1661.0,33,independent,spectral,0.601643164504979,20,0.4949533208801417
chiang_mai,Thailand,1259.0,1661.0,33,independent,spectral_second_order,0.6016250442785978,20,0.4949533208801417
chiang_mai,Thailand,1259.0,1661.0,33,spatial_cluster,direct_edge_mpnn,0.45175876787418856,20,0.4949533208801417
chiang_mai,Thailand,1259.0,1661.0,33,spatial_cluster,direct_full,0.029439738741867387,20,0.4949533208801417
chiang_mai,Thailand,1259.0,1661.0,33,spatial_cluster,direct_sage,0.01578500473385317,20,0.4949533208801417
chiang_mai,Thailand,1259.0,1661.0,33,spatial_cluster,residual_edge_mpnn,0.07679564279948933,20,0.4949533208801417
chiang_mai,Thailand,1259.0,1661.0,33,spatial_cluster,residual_full,0.0017587678741885608,20,0.4949533208801417
chiang_mai,Thailand,1259.0,1661.0,33,spatial_cluster,residual_sage,0.0017587678741885608,20,0.4949533208801417
chiang_mai,Thailand,1259.0,1661.0,33,spatial_cluster,spectral,0.4510243254895513,20,0.4949533208801417
chiang_mai,Thailand,1259.0,1661.0,33,spatial_cluster,spectral_second_order,0.45100211410278357,20,0.4949533208801417
chiang_mai,Thailand,1259.0,1661.0,33,targeted,direct_edge_mpnn,0.16511577131252733,20,0.4949533208801417
chiang_mai,Thailand,1259.0,1661.0,33,targeted,direct_full,0.07394086846639683,20,0.4949533208801417
chiang_mai,Thailand,1259.0,1661.0,33,targeted,direct_sage,0.06907708549318722,20,0.4949533208801417
chiang_mai,Thailand,1259.0,1661.0,33,targeted,residual_edge_mpnn,0.10790239790428431,20,0.4949533208801417
chiang_mai,Thailand,1259.0,1661.0,33,targeted,residual_full,0.06498534317154434,20,0.4949533208801417
chiang_mai,Thailand,1259.0,1661.0,33,targeted,residual_sage,0.06469574124578384,20,0.4949533208801417
chiang_mai,Thailand,1259.0,1661.0,33,targeted,spectral,0.1596138057511749,20,0.4949533208801417
chiang_mai,Thailand,1259.0,1661.0,33,targeted,spectral_second_order,0.15935515163581687,20,0.4949533208801417
chiang_mai,Thailand,1259.0,1661.0,44,independent,direct_edge_mpnn,0.06360456821808841,20,0.4949533208801417
chiang_mai,Thailand,1259.0,1661.0,44,independent,direct_full,0.010402852984570032,20,0.4949533208801417
chiang_mai,Thailand,1259.0,1661.0,44,independent,direct_sage,0.028949700010216517,20,0.4949533208801417
chiang_mai,Thailand,1259.0,1661.0,44,independent,residual_edge_mpnn,0.005127908884041043,20,0.4949533208801417
chiang_mai,Thailand,1259.0,1661.0,44,independent,residual_full,0.00507556936403485,20,0.4949533208801417
chiang_mai,Thailand,1259.0,1661.0,44,independent,residual_sage,0.011376907246612075,20,0.4949533208801417
chiang_mai,Thailand,1259.0,1661.0,44,independent,spectral,0.60140359846103,20,0.4949533208801417
chiang_mai,Thailand,1259.0,1661.0,44,independent,spectral_second_order,0.6012994731588597,20,0.4949533208801417
chiang_mai,Thailand,1259.0,1661.0,44,spatial_cluster,direct_edge_mpnn,0.1939351340997051,20,0.4949533208801417
chiang_mai,Thailand,1259.0,1661.0,44,spatial_cluster,direct_full,0.14665263319189215,20,0.4949533208801417
chiang_mai,Thailand,1259.0,1661.0,44,spatial_cluster,direct_sage,0.09614667634098037,20,0.4949533208801417
chiang_mai,Thailand,1259.0,1661.0,44,spatial_cluster,residual_edge_mpnn,0.06423328291425968,20,0.4949533208801417
chiang_mai,Thailand,1259.0,1661.0,44,spatial_cluster,residual_full,0.09991582033606065,20,0.4949533208801417
chiang_mai,Thailand,1259.0,1661.0,44,spatial_cluster,residual_sage,0.16655531707952287,20,0.4949533208801417
chiang_mai,Thailand,1259.0,1661.0,44,spatial_cluster,spectral,0.6987426282696088,20,0.4949533208801417
chiang_mai,Thailand,1259.0,1661.0,44,spatial_cluster,spectral_second_order,0.6986101755150209,20,0.4949533208801417
chiang_mai,Thailand,1259.0,1661.0,44,targeted,direct_edge_mpnn,0.1750047539161485,20,0.4949533208801417
chiang_mai,Thailand,1259.0,1661.0,44,targeted,direct_full,0.20931331413234555,20,0.4949533208801417
chiang_mai,Thailand,1259.0,1661.0,44,targeted,direct_sage,0.22270322377617452,20,0.4949533208801417
chiang_mai,Thailand,1259.0,1661.0,44,targeted,residual_edge_mpnn,0.17877181429960895,20,0.4949533208801417
chiang_mai,Thailand,1259.0,1661.0,44,targeted,residual_full,0.2089438984977227,20,0.4949533208801417
chiang_mai,Thailand,1259.0,1661.0,44,targeted,residual_sage,0.18569616934740085,20,0.4949533208801417
chiang_mai,Thailand,1259.0,1661.0,44,targeted,spectral,0.3032751475305312,20,0.4949533208801417
chiang_mai,Thailand,1259.0,1661.0,44,targeted,spectral_second_order,0.297128106356431,20,0.4949533208801417
chiang_mai,Thailand,1259.0,1661.0,55,independent,direct_edge_mpnn,0.10351388279063933,20,0.4949533208801417
chiang_mai,Thailand,1259.0,1661.0,55,independent,direct_full,0.10410578261776202,20,0.4949533208801417
chiang_mai,Thailand,1259.0,1661.0,55,independent,direct_sage,0.10462038058582937,20,0.4949533208801417
chiang_mai,Thailand,1259.0,1661.0,55,independent,residual_edge_mpnn,0.7060733636771434,20,0.4949533208801417
chiang_mai,Thailand,1259.0,1661.0,55,independent,residual_full,0.10570851291298052,20,0.4949533208801417
chiang_mai,Thailand,1259.0,1661.0,55,independent,residual_sage,0.10462622374355443,20,0.4949533208801417
chiang_mai,Thailand,1259.0,1661.0,55,independent,spectral,0.7036123690448256,20,0.4949533208801417
chiang_mai,Thailand,1259.0,1661.0,55,independent,spectral_second_order,0.7035399769076064,20,0.4949533208801417
chiang_mai,Thailand,1259.0,1661.0,55,spatial_cluster,direct_edge_mpnn,0.1738022988971848,20,0.4949533208801417
chiang_mai,Thailand,1259.0,1661.0,55,spatial_cluster,direct_full,0.24711646688036798,20,0.4949533208801417
chiang_mai,Thailand,1259.0,1661.0,55,spatial_cluster,direct_sage,0.20524399870872675,20,0.4949533208801417
chiang_mai,Thailand,1259.0,1661.0,55,spatial_cluster,residual_edge_mpnn,0.851651584372617,20,0.4949533208801417
chiang_mai,Thailand,1259.0,1661.0,55,spatial_cluster,residual_full,0.060585164294339335,20,0.4949533208801417
chiang_mai,Thailand,1259.0,1661.0,55,spatial_cluster,residual_sage,0.09154448682488278,20,0.4949533208801417
chiang_mai,Thailand,1259.0,1661.0,55,spatial_cluster,spectral,0.8488025478171469,20,0.4949533208801417
chiang_mai,Thailand,1259.0,1661.0,55,spatial_cluster,spectral_second_order,0.8485546532368942,20,0.4949533208801417
chiang_mai,Thailand,1259.0,1661.0,55,targeted,direct_edge_mpnn,0.08588224639472893,20,0.4949533208801417
chiang_mai,Thailand,1259.0,1661.0,55,targeted,direct_full,0.0895473186219442,20,0.4949533208801417
chiang_mai,Thailand,1259.0,1661.0,55,targeted,direct_sage,0.0905495792184535,20,0.4949533208801417
chiang_mai,Thailand,1259.0,1661.0,55,targeted,residual_edge_mpnn,0.14592058531959765,20,0.4949533208801417
chiang_mai,Thailand,1259.0,1661.0,55,targeted,residual_full,0.09248136362546347,20,0.4949533208801417
chiang_mai,Thailand,1259.0,1661.0,55,targeted,residual_sage,0.08836830492034782,20,0.4949533208801417
chiang_mai,Thailand,1259.0,1661.0,55,targeted,spectral,0.13771544739282768,20,0.4949533208801417
chiang_mai,Thailand,1259.0,1661.0,55,targeted,spectral_second_order,0.13745427161473606,20,0.4949533208801417
dalat,Vietnam,48.0,55.0,11,independent,direct_edge_mpnn,0.30420594089549763,20,0.9756032890851764
dalat,Vietnam,48.0,55.0,11,independent,direct_full,0.3347967397875784,20,0.9756032890851764
dalat,Vietnam,48.0,55.0,11,independent,direct_sage,0.3349412202733656,20,0.9756032890851764
dalat,Vietnam,48.0,55.0,11,independent,residual_edge_mpnn,0.2817148698948024,20,0.9756032890851764
dalat,Vietnam,48.0,55.0,11,independent,residual_full,0.32020596065443735,20,0.9756032890851764
dalat,Vietnam,48.0,55.0,11,independent,residual_sage,0.32781230737340433,20,0.9756032890851764
dalat,Vietnam,48.0,55.0,11,independent,spectral,0.7596531756798961,20,0.9756032890851764
dalat,Vietnam,48.0,55.0,11,independent,spectral_second_order,0.7275958811394563,20,0.9756032890851764
dalat,Vietnam,48.0,55.0,11,spatial_cluster,direct_edge_mpnn,0.2453580913576162,20,0.9756032890851764
dalat,Vietnam,48.0,55.0,11,spatial_cluster,direct_full,0.2237496113341062,20,0.9756032890851764
dalat,Vietnam,48.0,55.0,11,spatial_cluster,direct_sage,0.20966639369090484,20,0.9756032890851764
dalat,Vietnam,48.0,55.0,11,spatial_cluster,residual_edge_mpnn,0.22752167335477233,20,0.9756032890851764
dalat,Vietnam,48.0,55.0,11,spatial_cluster,residual_full,0.22998294713672757,20,0.9756032890851764
dalat,Vietnam,48.0,55.0,11,spatial_cluster,residual_sage,0.23666202532824637,20,0.9756032890851764
dalat,Vietnam,48.0,55.0,11,spatial_cluster,spectral,0.8646850399507537,20,0.9756032890851764
dalat,Vietnam,48.0,55.0,11,spatial_cluster,spectral_second_order,0.8415660205417004,20,0.9756032890851764
dalat,Vietnam,48.0,55.0,11,targeted,direct_edge_mpnn,0.3382838499220177,20,0.9756032890851764
dalat,Vietnam,48.0,55.0,11,targeted,direct_full,0.47215875670780394,20,0.9756032890851764
dalat,Vietnam,48.0,55.0,11,targeted,direct_sage,0.45796139207203834,20,0.9756032890851764
dalat,Vietnam,48.0,55.0,11,targeted,residual_edge_mpnn,0.31266280007083863,20,0.9756032890851764
dalat,Vietnam,48.0,55.0,11,targeted,residual_full,0.3697081892239019,20,0.9756032890851764
dalat,Vietnam,48.0,55.0,11,targeted,residual_sage,0.39858626783360684,20,0.9756032890851764
dalat,Vietnam,48.0,55.0,11,targeted,spectral,0.8741574237733838,20,0.9756032890851764
dalat,Vietnam,48.0,55.0,11,targeted,spectral_second_order,0.8347036262707089,20,0.9756032890851764
dalat,Vietnam,48.0,55.0,22,independent,direct_edge_mpnn,0.04922947939465189,20,0.9756032890851764
dalat,Vietnam,48.0,55.0,22,independent,direct_full,0.08380890091491335,20,0.9756032890851764
dalat,Vietnam,48.0,55.0,22,independent,direct_sage,0.10339971867931474,20,0.9756032890851764
dalat,Vietnam,48.0,55.0,22,independent,residual_edge_mpnn,0.0524302344593842,20,0.9756032890851764
dalat,Vietnam,48.0,55.0,22,independent,residual_full,0.0976866621056422,20,0.9756032890851764
dalat,Vietnam,48.0,55.0,22,independent,residual_sage,0.08151282309534394,20,0.9756032890851764
dalat,Vietnam,48.0,55.0,22,independent,spectral,0.7978189544159957,20,0.9756032890851764
dalat,Vietnam,48.0,55.0,22,independent,spectral_second_order,0.7803568604947851,20,0.9756032890851764
dalat,Vietnam,48.0,55.0,22,spatial_cluster,direct_edge_mpnn,0.15297413323804399,20,0.9756032890851764
dalat,Vietnam,48.0,55.0,22,spatial_cluster,direct_full,0.1516525124259967,20,0.9756032890851764
dalat,Vietnam,48.0,55.0,22,spatial_cluster,direct_sage,0.214451263199069,20,0.9756032890851764
dalat,Vietnam,48.0,55.0,22,spatial_cluster,residual_edge_mpnn,0.17380964173922736,20,0.9756032890851764
dalat,Vietnam,48.0,55.0,22,spatial_cluster,residual_full,0.2066226218587893,20,0.9756032890851764
dalat,Vietnam,48.0,55.0,22,spatial_cluster,residual_sage,0.22162573930447066,20,0.9756032890851764
dalat,Vietnam,48.0,55.0,22,spatial_cluster,spectral,0.7028328630724616,20,0.9756032890851764
dalat,Vietnam,48.0,55.0,22,spatial_cluster,spectral_second_order,0.6774296552375467,20,0.9756032890851764
dalat,Vietnam,48.0,55.0,22,targeted,direct_edge_mpnn,0.4156241689449214,20,0.9756032890851764
dalat,Vietnam,48.0,55.0,22,targeted,direct_full,0.4323226843686899,20,0.9756032890851764
dalat,Vietnam,48.0,55.0,22,targeted,direct_sage,0.5646087788703045,20,0.9756032890851764
dalat,Vietnam,48.0,55.0,22,targeted,residual_edge_mpnn,0.4129185844870409,20,0.9756032890851764
dalat,Vietnam,48.0,55.0,22,targeted,residual_full,0.47048500279953087,20,0.9756032890851764
dalat,Vietnam,48.0,55.0,22,targeted,residual_sage,0.4792944811010858,20,0.9756032890851764
dalat,Vietnam,48.0,55.0,22,targeted,spectral,0.7726231478072436,20,0.9756032890851764
dalat,Vietnam,48.0,55.0,22,targeted,spectral_second_order,0.744745561591192,20,0.9756032890851764
dalat,Vietnam,48.0,55.0,33,independent,direct_edge_mpnn,0.9200618127788515,20,0.9756032890851764
dalat,Vietnam,48.0,55.0,33,independent,direct_full,0.30474319892230434,20,0.9756032890851764
dalat,Vietnam,48.0,55.0,33,independent,direct_sage,0.3021304417982976,20,0.9756032890851764
dalat,Vietnam,48.0,55.0,33,independent,residual_edge_mpnn,0.40427968489232463,20,0.9756032890851764
dalat,Vietnam,48.0,55.0,33,independent,residual_full,0.29608705350457276,20,0.9756032890851764
dalat,Vietnam,48.0,55.0,33,independent,residual_sage,0.31034471780288025,20,0.9756032890851764
dalat,Vietnam,48.0,55.0,33,independent,spectral,0.868819955068993,20,0.9756032890851764
dalat,Vietnam,48.0,55.0,33,independent,spectral_second_order,0.8463144676736212,20,0.9756032890851764
dalat,Vietnam,48.0,55.0,33,spatial_cluster,direct_edge_mpnn,0.8802602647868788,20,0.9756032890851764
dalat,Vietnam,48.0,55.0,33,spatial_cluster,direct_full,0.2051596277848687,20,0.9756032890851764
dalat,Vietnam,48.0,55.0,33,spatial_cluster,direct_sage,0.20181805045208373,20,0.9756032890851764
dalat,Vietnam,48.0,55.0,33,spatial_cluster,residual_edge_mpnn,0.2707712560971681,20,0.9756032890851764
dalat,Vietnam,48.0,55.0,33,spatial_cluster,residual_full,0.19758714265840308,20,0.9756032890851764
dalat,Vietnam,48.0,55.0,33,spatial_cluster,residual_sage,0.2532123311502341,20,0.9756032890851764
dalat,Vietnam,48.0,55.0,33,spatial_cluster,spectral,0.8288053964299303,20,0.9756032890851764
dalat,Vietnam,48.0,55.0,33,spatial_cluster,spectral_second_order,0.802033939599194,20,0.9756032890851764
dalat,Vietnam,48.0,55.0,33,targeted,direct_edge_mpnn,0.8401109983378289,20,0.9756032890851764
dalat,Vietnam,48.0,55.0,33,targeted,direct_full,0.4263045923571488,20,0.9756032890851764
dalat,Vietnam,48.0,55.0,33,targeted,direct_sage,0.4047547432436738,20,0.9756032890851764
dalat,Vietnam,48.0,55.0,33,targeted,residual_edge_mpnn,0.3634403391583953,20,0.9756032890851764
dalat,Vietnam,48.0,55.0,33,targeted,residual_full,0.35893361051709916,20,0.9756032890851764
dalat,Vietnam,48.0,55.0,33,targeted,residual_sage,0.38866455739654043,20,0.9756032890851764
dalat,Vietnam,48.0,55.0,33,targeted,spectral,0.7253929572909342,20,0.9756032890851764
dalat,Vietnam,48.0,55.0,33,targeted,spectral_second_order,0.6764783822889393,20,0.9756032890851764
dalat,Vietnam,48.0,55.0,44,independent,direct_edge_mpnn,0.25572893911105027,20,0.9756032890851764
dalat,Vietnam,48.0,55.0,44,independent,direct_full,0.2561451257799594,20,0.9756032890851764
dalat,Vietnam,48.0,55.0,44,independent,direct_sage,0.2314758414064376,20,0.9756032890851764
dalat,Vietnam,48.0,55.0,44,independent,residual_edge_mpnn,0.24721007443096865,20,0.9756032890851764
dalat,Vietnam,48.0,55.0,44,independent,residual_full,0.24869803368501803,20,0.9756032890851764
dalat,Vietnam,48.0,55.0,44,independent,residual_sage,0.24283348076388522,20,0.9756032890851764
dalat,Vietnam,48.0,55.0,44,independent,spectral,0.7947977279338152,20,0.9756032890851764
dalat,Vietnam,48.0,55.0,44,independent,spectral_second_order,0.7777936787679531,20,0.9756032890851764
dalat,Vietnam,48.0,55.0,44,spatial_cluster,direct_edge_mpnn,0.21680355539694238,20,0.9756032890851764
dalat,Vietnam,48.0,55.0,44,spatial_cluster,direct_full,0.16693346107211507,20,0.9756032890851764
dalat,Vietnam,48.0,55.0,44,spatial_cluster,direct_sage,0.1390521601094399,20,0.9756032890851764
dalat,Vietnam,48.0,55.0,44,spatial_cluster,residual_edge_mpnn,0.14662083249687954,20,0.9756032890851764
dalat,Vietnam,48.0,55.0,44,spatial_cluster,residual_full,0.15092174743345438,20,0.9756032890851764
dalat,Vietnam,48.0,55.0,44,spatial_cluster,residual_sage,0.19587844906207713,20,0.9756032890851764
dalat,Vietnam,48.0,55.0,44,spatial_cluster,spectral,0.7494006409841185,20,0.9756032890851764
dalat,Vietnam,48.0,55.0,44,spatial_cluster,spectral_second_order,0.7337496242416521,20,0.9756032890851764
dalat,Vietnam,48.0,55.0,44,targeted,direct_edge_mpnn,0.4197142846384264,20,0.9756032890851764
dalat,Vietnam,48.0,55.0,44,targeted,direct_full,0.3970200572354846,20,0.9756032890851764
dalat,Vietnam,48.0,55.0,44,targeted,direct_sage,0.36548112805027927,20,0.9756032890851764
dalat,Vietnam,48.0,55.0,44,targeted,residual_edge_mpnn,0.3433055266239859,20,0.9756032890851764
dalat,Vietnam,48.0,55.0,44,targeted,residual_full,0.34710391724327366,20,0.9756032890851764
dalat,Vietnam,48.0,55.0,44,targeted,residual_sage,0.35147522086504945,20,0.9756032890851764
dalat,Vietnam,48.0,55.0,44,targeted,spectral,0.5903380431121473,20,0.9756032890851764
dalat,Vietnam,48.0,55.0,44,targeted,spectral_second_order,0.5478865502720319,20,0.9756032890851764
dalat,Vietnam,48.0,55.0,55,independent,direct_edge_mpnn,0.20413738082254068,20,0.9756032890851764
dalat,Vietnam,48.0,55.0,55,independent,direct_full,0.21999967704864304,20,0.9756032890851764
dalat,Vietnam,48.0,55.0,55,independent,direct_sage,0.2382832664978749,20,0.9756032890851764
dalat,Vietnam,48.0,55.0,55,independent,residual_edge_mpnn,0.7949983786090513,20,0.9756032890851764
dalat,Vietnam,48.0,55.0,55,independent,residual_full,0.2261036003152494,20,0.9756032890851764
dalat,Vietnam,48.0,55.0,55,independent,residual_sage,0.2246395351347572,20,0.9756032890851764
dalat,Vietnam,48.0,55.0,55,independent,spectral,0.728722721430969,20,0.9756032890851764
dalat,Vietnam,48.0,55.0,55,independent,spectral_second_order,0.7063731802363696,20,0.9756032890851764
dalat,Vietnam,48.0,55.0,55,spatial_cluster,direct_edge_mpnn,0.16654319699182724,20,0.9756032890851764
dalat,Vietnam,48.0,55.0,55,spatial_cluster,direct_full,0.12781987908536277,20,0.9756032890851764
dalat,Vietnam,48.0,55.0,55,spatial_cluster,direct_sage,0.09236734110334524,20,0.9756032890851764
dalat,Vietnam,48.0,55.0,55,spatial_cluster,residual_edge_mpnn,0.687933044901172,20,0.9756032890851764
dalat,Vietnam,48.0,55.0,55,spatial_cluster,residual_full,0.08262668188133845,20,0.9756032890851764
dalat,Vietnam,48.0,55.0,55,spatial_cluster,residual_sage,0.09660537402549395,20,0.9756032890851764
dalat,Vietnam,48.0,55.0,55,spatial_cluster,spectral,0.6427308238850566,20,0.9756032890851764
dalat,Vietnam,48.0,55.0,55,spatial_cluster,spectral_second_order,0.6182177737761746,20,0.9756032890851764
dalat,Vietnam,48.0,55.0,55,targeted,direct_edge_mpnn,0.34892452636115223,20,0.9756032890851764
dalat,Vietnam,48.0,55.0,55,targeted,direct_full,0.3423382343881103,20,0.9756032890851764
dalat,Vietnam,48.0,55.0,55,targeted,direct_sage,0.3653802953817221,20,0.9756032890851764
dalat,Vietnam,48.0,55.0,55,targeted,residual_edge_mpnn,0.8760058632140566,20,0.9756032890851764
dalat,Vietnam,48.0,55.0,55,targeted,residual_full,0.3461476706125113,20,0.9756032890851764
dalat,Vietnam,48.0,55.0,55,targeted,residual_sage,0.3441653737955066,20,0.9756032890851764
dalat,Vietnam,48.0,55.0,55,targeted,spectral,0.7908966887396408,20,0.9756032890851764
dalat,Vietnam,48.0,55.0,55,targeted,spectral_second_order,0.7618827541144207,20,0.9756032890851764
danang,Vietnam,142.0,203.0,11,independent,direct_edge_mpnn,0.08982356541693275,20,0.2642356291819318
danang,Vietnam,142.0,203.0,11,independent,direct_full,0.04086236382954321,20,0.2642356291819318
danang,Vietnam,142.0,203.0,11,independent,direct_sage,0.057242901631162524,20,0.2642356291819318
danang,Vietnam,142.0,203.0,11,independent,residual_edge_mpnn,0.09783417343347225,20,0.2642356291819318
danang,Vietnam,142.0,203.0,11,independent,residual_full,0.044892221875237406,20,0.2642356291819318
danang,Vietnam,142.0,203.0,11,independent,residual_sage,0.04789073543244807,20,0.2642356291819318
danang,Vietnam,142.0,203.0,11,independent,spectral,0.6081337932643452,20,0.2642356291819318
danang,Vietnam,142.0,203.0,11,independent,spectral_second_order,0.6055716134469882,20,0.2642356291819318
danang,Vietnam,142.0,203.0,11,spatial_cluster,direct_edge_mpnn,0.12597666920326245,20,0.2642356291819318
danang,Vietnam,142.0,203.0,11,spatial_cluster,direct_full,0.15201990822736083,20,0.2642356291819318
danang,Vietnam,142.0,203.0,11,spatial_cluster,direct_sage,0.19465472865443834,20,0.2642356291819318
danang,Vietnam,142.0,203.0,11,spatial_cluster,residual_edge_mpnn,0.11574725897214902,20,0.2642356291819318
danang,Vietnam,142.0,203.0,11,spatial_cluster,residual_full,0.13441826536156642,20,0.2642356291819318
danang,Vietnam,142.0,203.0,11,spatial_cluster,residual_sage,0.22109450785849152,20,0.2642356291819318
danang,Vietnam,142.0,203.0,11,spatial_cluster,spectral,0.7462417211775769,20,0.2642356291819318
danang,Vietnam,142.0,203.0,11,spatial_cluster,spectral_second_order,0.7377000535350928,20,0.2642356291819318
danang,Vietnam,142.0,203.0,11,targeted,direct_edge_mpnn,0.1650980320588601,20,0.2642356291819318
danang,Vietnam,142.0,203.0,11,targeted,direct_full,0.12077695198913677,20,0.2642356291819318
danang,Vietnam,142.0,203.0,11,targeted,direct_sage,0.10651220025187094,20,0.2642356291819318
danang,Vietnam,142.0,203.0,11,targeted,residual_edge_mpnn,0.17144731309263966,20,0.2642356291819318
danang,Vietnam,142.0,203.0,11,targeted,residual_full,0.10173271926412705,20,0.2642356291819318
danang,Vietnam,142.0,203.0,11,targeted,residual_sage,0.11194904770569232,20,0.2642356291819318
danang,Vietnam,142.0,203.0,11,targeted,spectral,0.1935327299967288,20,0.2642356291819318
danang,Vietnam,142.0,203.0,11,targeted,spectral_second_order,0.18748938810077456,20,0.2642356291819318
danang,Vietnam,142.0,203.0,22,independent,direct_edge_mpnn,0.3420272669004745,20,0.2642356291819318
danang,Vietnam,142.0,203.0,22,independent,direct_full,0.024009790554755973,20,0.2642356291819318
danang,Vietnam,142.0,203.0,22,independent,direct_sage,0.02173182135831718,20,0.2642356291819318
danang,Vietnam,142.0,203.0,22,independent,residual_edge_mpnn,0.03501837631614325,20,0.2642356291819318
danang,Vietnam,142.0,203.0,22,independent,residual_full,0.016399175050248994,20,0.2642356291819318
danang,Vietnam,142.0,203.0,22,independent,residual_sage,0.009491242050892941,20,0.2642356291819318
danang,Vietnam,142.0,203.0,22,independent,spectral,0.451591518450701,20,0.2642356291819318
danang,Vietnam,142.0,203.0,22,independent,spectral_second_order,0.4480108116092902,20,0.2642356291819318
danang,Vietnam,142.0,203.0,22,spatial_cluster,direct_edge_mpnn,0.23775741113643192,20,0.2642356291819318
danang,Vietnam,142.0,203.0,22,spatial_cluster,direct_full,0.015273408189017934,20,0.2642356291819318
danang,Vietnam,142.0,203.0,22,spatial_cluster,direct_sage,0.11501140628715292,20,0.2642356291819318
danang,Vietnam,142.0,203.0,22,spatial_cluster,residual_edge_mpnn,0.045189979594329556,20,0.2642356291819318
danang,Vietnam,142.0,203.0,22,spatial_cluster,residual_full,0.01730836899657705,20,0.2642356291819318
danang,Vietnam,142.0,203.0,22,spatial_cluster,residual_sage,0.012942501160207245,20,0.2642356291819318
danang,Vietnam,142.0,203.0,22,spatial_cluster,spectral,0.6958907039540149,20,0.2642356291819318
danang,Vietnam,142.0,203.0,22,spatial_cluster,spectral_second_order,0.6902451190877175,20,0.2642356291819318
danang,Vietnam,142.0,203.0,22,targeted,direct_edge_mpnn,0.41712633033528135,20,0.2642356291819318
danang,Vietnam,142.0,203.0,22,targeted,direct_full,0.05770677559254692,20,0.2642356291819318
danang,Vietnam,142.0,203.0,22,targeted,direct_sage,0.06326302549937883,20,0.2642356291819318
danang,Vietnam,142.0,203.0,22,targeted,residual_edge_mpnn,0.06673798565111073,20,0.2642356291819318
danang,Vietnam,142.0,203.0,22,targeted,residual_full,0.08293005724192455,20,0.2642356291819318
danang,Vietnam,142.0,203.0,22,targeted,residual_sage,0.068207352755385,20,0.2642356291819318
danang,Vietnam,142.0,203.0,22,targeted,spectral,0.37322539762641627,20,0.2642356291819318
danang,Vietnam,142.0,203.0,22,targeted,spectral_second_order,0.3687410057725251,20,0.2642356291819318
danang,Vietnam,142.0,203.0,33,independent,direct_edge_mpnn,0.711009815615698,20,0.2642356291819318
danang,Vietnam,142.0,203.0,33,independent,direct_full,0.008085699033520076,20,0.2642356291819318
danang,Vietnam,142.0,203.0,33,independent,direct_sage,0.007151385790774287,20,0.2642356291819318
danang,Vietnam,142.0,203.0,33,independent,residual_edge_mpnn,0.270687300058917,20,0.2642356291819318
danang,Vietnam,142.0,203.0,33,independent,residual_full,0.006254278929239623,20,0.2642356291819318
danang,Vietnam,142.0,203.0,33,independent,residual_sage,0.005109596711334657,20,0.2642356291819318
danang,Vietnam,142.0,203.0,33,independent,spectral,0.6935914019232923,20,0.2642356291819318
danang,Vietnam,142.0,203.0,33,independent,spectral_second_order,0.6914917294898147,20,0.2642356291819318
danang,Vietnam,142.0,203.0,33,spatial_cluster,direct_edge_mpnn,0.6192585999031881,20,0.2642356291819318
danang,Vietnam,142.0,203.0,33,spatial_cluster,direct_full,0.019264157828858305,20,0.2642356291819318
danang,Vietnam,142.0,203.0,33,spatial_cluster,direct_sage,0.013699057651982125,20,0.2642356291819318
danang,Vietnam,142.0,203.0,33,spatial_cluster,residual_edge_mpnn,0.19906009231904945,20,0.2642356291819318
danang,Vietnam,142.0,203.0,33,spatial_cluster,residual_full,0.014716609752373771,20,0.2642356291819318
danang,Vietnam,142.0,203.0,33,spatial_cluster,residual_sage,0.07323751243414123,20,0.2642356291819318
danang,Vietnam,142.0,203.0,33,spatial_cluster,spectral,0.5879641167120542,20,0.2642356291819318
danang,Vietnam,142.0,203.0,33,spatial_cluster,spectral_second_order,0.5781457533117823,20,0.2642356291819318
danang,Vietnam,142.0,203.0,33,targeted,direct_edge_mpnn,0.44364793065681063,20,0.2642356291819318
danang,Vietnam,142.0,203.0,33,targeted,direct_full,0.22167238674517104,20,0.2642356291819318
danang,Vietnam,142.0,203.0,33,targeted,direct_sage,0.23204976399512423,20,0.2642356291819318
danang,Vietnam,142.0,203.0,33,targeted,residual_edge_mpnn,0.24017062458864671,20,0.2642356291819318
danang,Vietnam,142.0,203.0,33,targeted,residual_full,0.2464312894989451,20,0.2642356291819318
danang,Vietnam,142.0,203.0,33,targeted,residual_sage,0.23861319057389102,20,0.2642356291819318
danang,Vietnam,142.0,203.0,33,targeted,spectral,0.40783500200512074,20,0.2642356291819318
danang,Vietnam,142.0,203.0,33,targeted,spectral_second_order,0.4033589136287438,20,0.2642356291819318
danang,Vietnam,142.0,203.0,44,independent,direct_edge_mpnn,0.13663352591541766,20,0.2642356291819318
danang,Vietnam,142.0,203.0,44,independent,direct_full,0.10351103149945542,20,0.2642356291819318
danang,Vietnam,142.0,203.0,44,independent,direct_sage,0.11869726045870924,20,0.2642356291819318
danang,Vietnam,142.0,203.0,44,independent,residual_edge_mpnn,0.11165340809483296,20,0.2642356291819318
danang,Vietnam,142.0,203.0,44,independent,residual_full,0.11109337860605076,20,0.2642356291819318
danang,Vietnam,142.0,203.0,44,independent,residual_sage,0.10104326208568445,20,0.2642356291819318
danang,Vietnam,142.0,203.0,44,independent,spectral,0.513910404164504,20,0.2642356291819318
danang,Vietnam,142.0,203.0,44,independent,spectral_second_order,0.5093827536068651,20,0.2642356291819318
danang,Vietnam,142.0,203.0,44,spatial_cluster,direct_edge_mpnn,0.14415640200824534,20,0.2642356291819318
danang,Vietnam,142.0,203.0,44,spatial_cluster,direct_full,0.06179931967855488,20,0.2642356291819318
danang,Vietnam,142.0,203.0,44,spatial_cluster,direct_sage,0.04781995102168117,20,0.2642356291819318
danang,Vietnam,142.0,203.0,44,spatial_cluster,residual_edge_mpnn,0.0126642689801234,20,0.2642356291819318
danang,Vietnam,142.0,203.0,44,spatial_cluster,residual_full,0.008041964253773334,20,0.2642356291819318
danang,Vietnam,142.0,203.0,44,spatial_cluster,residual_sage,0.08485871336827457,20,0.2642356291819318
danang,Vietnam,142.0,203.0,44,spatial_cluster,spectral,0.5888267900365,20,0.2642356291819318
danang,Vietnam,142.0,203.0,44,spatial_cluster,spectral_second_order,0.5827552172958799,20,0.2642356291819318
danang,Vietnam,142.0,203.0,44,targeted,direct_edge_mpnn,0.1267736129082919,20,0.2642356291819318
danang,Vietnam,142.0,203.0,44,targeted,direct_full,0.07167275574819844,20,0.2642356291819318
danang,Vietnam,142.0,203.0,44,targeted,direct_sage,0.06853109520391784,20,0.2642356291819318
danang,Vietnam,142.0,203.0,44,targeted,residual_edge_mpnn,0.023297454438577076,20,0.2642356291819318
danang,Vietnam,142.0,203.0,44,targeted,residual_full,0.0378244387249406,20,0.2642356291819318
danang,Vietnam,142.0,203.0,44,targeted,residual_sage,0.03574057711393015,20,0.2642356291819318
danang,Vietnam,142.0,203.0,44,targeted,spectral,0.3345803386963131,20,0.2642356291819318
danang,Vietnam,142.0,203.0,44,targeted,spectral_second_order,0.3289879335548696,20,0.2642356291819318
danang,Vietnam,142.0,203.0,55,independent,direct_edge_mpnn,0.11006644505101904,20,0.2642356291819318
danang,Vietnam,142.0,203.0,55,independent,direct_full,0.11857792834753204,20,0.2642356291819318
danang,Vietnam,142.0,203.0,55,independent,direct_sage,0.11160083792174269,20,0.2642356291819318
danang,Vietnam,142.0,203.0,55,independent,residual_edge_mpnn,0.4926193567645062,20,0.2642356291819318
danang,Vietnam,142.0,203.0,55,independent,residual_full,0.10611478881086293,20,0.2642356291819318
danang,Vietnam,142.0,203.0,55,independent,residual_sage,0.10200579481718128,20,0.2642356291819318
danang,Vietnam,142.0,203.0,55,independent,spectral,0.4709835352984625,20,0.2642356291819318
danang,Vietnam,142.0,203.0,55,independent,spectral_second_order,0.46878041312707286,20,0.2642356291819318
danang,Vietnam,142.0,203.0,55,spatial_cluster,direct_edge_mpnn,0.13100027009230156,20,0.2642356291819318
danang,Vietnam,142.0,203.0,55,spatial_cluster,direct_full,0.16332539374076763,20,0.2642356291819318
danang,Vietnam,142.0,203.0,55,spatial_cluster,direct_sage,0.05936549779095688,20,0.2642356291819318
danang,Vietnam,142.0,203.0,55,spatial_cluster,residual_edge_mpnn,0.5298954209524539,20,0.2642356291819318
danang,Vietnam,142.0,203.0,55,spatial_cluster,residual_full,0.019092117391045278,20,0.2642356291819318
danang,Vietnam,142.0,203.0,55,spatial_cluster,residual_sage,0.024118929259438177,20,0.2642356291819318
danang,Vietnam,142.0,203.0,55,spatial_cluster,spectral,0.5000722944462616,20,0.2642356291819318
danang,Vietnam,142.0,203.0,55,spatial_cluster,spectral_second_order,0.4920078965465703,20,0.2642356291819318
danang,Vietnam,142.0,203.0,55,targeted,direct_edge_mpnn,0.11345082467852263,20,0.2642356291819318
danang,Vietnam,142.0,203.0,55,targeted,direct_full,0.111695981671932,20,0.2642356291819318
danang,Vietnam,142.0,203.0,55,targeted,direct_sage,0.1182547153717189,20,0.2642356291819318
danang,Vietnam,142.0,203.0,55,targeted,residual_edge_mpnn,0.3893557212064816,20,0.2642356291819318
danang,Vietnam,142.0,203.0,55,targeted,residual_full,0.09510515434075671,20,0.2642356291819318
danang,Vietnam,142.0,203.0,55,targeted,residual_sage,0.0913631609723416,20,0.2642356291819318
danang,Vietnam,142.0,203.0,55,targeted,spectral,0.3522801286953484,20,0.2642356291819318
danang,Vietnam,142.0,203.0,55,targeted,spectral_second_order,0.34720575506745316,20,0.2642356291819318
george_town,Malaysia,936.0,1334.0,11,independent,direct_edge_mpnn,0.017953679720863442,20,0.5954596397913756
george_town,Malaysia,936.0,1334.0,11,independent,direct_full,0.01912175175826225,20,0.5954596397913756
george_town,Malaysia,936.0,1334.0,11,independent,direct_sage,0.05761855981605453,20,0.5954596397913756
george_town,Malaysia,936.0,1334.0,11,independent,residual_edge_mpnn,0.006676912221361254,20,0.5954596397913756
george_town,Malaysia,936.0,1334.0,11,independent,residual_full,0.015930287340532166,20,0.5954596397913756
george_town,Malaysia,936.0,1334.0,11,independent,residual_sage,0.045392839293684886,20,0.5954596397913756
george_town,Malaysia,936.0,1334.0,11,independent,spectral,0.30699068922768336,20,0.5954596397913756
george_town,Malaysia,936.0,1334.0,11,independent,spectral_second_order,0.30692570855212925,20,0.5954596397913756
george_town,Malaysia,936.0,1334.0,11,spatial_cluster,direct_edge_mpnn,0.13760035088167494,20,0.5954596397913756
george_town,Malaysia,936.0,1334.0,11,spatial_cluster,direct_full,0.12048456914604613,20,0.5954596397913756
george_town,Malaysia,936.0,1334.0,11,spatial_cluster,direct_sage,0.11879036160067624,20,0.5954596397913756
george_town,Malaysia,936.0,1334.0,11,spatial_cluster,residual_edge_mpnn,0.12308452333205351,20,0.5954596397913756
george_town,Malaysia,936.0,1334.0,11,spatial_cluster,residual_full,0.13023603569058317,20,0.5954596397913756
george_town,Malaysia,936.0,1334.0,11,spatial_cluster,residual_sage,0.1173458681923308,20,0.5954596397913756
george_town,Malaysia,936.0,1334.0,11,spatial_cluster,spectral,0.6987195524282453,20,0.5954596397913756
george_town,Malaysia,936.0,1334.0,11,spatial_cluster,spectral_second_order,0.6986511705481605,20,0.5954596397913756
george_town,Malaysia,936.0,1334.0,11,targeted,direct_edge_mpnn,0.12653306664277808,20,0.5954596397913756
george_town,Malaysia,936.0,1334.0,11,targeted,direct_full,0.12826728956851946,20,0.5954596397913756
george_town,Malaysia,936.0,1334.0,11,targeted,direct_sage,0.12832301948072172,20,0.5954596397913756
george_town,Malaysia,936.0,1334.0,11,targeted,residual_edge_mpnn,0.12462006336395808,20,0.5954596397913756
george_town,Malaysia,936.0,1334.0,11,targeted,residual_full,0.13290363421773393,20,0.5954596397913756
george_town,Malaysia,936.0,1334.0,11,targeted,residual_sage,0.12607430864545763,20,0.5954596397913756
george_town,Malaysia,936.0,1334.0,11,targeted,spectral,0.1791592400617225,20,0.5954596397913756
george_town,Malaysia,936.0,1334.0,11,targeted,spectral_second_order,0.17876891901868852,20,0.5954596397913756
george_town,Malaysia,936.0,1334.0,22,independent,direct_edge_mpnn,0.2579075592214971,20,0.5954596397913756
george_town,Malaysia,936.0,1334.0,22,independent,direct_full,0.07970145369123514,20,0.5954596397913756
george_town,Malaysia,936.0,1334.0,22,independent,direct_sage,0.06957313017616575,20,0.5954596397913756
george_town,Malaysia,936.0,1334.0,22,independent,residual_edge_mpnn,0.062562394712007,20,0.5954596397913756
george_town,Malaysia,936.0,1334.0,22,independent,residual_full,0.056391913944968605,20,0.5954596397913756
george_town,Malaysia,936.0,1334.0,22,independent,residual_sage,0.05508850941026735,20,0.5954596397913756
george_town,Malaysia,936.0,1334.0,22,independent,spectral,0.5031973629447049,20,0.5954596397913756
george_town,Malaysia,936.0,1334.0,22,independent,spectral_second_order,0.5031463935106646,20,0.5954596397913756
george_town,Malaysia,936.0,1334.0,22,spatial_cluster,direct_edge_mpnn,0.2442096698181802,20,0.5954596397913756
george_town,Malaysia,936.0,1334.0,22,spatial_cluster,direct_full,0.043632831797162354,20,0.5954596397913756
george_town,Malaysia,936.0,1334.0,22,spatial_cluster,direct_sage,0.0494754659013546,20,0.5954596397913756
george_town,Malaysia,936.0,1334.0,22,spatial_cluster,residual_edge_mpnn,0.046711533144274994,20,0.5954596397913756
george_town,Malaysia,936.0,1334.0,22,spatial_cluster,residual_full,0.015357209454280752,20,0.5954596397913756
george_town,Malaysia,936.0,1334.0,22,spatial_cluster,residual_sage,0.015483021891574425,20,0.5954596397913756
george_town,Malaysia,936.0,1334.0,22,spatial_cluster,spectral,0.6129627450918631,20,0.5954596397913756
george_town,Malaysia,936.0,1334.0,22,spatial_cluster,spectral_second_order,0.6128944738480253,20,0.5954596397913756
george_town,Malaysia,936.0,1334.0,22,targeted,direct_edge_mpnn,0.44057282715286483,20,0.5954596397913756
george_town,Malaysia,936.0,1334.0,22,targeted,direct_full,0.07607205033687058,20,0.5954596397913756
george_town,Malaysia,936.0,1334.0,22,targeted,direct_sage,0.05709271029022637,20,0.5954596397913756
george_town,Malaysia,936.0,1334.0,22,targeted,residual_edge_mpnn,0.05177804048468054,20,0.5954596397913756
george_town,Malaysia,936.0,1334.0,22,targeted,residual_full,0.051742755778176844,20,0.5954596397913756
george_town,Malaysia,936.0,1334.0,22,targeted,residual_sage,0.043971589305946766,20,0.5954596397913756
george_town,Malaysia,936.0,1334.0,22,targeted,spectral,0.14064400537621802,20,0.5954596397913756
george_town,Malaysia,936.0,1334.0,22,targeted,spectral_second_order,0.14006372190901759,20,0.5954596397913756
george_town,Malaysia,936.0,1334.0,33,independent,direct_edge_mpnn,0.357118673876167,20,0.5954596397913756
george_town,Malaysia,936.0,1334.0,33,independent,direct_full,0.15475528289353777,20,0.5954596397913756
george_town,Malaysia,936.0,1334.0,33,independent,direct_sage,0.10849975022892928,20,0.5954596397913756
george_town,Malaysia,936.0,1334.0,33,independent,residual_edge_mpnn,0.1918351640251868,20,0.5954596397913756
george_town,Malaysia,936.0,1334.0,33,independent,residual_full,0.15711867387616701,20,0.5954596397913756
george_town,Malaysia,936.0,1334.0,33,independent,residual_sage,0.1558069396098207,20,0.5954596397913756
george_town,Malaysia,936.0,1334.0,33,independent,spectral,0.3551031508968222,20,0.5954596397913756
george_town,Malaysia,936.0,1334.0,33,independent,spectral_second_order,0.3550486056945147,20,0.5954596397913756
george_town,Malaysia,936.0,1334.0,33,spatial_cluster,direct_edge_mpnn,0.4507957692439981,20,0.5954596397913756
george_town,Malaysia,936.0,1334.0,33,spatial_cluster,direct_full,0.027410878129737814,20,0.5954596397913756
george_town,Malaysia,936.0,1334.0,33,spatial_cluster,direct_sage,0.016890299208896585,20,0.5954596397913756
george_town,Malaysia,936.0,1334.0,33,spatial_cluster,residual_edge_mpnn,0.20728423491163778,20,0.5954596397913756
george_town,Malaysia,936.0,1334.0,33,spatial_cluster,residual_full,0.0007957692439980689,20,0.5954596397913756
george_town,Malaysia,936.0,1334.0,33,spatial_cluster,residual_sage,0.0022687251861520054,20,0.5954596397913756
george_town,Malaysia,936.0,1334.0,33,spatial_cluster,spectral,0.4495481791508961,20,0.5954596397913756
george_town,Malaysia,936.0,1334.0,33,spatial_cluster,spectral_second_order,0.4495139046740366,20,0.5954596397913756
george_town,Malaysia,936.0,1334.0,33,targeted,direct_edge_mpnn,0.36837814653016093,20,0.5954596397913756
george_town,Malaysia,936.0,1334.0,33,targeted,direct_full,0.06586545611932201,20,0.5954596397913756
george_town,Malaysia,936.0,1334.0,33,targeted,direct_sage,0.06266960343948642,20,0.5954596397913756
george_town,Malaysia,936.0,1334.0,33,targeted,residual_edge_mpnn,0.14484355589344228,20,0.5954596397913756
george_town,Malaysia,936.0,1334.0,33,targeted,residual_full,0.06632589914559785,20,0.5954596397913756
george_town,Malaysia,936.0,1334.0,33,targeted,residual_sage,0.06209333766208429,20,0.5954596397913756
george_town,Malaysia,936.0,1334.0,33,targeted,spectral,0.35943470448964926,20,0.5954596397913756
george_town,Malaysia,936.0,1334.0,33,targeted,spectral_second_order,0.35908556595573476,20,0.5954596397913756
george_town,Malaysia,936.0,1334.0,44,independent,direct_edge_mpnn,0.05576609976807195,20,0.5954596397913756
george_town,Malaysia,936.0,1334.0,44,independent,direct_full,0.08696189735302287,20,0.5954596397913756
george_town,Malaysia,936.0,1334.0,44,independent,direct_sage,0.11761846196123918,20,0.5954596397913756
george_town,Malaysia,936.0,1334.0,44,independent,residual_edge_mpnn,0.04879669107714253,20,0.5954596397913756
george_town,Malaysia,936.0,1334.0,44,independent,residual_full,0.05344962861171404,20,0.5954596397913756
george_town,Malaysia,936.0,1334.0,44,independent,residual_sage,0.07508200200492102,20,0.5954596397913756
george_town,Malaysia,936.0,1334.0,44,independent,spectral,0.4504639791638588,20,0.5954596397913756
george_town,Malaysia,936.0,1334.0,44,independent,spectral_second_order,0.45033991141460605,20,0.5954596397913756
george_town,Malaysia,936.0,1334.0,44,spatial_cluster,direct_edge_mpnn,0.102233037587055,20,0.5954596397913756
george_town,Malaysia,936.0,1334.0,44,spatial_cluster,direct_full,0.08272271682674531,20,0.5954596397913756
george_town,Malaysia,936.0,1334.0,44,spatial_cluster,direct_sage,0.10214856681580187,20,0.5954596397913756
george_town,Malaysia,936.0,1334.0,44,spatial_cluster,residual_edge_mpnn,0.06505813426855081,20,0.5954596397913756
george_town,Malaysia,936.0,1334.0,44,spatial_cluster,residual_full,0.061474415984204965,20,0.5954596397913756
george_town,Malaysia,936.0,1334.0,44,spatial_cluster,residual_sage,0.08987686061466577,20,0.5954596397913756
george_town,Malaysia,936.0,1334.0,44,spatial_cluster,spectral,0.6099176458265457,20,0.5954596397913756
george_town,Malaysia,936.0,1334.0,44,spatial_cluster,spectral_second_order,0.6098859662529101,20,0.5954596397913756
george_town,Malaysia,936.0,1334.0,44,targeted,direct_edge_mpnn,0.06138491899519406,20,0.5954596397913756
george_town,Malaysia,936.0,1334.0,44,targeted,direct_full,0.09319449182473061,20,0.5954596397913756
george_town,Malaysia,936.0,1334.0,44,targeted,direct_sage,0.12925566624723314,20,0.5954596397913756
george_town,Malaysia,936.0,1334.0,44,targeted,residual_edge_mpnn,0.052162567001768544,20,0.5954596397913756
george_town,Malaysia,936.0,1334.0,44,targeted,residual_full,0.07829248422489724,20,0.5954596397913756
george_town,Malaysia,936.0,1334.0,44,targeted,residual_sage,0.058563936659674576,20,0.5954596397913756
george_town,Malaysia,936.0,1334.0,44,targeted,spectral,0.17096618549282214,20,0.5954596397913756
george_town,Malaysia,936.0,1334.0,44,targeted,spectral_second_order,0.1705417032212973,20,0.5954596397913756
george_town,Malaysia,936.0,1334.0,55,independent,direct_edge_mpnn,0.05636323953744613,20,0.5954596397913756
george_town,Malaysia,936.0,1334.0,55,independent,direct_full,0.05752814283471519,20,0.5954596397913756
george_town,Malaysia,936.0,1334.0,55,independent,direct_sage,0.060407182591668905,20,0.5954596397913756
george_town,Malaysia,936.0,1334.0,55,independent,residual_edge_mpnn,0.3562636128948678,20,0.5954596397913756
george_town,Malaysia,936.0,1334.0,55,independent,residual_full,0.05608238436706856,20,0.5954596397913756
george_town,Malaysia,936.0,1334.0,55,independent,residual_sage,0.05458541025424955,20,0.5954596397913756
george_town,Malaysia,936.0,1334.0,55,independent,spectral,0.35389096313460616,20,0.5954596397913756
george_town,Malaysia,936.0,1334.0,55,independent,spectral_second_order,0.3538566835106688,20,0.5954596397913756
george_town,Malaysia,936.0,1334.0,55,spatial_cluster,direct_edge_mpnn,0.15178178655194113,20,0.5954596397913756
george_town,Malaysia,936.0,1334.0,55,spatial_cluster,direct_full,0.10526219424070785,20,0.5954596397913756
george_town,Malaysia,936.0,1334.0,55,spatial_cluster,direct_sage,0.045509775860477185,20,0.5954596397913756
george_town,Malaysia,936.0,1334.0,55,spatial_cluster,residual_edge_mpnn,0.5530425548818758,20,0.5954596397913756
george_town,Malaysia,936.0,1334.0,55,spatial_cluster,residual_full,0.0030425548818758434,20,0.5954596397913756
george_town,Malaysia,936.0,1334.0,55,spatial_cluster,residual_sage,0.002651831074371449,20,0.5954596397913756
george_town,Malaysia,936.0,1334.0,55,spatial_cluster,spectral,0.5518042458169872,20,0.5954596397913756
george_town,Malaysia,936.0,1334.0,55,spatial_cluster,spectral_second_order,0.551768290505614,20,0.5954596397913756
george_town,Malaysia,936.0,1334.0,55,targeted,direct_edge_mpnn,0.18025545271764382,20,0.5954596397913756
george_town,Malaysia,936.0,1334.0,55,targeted,direct_full,0.1949945518084606,20,0.5954596397913756
george_town,Malaysia,936.0,1334.0,55,targeted,direct_sage,0.19356103449907852,20,0.5954596397913756
george_town,Malaysia,936.0,1334.0,55,targeted,residual_edge_mpnn,0.2540111956581249,20,0.5954596397913756
george_town,Malaysia,936.0,1334.0,55,targeted,residual_full,0.19775217342411722,20,0.5954596397913756
george_town,Malaysia,936.0,1334.0,55,targeted,residual_sage,0.1927952789688725,20,0.5954596397913756
george_town,Malaysia,936.0,1334.0,55,targeted,spectral,0.24131244672955696,20,0.5954596397913756
george_town,Malaysia,936.0,1334.0,55,targeted,spectral_second_order,0.24066668126985652,20,0.5954596397913756
hcmus,Vietnam,163.0,221.0,11,independent,direct_edge_mpnn,0.1093141921721155,20,0.2308483228937083
hcmus,Vietnam,163.0,221.0,11,independent,direct_full,0.1054329385360386,20,0.2308483228937083
hcmus,Vietnam,163.0,221.0,11,independent,direct_sage,0.10054156927431519,20,0.2308483228937083
hcmus,Vietnam,163.0,221.0,11,independent,residual_edge_mpnn,0.09899573370597918,20,0.2308483228937083
hcmus,Vietnam,163.0,221.0,11,independent,residual_full,0.09861966136157965,20,0.2308483228937083
hcmus,Vietnam,163.0,221.0,11,independent,residual_sage,0.09913500921217781,20,0.2308483228937083
hcmus,Vietnam,163.0,221.0,11,independent,spectral,0.39654619186833856,20,0.2308483228937083
hcmus,Vietnam,163.0,221.0,11,independent,spectral_second_order,0.39380405678436176,20,0.2308483228937083
hcmus,Vietnam,163.0,221.0,11,spatial_cluster,direct_edge_mpnn,0.126987745612764,20,0.2308483228937083
hcmus,Vietnam,163.0,221.0,11,spatial_cluster,direct_full,0.10339850075533352,20,0.2308483228937083
hcmus,Vietnam,163.0,221.0,11,spatial_cluster,direct_sage,0.11144733913233243,20,0.2308483228937083
hcmus,Vietnam,163.0,221.0,11,spatial_cluster,residual_edge_mpnn,0.11179446477596403,20,0.2308483228937083
hcmus,Vietnam,163.0,221.0,11,spatial_cluster,residual_full,0.11427827138576278,20,0.2308483228937083
hcmus,Vietnam,163.0,221.0,11,spatial_cluster,residual_sage,0.11187481285956322,20,0.2308483228937083
hcmus,Vietnam,163.0,221.0,11,spatial_cluster,spectral,0.6731793566776599,20,0.2308483228937083
hcmus,Vietnam,163.0,221.0,11,spatial_cluster,spectral_second_order,0.6687670953298275,20,0.2308483228937083
hcmus,Vietnam,163.0,221.0,11,targeted,direct_edge_mpnn,0.3389592152413311,20,0.2308483228937083
hcmus,Vietnam,163.0,221.0,11,targeted,direct_full,0.2706009861013307,20,0.2308483228937083
hcmus,Vietnam,163.0,221.0,11,targeted,direct_sage,0.27477992203927065,20,0.2308483228937083
hcmus,Vietnam,163.0,221.0,11,targeted,residual_edge_mpnn,0.30063708097782044,20,0.2308483228937083
hcmus,Vietnam,163.0,221.0,11,targeted,residual_full,0.28250548694890565,20,0.2308483228937083
hcmus,Vietnam,163.0,221.0,11,targeted,residual_sage,0.29082758631714745,20,0.2308483228937083
hcmus,Vietnam,163.0,221.0,11,targeted,spectral,0.5518586231641918,20,0.2308483228937083
hcmus,Vietnam,163.0,221.0,11,targeted,spectral_second_order,0.5412399083921854,20,0.2308483228937083
hcmus,Vietnam,163.0,221.0,22,independent,direct_edge_mpnn,0.1351007932063501,20,0.2308483228937083
hcmus,Vietnam,163.0,221.0,22,independent,direct_full,0.12968647202333464,20,0.2308483228937083
hcmus,Vietnam,163.0,221.0,22,independent,direct_sage,0.15121339170118822,20,0.2308483228937083
hcmus,Vietnam,163.0,221.0,22,independent,residual_edge_mpnn,0.11699924676205879,20,0.2308483228937083
hcmus,Vietnam,163.0,221.0,22,independent,residual_full,0.12955581870112642,20,0.2308483228937083
hcmus,Vietnam,163.0,221.0,22,independent,residual_sage,0.1367766698414083,20,0.2308483228937083
hcmus,Vietnam,163.0,221.0,22,independent,spectral,0.5453246707474817,20,0.2308483228937083
hcmus,Vietnam,163.0,221.0,22,independent,spectral_second_order,0.5378990943134616,20,0.2308483228937083
hcmus,Vietnam,163.0,221.0,22,spatial_cluster,direct_edge_mpnn,0.042523515689553704,20,0.2308483228937083
hcmus,Vietnam,163.0,221.0,22,spatial_cluster,direct_full,0.07512691515888123,20,0.2308483228937083
hcmus,Vietnam,163.0,221.0,22,spatial_cluster,direct_sage,0.04132595706190018,20,0.2308483228937083
hcmus,Vietnam,163.0,221.0,22,spatial_cluster,residual_edge_mpnn,0.02876032787765413,20,0.2308483228937083
hcmus,Vietnam,163.0,221.0,22,spatial_cluster,residual_full,0.059323073272226357,20,0.2308483228937083
hcmus,Vietnam,163.0,221.0,22,spatial_cluster,residual_sage,0.05646440797665533,20,0.2308483228937083
hcmus,Vietnam,163.0,221.0,22,spatial_cluster,spectral,0.6945182488958772,20,0.2308483228937083
hcmus,Vietnam,163.0,221.0,22,spatial_cluster,spectral_second_order,0.6872931670307042,20,0.2308483228937083
hcmus,Vietnam,163.0,221.0,22,targeted,direct_edge_mpnn,0.15193676729876351,20,0.2308483228937083
hcmus,Vietnam,163.0,221.0,22,targeted,direct_full,0.2126660141339464,20,0.2308483228937083
hcmus,Vietnam,163.0,221.0,22,targeted,direct_sage,0.20511261906381076,20,0.2308483228937083
hcmus,Vietnam,163.0,221.0,22,targeted,residual_edge_mpnn,0.126692289421561,20,0.2308483228937083
hcmus,Vietnam,163.0,221.0,22,targeted,residual_full,0.20200531306860312,20,0.2308483228937083
hcmus,Vietnam,163.0,221.0,22,targeted,residual_sage,0.1833432850619809,20,0.2308483228937083
hcmus,Vietnam,163.0,221.0,22,targeted,spectral,0.39510197680616754,20,0.2308483228937083
hcmus,Vietnam,163.0,221.0,22,targeted,spectral_second_order,0.3841623581493442,20,0.2308483228937083
hcmus,Vietnam,163.0,221.0,33,independent,direct_edge_mpnn,0.7091418602746463,20,0.2308483228937083
hcmus,Vietnam,163.0,221.0,33,independent,direct_full,0.19595722494877682,20,0.2308483228937083
hcmus,Vietnam,163.0,221.0,33,independent,direct_sage,0.19059001585949797,20,0.2308483228937083
hcmus,Vietnam,163.0,221.0,33,independent,residual_edge_mpnn,0.21594465700554144,20,0.2308483228937083
hcmus,Vietnam,163.0,221.0,33,independent,residual_full,0.1784734937121383,20,0.2308483228937083
hcmus,Vietnam,163.0,221.0,33,independent,residual_sage,0.1759223743938477,20,0.2308483228937083
hcmus,Vietnam,163.0,221.0,33,independent,spectral,0.6731769911352057,20,0.2308483228937083
hcmus,Vietnam,163.0,221.0,33,independent,spectral_second_order,0.6615907884227268,20,0.2308483228937083
hcmus,Vietnam,163.0,221.0,33,spatial_cluster,direct_edge_mpnn,0.7359145018682474,20,0.2308483228937083
hcmus,Vietnam,163.0,221.0,33,spatial_cluster,direct_full,0.05817135134934933,20,0.2308483228937083
hcmus,Vietnam,163.0,221.0,33,spatial_cluster,direct_sage,0.03321516504734309,20,0.2308483228937083
hcmus,Vietnam,163.0,221.0,33,spatial_cluster,residual_edge_mpnn,0.15542636411487612,20,0.2308483228937083
hcmus,Vietnam,163.0,221.0,33,spatial_cluster,residual_full,0.03424375939095696,20,0.2308483228937083
hcmus,Vietnam,163.0,221.0,33,spatial_cluster,residual_sage,0.032916962101492295,20,0.2308483228937083
hcmus,Vietnam,163.0,221.0,33,spatial_cluster,spectral,0.7276282003220623,20,0.2308483228937083
hcmus,Vietnam,163.0,221.0,33,spatial_cluster,spectral_second_order,0.7244674505236204,20,0.2308483228937083
hcmus,Vietnam,163.0,221.0,33,targeted,direct_edge_mpnn,0.4104226386786582,20,0.2308483228937083
hcmus,Vietnam,163.0,221.0,33,targeted,direct_full,0.27489232782889833,20,0.2308483228937083
hcmus,Vietnam,163.0,221.0,33,targeted,direct_sage,0.24324786037822,20,0.2308483228937083
hcmus,Vietnam,163.0,221.0,33,targeted,residual_edge_mpnn,0.2788025501053337,20,0.2308483228937083
hcmus,Vietnam,163.0,221.0,33,targeted,residual_full,0.2632379285206231,20,0.2308483228937083
hcmus,Vietnam,163.0,221.0,33,targeted,residual_sage,0.25515218677362295,20,0.2308483228937083
hcmus,Vietnam,163.0,221.0,33,targeted,spectral,0.36937289598739814,20,0.2308483228937083
hcmus,Vietnam,163.0,221.0,33,targeted,spectral_second_order,0.35595190782327385,20,0.2308483228937083
hcmus,Vietnam,163.0,221.0,44,independent,direct_edge_mpnn,0.11301650501750515,20,0.2308483228937083
hcmus,Vietnam,163.0,221.0,44,independent,direct_full,0.10502054341100261,20,0.2308483228937083
hcmus,Vietnam,163.0,221.0,44,independent,direct_sage,0.10571894165091325,20,0.2308483228937083
hcmus,Vietnam,163.0,221.0,44,independent,residual_edge_mpnn,0.09777221655435966,20,0.2308483228937083
hcmus,Vietnam,163.0,221.0,44,independent,residual_full,0.10936341089779204,20,0.2308483228937083
hcmus,Vietnam,163.0,221.0,44,independent,residual_sage,0.09751437151767421,20,0.2308483228937083
hcmus,Vietnam,163.0,221.0,44,independent,spectral,0.754212587403907,20,0.2308483228937083
hcmus,Vietnam,163.0,221.0,44,independent,spectral_second_order,0.7501800486296659,20,0.2308483228937083
hcmus,Vietnam,163.0,221.0,44,spatial_cluster,direct_edge_mpnn,0.06648526367668081,20,0.2308483228937083
hcmus,Vietnam,163.0,221.0,44,spatial_cluster,direct_full,0.07339910575125387,20,0.2308483228937083
hcmus,Vietnam,163.0,221.0,44,spatial_cluster,direct_sage,0.09103593387577705,20,0.2308483228937083
hcmus,Vietnam,163.0,221.0,44,spatial_cluster,residual_edge_mpnn,0.05798680738271648,20,0.2308483228937083
hcmus,Vietnam,163.0,221.0,44,spatial_cluster,residual_full,0.07153223511940689,20,0.2308483228937083
hcmus,Vietnam,163.0,221.0,44,spatial_cluster,residual_sage,0.07810415447626283,20,0.2308483228937083
hcmus,Vietnam,163.0,221.0,44,spatial_cluster,spectral,0.6653579522680095,20,0.2308483228937083
hcmus,Vietnam,163.0,221.0,44,spatial_cluster,spectral_second_order,0.6541496973163121,20,0.2308483228937083
hcmus,Vietnam,163.0,221.0,44,targeted,direct_edge_mpnn,0.4518758927939045,20,0.2308483228937083
hcmus,Vietnam,163.0,221.0,44,targeted,direct_full,0.4534639328822004,20,0.2308483228937083
hcmus,Vietnam,163.0,221.0,44,targeted,direct_sage,0.4246729783578071,20,0.2308483228937083
hcmus,Vietnam,163.0,221.0,44,targeted,residual_edge_mpnn,0.435852145760943,20,0.2308483228937083
hcmus,Vietnam,163.0,221.0,44,targeted,residual_full,0.4559304652135171,20,0.2308483228937083
hcmus,Vietnam,163.0,221.0,44,targeted,residual_sage,0.4121800028822826,20,0.2308483228937083
hcmus,Vietnam,163.0,221.0,44,targeted,spectral,0.5295169715286587,20,0.2308483228937083
hcmus,Vietnam,163.0,221.0,44,targeted,spectral_second_order,0.517127486607224,20,0.2308483228937083
hcmus,Vietnam,163.0,221.0,55,independent,direct_edge_mpnn,0.05584214221155713,20,0.2308483228937083
hcmus,Vietnam,163.0,221.0,55,independent,direct_full,0.06493354336259019,20,0.2308483228937083
hcmus,Vietnam,163.0,221.0,55,independent,direct_sage,0.11259394151120172,20,0.2308483228937083
hcmus,Vietnam,163.0,221.0,55,independent,residual_edge_mpnn,0.5123594055608035,20,0.2308483228937083
hcmus,Vietnam,163.0,221.0,55,independent,residual_full,0.05626631387584258,20,0.2308483228937083
hcmus,Vietnam,163.0,221.0,55,independent,residual_sage,0.05580078806104485,20,0.2308483228937083
hcmus,Vietnam,163.0,221.0,55,independent,spectral,0.5016370130384238,20,0.2308483228937083
hcmus,Vietnam,163.0,221.0,55,independent,spectral_second_order,0.5001087666196871,20,0.2308483228937083
hcmus,Vietnam,163.0,221.0,55,spatial_cluster,direct_edge_mpnn,0.18404057265078178,20,0.2308483228937083
hcmus,Vietnam,163.0,221.0,55,spatial_cluster,direct_full,0.14442610672493925,20,0.2308483228937083
hcmus,Vietnam,163.0,221.0,55,spatial_cluster,direct_sage,0.11562864358355748,20,0.2308483228937083
hcmus,Vietnam,163.0,221.0,55,spatial_cluster,residual_edge_mpnn,0.6443784669750849,20,0.2308483228937083
hcmus,Vietnam,163.0,221.0,55,spatial_cluster,residual_full,0.10877314789123094,20,0.2308483228937083
hcmus,Vietnam,163.0,221.0,55,spatial_cluster,residual_sage,0.121207251975364,20,0.2308483228937083
hcmus,Vietnam,163.0,221.0,55,spatial_cluster,spectral,0.628788706986346,20,0.2308483228937083
hcmus,Vietnam,163.0,221.0,55,spatial_cluster,spectral_second_order,0.623618039785196,20,0.2308483228937083
hcmus,Vietnam,163.0,221.0,55,targeted,direct_edge_mpnn,0.3462460094829193,20,0.2308483228937083
hcmus,Vietnam,163.0,221.0,55,targeted,direct_full,0.37169862016480953,20,0.2308483228937083
hcmus,Vietnam,163.0,221.0,55,targeted,direct_sage,0.37137630826445533,20,0.2308483228937083
hcmus,Vietnam,163.0,221.0,55,targeted,residual_edge_mpnn,0.523665448075715,20,0.2308483228937083
hcmus,Vietnam,163.0,221.0,55,targeted,residual_full,0.3687990456627398,20,0.2308483228937083
hcmus,Vietnam,163.0,221.0,55,targeted,residual_sage,0.3634540692012473,20,0.2308483228937083
hcmus,Vietnam,163.0,221.0,55,targeted,spectral,0.4857147589705534,20,0.2308483228937083
hcmus,Vietnam,163.0,221.0,55,targeted,spectral_second_order,0.47478118840583744,20,0.2308483228937083
kuala_lumpur,Malaysia,730.0,1059.0,11,independent,direct_edge_mpnn,0.11011047738532702,20,0.2325023254726682
kuala_lumpur,Malaysia,730.0,1059.0,11,independent,direct_full,0.11524649656306185,20,0.2325023254726682
kuala_lumpur,Malaysia,730.0,1059.0,11,independent,direct_sage,0.14728163688372056,20,0.2325023254726682
kuala_lumpur,Malaysia,730.0,1059.0,11,independent,residual_edge_mpnn,0.0996916738481633,20,0.2325023254726682
kuala_lumpur,Malaysia,730.0,1059.0,11,independent,residual_full,0.07614022656803629,20,0.2325023254726682
kuala_lumpur,Malaysia,730.0,1059.0,11,independent,residual_sage,0.1160802166873782,20,0.2325023254726682
kuala_lumpur,Malaysia,730.0,1059.0,11,independent,spectral,0.25235959203988434,20,0.2325023254726682
kuala_lumpur,Malaysia,730.0,1059.0,11,independent,spectral_second_order,0.2522188788188519,20,0.2325023254726682
kuala_lumpur,Malaysia,730.0,1059.0,11,spatial_cluster,direct_edge_mpnn,0.07350328357544342,20,0.2325023254726682
kuala_lumpur,Malaysia,730.0,1059.0,11,spatial_cluster,direct_full,0.08322110145938198,20,0.2325023254726682
kuala_lumpur,Malaysia,730.0,1059.0,11,spatial_cluster,direct_sage,0.08819791411635079,20,0.2325023254726682
kuala_lumpur,Malaysia,730.0,1059.0,11,spatial_cluster,residual_edge_mpnn,0.05334983491458545,20,0.2325023254726682
kuala_lumpur,Malaysia,730.0,1059.0,11,spatial_cluster,residual_full,0.06132682491786926,20,0.2325023254726682
kuala_lumpur,Malaysia,730.0,1059.0,11,spatial_cluster,residual_sage,0.07873157261279325,20,0.2325023254726682
kuala_lumpur,Malaysia,730.0,1059.0,11,spatial_cluster,spectral,0.7484986881699339,20,0.2325023254726682
kuala_lumpur,Malaysia,730.0,1059.0,11,spatial_cluster,spectral_second_order,0.7480064342822899,20,0.2325023254726682
kuala_lumpur,Malaysia,730.0,1059.0,11,targeted,direct_edge_mpnn,0.1334719084451656,20,0.2325023254726682
kuala_lumpur,Malaysia,730.0,1059.0,11,targeted,direct_full,0.10814140043293992,20,0.2325023254726682
kuala_lumpur,Malaysia,730.0,1059.0,11,targeted,direct_sage,0.1330624293716289,20,0.2325023254726682
kuala_lumpur,Malaysia,730.0,1059.0,11,targeted,residual_edge_mpnn,0.12106961154744031,20,0.2325023254726682
kuala_lumpur,Malaysia,730.0,1059.0,11,targeted,residual_full,0.09475206783289071,20,0.2325023254726682
kuala_lumpur,Malaysia,730.0,1059.0,11,targeted,residual_sage,0.10672254944725439,20,0.2325023254726682
kuala_lumpur,Malaysia,730.0,1059.0,11,targeted,spectral,0.15927931685164876,20,0.2325023254726682
kuala_lumpur,Malaysia,730.0,1059.0,11,targeted,spectral_second_order,0.1588065414393442,20,0.2325023254726682
kuala_lumpur,Malaysia,730.0,1059.0,22,independent,direct_edge_mpnn,0.10900017191971687,20,0.2325023254726682
kuala_lumpur,Malaysia,730.0,1059.0,22,independent,direct_full,0.12939656288521745,20,0.2325023254726682
kuala_lumpur,Malaysia,730.0,1059.0,22,independent,direct_sage,0.11565569532262543,20,0.2325023254726682
kuala_lumpur,Malaysia,730.0,1059.0,22,independent,residual_edge_mpnn,0.12718091276633003,20,0.2325023254726682
kuala_lumpur,Malaysia,730.0,1059.0,22,independent,residual_full,0.11163872333880157,20,0.2325023254726682
kuala_lumpur,Malaysia,730.0,1059.0,22,independent,residual_sage,0.10731838215218922,20,0.2325023254726682
kuala_lumpur,Malaysia,730.0,1059.0,22,independent,spectral,0.3572657822191644,20,0.2325023254726682
kuala_lumpur,Malaysia,730.0,1059.0,22,independent,spectral_second_order,0.3567941163282525,20,0.2325023254726682
kuala_lumpur,Malaysia,730.0,1059.0,22,spatial_cluster,direct_edge_mpnn,0.19551175055907125,20,0.2325023254726682
kuala_lumpur,Malaysia,730.0,1059.0,22,spatial_cluster,direct_full,0.1434443381175397,20,0.2325023254726682
kuala_lumpur,Malaysia,730.0,1059.0,22,spatial_cluster,direct_sage,0.0889243868279923,20,0.2325023254726682
kuala_lumpur,Malaysia,730.0,1059.0,22,spatial_cluster,residual_edge_mpnn,0.10524414394398234,20,0.2325023254726682
kuala_lumpur,Malaysia,730.0,1059.0,22,spatial_cluster,residual_full,0.03623225317656617,20,0.2325023254726682
kuala_lumpur,Malaysia,730.0,1059.0,22,spatial_cluster,residual_sage,0.059285515210065955,20,0.2325023254726682
kuala_lumpur,Malaysia,730.0,1059.0,22,spatial_cluster,spectral,0.47099172777293896,20,0.2325023254726682
kuala_lumpur,Malaysia,730.0,1059.0,22,spatial_cluster,spectral_second_order,0.4707683344875391,20,0.2325023254726682
kuala_lumpur,Malaysia,730.0,1059.0,22,targeted,direct_edge_mpnn,0.2185246866826717,20,0.2325023254726682
kuala_lumpur,Malaysia,730.0,1059.0,22,targeted,direct_full,0.1693233720655469,20,0.2325023254726682
kuala_lumpur,Malaysia,730.0,1059.0,22,targeted,direct_sage,0.1352993027935652,20,0.2325023254726682
kuala_lumpur,Malaysia,730.0,1059.0,22,targeted,residual_edge_mpnn,0.16966927737845852,20,0.2325023254726682
kuala_lumpur,Malaysia,730.0,1059.0,22,targeted,residual_full,0.13538975339029374,20,0.2325023254726682
kuala_lumpur,Malaysia,730.0,1059.0,22,targeted,residual_sage,0.1325628941324669,20,0.2325023254726682
kuala_lumpur,Malaysia,730.0,1059.0,22,targeted,spectral,0.17224891333294606,20,0.2325023254726682
kuala_lumpur,Malaysia,730.0,1059.0,22,targeted,spectral_second_order,0.17147755795659705,20,0.2325023254726682
kuala_lumpur,Malaysia,730.0,1059.0,33,independent,direct_edge_mpnn,0.2600759958073761,20,0.2325023254726682
kuala_lumpur,Malaysia,730.0,1059.0,33,independent,direct_full,0.12191789362874961,20,0.2325023254726682
kuala_lumpur,Malaysia,730.0,1059.0,33,independent,direct_sage,0.09233728268267408,20,0.2325023254726682
kuala_lumpur,Malaysia,730.0,1059.0,33,independent,residual_edge_mpnn,0.1481411491363976,20,0.2325023254726682
kuala_lumpur,Malaysia,730.0,1059.0,33,independent,residual_full,0.11007599580737612,20,0.2325023254726682
kuala_lumpur,Malaysia,730.0,1059.0,33,independent,residual_sage,0.10616617193671,20,0.2325023254726682
kuala_lumpur,Malaysia,730.0,1059.0,33,independent,spectral,0.25598301672574253,20,0.2325023254726682
kuala_lumpur,Malaysia,730.0,1059.0,33,independent,spectral_second_order,0.2557886335665352,20,0.2325023254726682
kuala_lumpur,Malaysia,730.0,1059.0,33,spatial_cluster,direct_edge_mpnn,0.5119509933468851,20,0.2325023254726682
kuala_lumpur,Malaysia,730.0,1059.0,33,spatial_cluster,direct_full,0.10338139820864331,20,0.2325023254726682
kuala_lumpur,Malaysia,730.0,1059.0,33,spatial_cluster,direct_sage,0.05258241638561616,20,0.2325023254726682
kuala_lumpur,Malaysia,730.0,1059.0,33,spatial_cluster,residual_edge_mpnn,0.24101498984275732,20,0.2325023254726682
kuala_lumpur,Malaysia,730.0,1059.0,33,spatial_cluster,residual_full,0.0614268063985708,20,0.2325023254726682
kuala_lumpur,Malaysia,730.0,1059.0,33,spatial_cluster,residual_sage,0.06017758658961046,20,0.2325023254726682
kuala_lumpur,Malaysia,730.0,1059.0,33,spatial_cluster,spectral,0.5090539074123521,20,0.2325023254726682
kuala_lumpur,Malaysia,730.0,1059.0,33,spatial_cluster,spectral_second_order,0.5089295020205438,20,0.2325023254726682
kuala_lumpur,Malaysia,730.0,1059.0,33,targeted,direct_edge_mpnn,0.1751398799343396,20,0.2325023254726682
kuala_lumpur,Malaysia,730.0,1059.0,33,targeted,direct_full,0.12876277237489045,20,0.2325023254726682
kuala_lumpur,Malaysia,730.0,1059.0,33,targeted,direct_sage,0.10593206271240618,20,0.2325023254726682
kuala_lumpur,Malaysia,730.0,1059.0,33,targeted,residual_edge_mpnn,0.15460941958721863,20,0.2325023254726682
kuala_lumpur,Malaysia,730.0,1059.0,33,targeted,residual_full,0.12340589532241115,20,0.2325023254726682
kuala_lumpur,Malaysia,730.0,1059.0,33,targeted,residual_sage,0.11063157333837714,20,0.2325023254726682
kuala_lumpur,Malaysia,730.0,1059.0,33,targeted,spectral,0.16720700430806126,20,0.2325023254726682
kuala_lumpur,Malaysia,730.0,1059.0,33,targeted,spectral_second_order,0.16694659013367438,20,0.2325023254726682
kuala_lumpur,Malaysia,730.0,1059.0,44,independent,direct_edge_mpnn,0.19984716103700387,20,0.2325023254726682
kuala_lumpur,Malaysia,730.0,1059.0,44,independent,direct_full,0.1769873801740764,20,0.2325023254726682
kuala_lumpur,Malaysia,730.0,1059.0,44,independent,direct_sage,0.20440317766097768,20,0.2325023254726682
kuala_lumpur,Malaysia,730.0,1059.0,44,independent,residual_edge_mpnn,0.16366574300186715,20,0.2325023254726682
kuala_lumpur,Malaysia,730.0,1059.0,44,independent,residual_full,0.1576184702915193,20,0.2325023254726682
kuala_lumpur,Malaysia,730.0,1059.0,44,independent,residual_sage,0.16078857270373842,20,0.2325023254726682
kuala_lumpur,Malaysia,730.0,1059.0,44,independent,spectral,0.4537024523626515,20,0.2325023254726682
kuala_lumpur,Malaysia,730.0,1059.0,44,independent,spectral_second_order,0.45342821811102063,20,0.2325023254726682
kuala_lumpur,Malaysia,730.0,1059.0,44,spatial_cluster,direct_edge_mpnn,0.17508610374782554,20,0.2325023254726682
kuala_lumpur,Malaysia,730.0,1059.0,44,spatial_cluster,direct_full,0.1428893186107682,20,0.2325023254726682
kuala_lumpur,Malaysia,730.0,1059.0,44,spatial_cluster,direct_sage,0.13077837526355254,20,0.2325023254726682
kuala_lumpur,Malaysia,730.0,1059.0,44,spatial_cluster,residual_edge_mpnn,0.07012788587738146,20,0.2325023254726682
kuala_lumpur,Malaysia,730.0,1059.0,44,spatial_cluster,residual_full,0.06545534259771606,20,0.2325023254726682
kuala_lumpur,Malaysia,730.0,1059.0,44,spatial_cluster,residual_sage,0.14082782100443114,20,0.2325023254726682
kuala_lumpur,Malaysia,730.0,1059.0,44,spatial_cluster,spectral,0.6607007048961513,20,0.2325023254726682
kuala_lumpur,Malaysia,730.0,1059.0,44,spatial_cluster,spectral_second_order,0.6593534187696378,20,0.2325023254726682
kuala_lumpur,Malaysia,730.0,1059.0,44,targeted,direct_edge_mpnn,0.24696715520311532,20,0.2325023254726682
kuala_lumpur,Malaysia,730.0,1059.0,44,targeted,direct_full,0.13568526306345172,20,0.2325023254726682
kuala_lumpur,Malaysia,730.0,1059.0,44,targeted,direct_sage,0.17102502275889384,20,0.2325023254726682
kuala_lumpur,Malaysia,730.0,1059.0,44,targeted,residual_edge_mpnn,0.13530781085338656,20,0.2325023254726682
kuala_lumpur,Malaysia,730.0,1059.0,44,targeted,residual_full,0.13684897060806284,20,0.2325023254726682
kuala_lumpur,Malaysia,730.0,1059.0,44,targeted,residual_sage,0.12530714540143353,20,0.2325023254726682
kuala_lumpur,Malaysia,730.0,1059.0,44,targeted,spectral,0.17764516814185222,20,0.2325023254726682
kuala_lumpur,Malaysia,730.0,1059.0,44,targeted,spectral_second_order,0.17670746135117815,20,0.2325023254726682
kuala_lumpur,Malaysia,730.0,1059.0,55,independent,direct_edge_mpnn,0.15956643684798036,20,0.2325023254726682
kuala_lumpur,Malaysia,730.0,1059.0,55,independent,direct_full,0.2104386911641501,20,0.2325023254726682
kuala_lumpur,Malaysia,730.0,1059.0,55,independent,direct_sage,0.20355648384836117,20,0.2325023254726682
kuala_lumpur,Malaysia,730.0,1059.0,55,independent,residual_edge_mpnn,0.4161547517451944,20,0.2325023254726682
kuala_lumpur,Malaysia,730.0,1059.0,55,independent,residual_full,0.2121012283769923,20,0.2325023254726682
kuala_lumpur,Malaysia,730.0,1059.0,55,independent,residual_sage,0.2086392121922988,20,0.2325023254726682
kuala_lumpur,Malaysia,730.0,1059.0,55,independent,spectral,0.41032014144239587,20,0.2325023254726682
kuala_lumpur,Malaysia,730.0,1059.0,55,independent,spectral_second_order,0.4100509147372427,20,0.2325023254726682
kuala_lumpur,Malaysia,730.0,1059.0,55,spatial_cluster,direct_edge_mpnn,0.08404955640554929,20,0.2325023254726682
kuala_lumpur,Malaysia,730.0,1059.0,55,spatial_cluster,direct_full,0.13942943923295043,20,0.2325023254726682
kuala_lumpur,Malaysia,730.0,1059.0,55,spatial_cluster,direct_sage,0.08885618848845864,20,0.2325023254726682
kuala_lumpur,Malaysia,730.0,1059.0,55,spatial_cluster,residual_edge_mpnn,0.4529384641896138,20,0.2325023254726682
kuala_lumpur,Malaysia,730.0,1059.0,55,spatial_cluster,residual_full,0.024698850418175194,20,0.2325023254726682
kuala_lumpur,Malaysia,730.0,1059.0,55,spatial_cluster,residual_sage,0.037189406580258724,20,0.2325023254726682
kuala_lumpur,Malaysia,730.0,1059.0,55,spatial_cluster,spectral,0.4519115201037033,20,0.2325023254726682
kuala_lumpur,Malaysia,730.0,1059.0,55,spatial_cluster,spectral_second_order,0.451895173509814,20,0.2325023254726682
kuala_lumpur,Malaysia,730.0,1059.0,55,targeted,direct_edge_mpnn,0.21587439588320492,20,0.2325023254726682
kuala_lumpur,Malaysia,730.0,1059.0,55,targeted,direct_full,0.1687395747600077,20,0.2325023254726682
kuala_lumpur,Malaysia,730.0,1059.0,55,targeted,direct_sage,0.16841671877622846,20,0.2325023254726682
kuala_lumpur,Malaysia,730.0,1059.0,55,targeted,residual_edge_mpnn,0.18073297146248596,20,0.2325023254726682
kuala_lumpur,Malaysia,730.0,1059.0,55,targeted,residual_full,0.17039969173266517,20,0.2325023254726682
kuala_lumpur,Malaysia,730.0,1059.0,55,targeted,residual_sage,0.16536270414718396,20,0.2325023254726682
kuala_lumpur,Malaysia,730.0,1059.0,55,targeted,spectral,0.16813173985289914,20,0.2325023254726682
kuala_lumpur,Malaysia,730.0,1059.0,55,targeted,spectral_second_order,0.16678777134191264,20,0.2325023254726682
kyoto,Japan,909.0,1468.0,11,independent,direct_edge_mpnn,0.08659437051467724,20,0.942498401496082
kyoto,Japan,909.0,1468.0,11,independent,direct_full,0.1212490707119567,20,0.942498401496082
kyoto,Japan,909.0,1468.0,11,independent,direct_sage,0.14055316107772417,20,0.942498401496082
kyoto,Japan,909.0,1468.0,11,independent,residual_edge_mpnn,0.06138508382320353,20,0.942498401496082
kyoto,Japan,909.0,1468.0,11,independent,residual_full,0.05979673587421289,20,0.942498401496082
kyoto,Japan,909.0,1468.0,11,independent,residual_sage,0.10433223083110674,20,0.942498401496082
kyoto,Japan,909.0,1468.0,11,independent,spectral,0.10330215369426037,20,0.942498401496082
kyoto,Japan,909.0,1468.0,11,independent,spectral_second_order,0.10327571792435312,20,0.942498401496082
kyoto,Japan,909.0,1468.0,11,spatial_cluster,direct_edge_mpnn,0.14029594617613292,20,0.942498401496082
kyoto,Japan,909.0,1468.0,11,spatial_cluster,direct_full,0.07920197206266857,20,0.942498401496082
kyoto,Japan,909.0,1468.0,11,spatial_cluster,direct_sage,0.07784254043080546,20,0.942498401496082
kyoto,Japan,909.0,1468.0,11,spatial_cluster,residual_edge_mpnn,0.08860226713304109,20,0.942498401496082
kyoto,Japan,909.0,1468.0,11,spatial_cluster,residual_full,0.03621682926596438,20,0.942498401496082
kyoto,Japan,909.0,1468.0,11,spatial_cluster,residual_sage,0.05119536652934328,20,0.942498401496082
kyoto,Japan,909.0,1468.0,11,spatial_cluster,spectral,0.30398436885685143,20,0.942498401496082
kyoto,Japan,909.0,1468.0,11,spatial_cluster,spectral_second_order,0.30395404013781635,20,0.942498401496082
kyoto,Japan,909.0,1468.0,11,targeted,direct_edge_mpnn,0.04168074645254129,20,0.942498401496082
kyoto,Japan,909.0,1468.0,11,targeted,direct_full,0.030319407579667758,20,0.942498401496082
kyoto,Japan,909.0,1468.0,11,targeted,direct_sage,0.030191376121094883,20,0.942498401496082
kyoto,Japan,909.0,1468.0,11,targeted,residual_edge_mpnn,0.027566033732802496,20,0.942498401496082
kyoto,Japan,909.0,1468.0,11,targeted,residual_full,0.01801619599858222,20,0.942498401496082
kyoto,Japan,909.0,1468.0,11,targeted,residual_sage,0.020699813173207616,20,0.942498401496082
kyoto,Japan,909.0,1468.0,11,targeted,spectral,0.015275332995956709,20,0.942498401496082
kyoto,Japan,909.0,1468.0,11,targeted,spectral_second_order,0.014841353984892131,20,0.942498401496082
kyoto,Japan,909.0,1468.0,22,independent,direct_edge_mpnn,0.09869237104875127,20,0.942498401496082
kyoto,Japan,909.0,1468.0,22,independent,direct_full,0.06122721815926112,20,0.942498401496082
kyoto,Japan,909.0,1468.0,22,independent,direct_sage,0.03624390969497242,20,0.942498401496082
kyoto,Japan,909.0,1468.0,22,independent,residual_edge_mpnn,0.036246362754698884,20,0.942498401496082
kyoto,Japan,909.0,1468.0,22,independent,residual_full,0.19622620055896323,20,0.942498401496082
kyoto,Japan,909.0,1468.0,22,independent,residual_sage,0.005619173725348904,20,0.942498401496082
kyoto,Japan,909.0,1468.0,22,independent,spectral,0.20430974947951142,20,0.942498401496082
kyoto,Japan,909.0,1468.0,22,independent,spectral_second_order,0.2042643160114534,20,0.942498401496082
kyoto,Japan,909.0,1468.0,22,spatial_cluster,direct_edge_mpnn,0.11199299259346049,20,0.942498401496082
kyoto,Japan,909.0,1468.0,22,spatial_cluster,direct_full,0.047352833806090754,20,0.942498401496082
kyoto,Japan,909.0,1468.0,22,spatial_cluster,direct_sage,0.027276361680143264,20,0.942498401496082
kyoto,Japan,909.0,1468.0,22,spatial_cluster,residual_edge_mpnn,0.04493591664024052,20,0.942498401496082
kyoto,Japan,909.0,1468.0,22,spatial_cluster,residual_full,0.11120575977724115,20,0.942498401496082
kyoto,Japan,909.0,1468.0,22,spatial_cluster,residual_sage,0.0019808877863196498,20,0.942498401496082
kyoto,Japan,909.0,1468.0,22,spatial_cluster,spectral,0.5495577994782885,20,0.942498401496082
kyoto,Japan,909.0,1468.0,22,spatial_cluster,spectral_second_order,0.5494727522859123,20,0.942498401496082
kyoto,Japan,909.0,1468.0,22,targeted,direct_edge_mpnn,0.11514032321724199,20,0.942498401496082
kyoto,Japan,909.0,1468.0,22,targeted,direct_full,0.10973476308140065,20,0.942498401496082
kyoto,Japan,909.0,1468.0,22,targeted,direct_sage,0.0338964526606853,20,0.942498401496082
kyoto,Japan,909.0,1468.0,22,targeted,residual_edge_mpnn,0.04443786975933685,20,0.942498401496082
kyoto,Japan,909.0,1468.0,22,targeted,residual_full,0.24080174776467586,20,0.942498401496082
kyoto,Japan,909.0,1468.0,22,targeted,residual_sage,0.013380708598070657,20,0.942498401496082
kyoto,Japan,909.0,1468.0,22,targeted,spectral,0.11035614991783767,20,0.942498401496082
kyoto,Japan,909.0,1468.0,22,targeted,spectral_second_order,0.11022220093049725,20,0.942498401496082
kyoto,Japan,909.0,1468.0,33,independent,direct_edge_mpnn,0.0594282036361954,20,0.942498401496082
kyoto,Japan,909.0,1468.0,33,independent,direct_full,0.11718603710702442,20,0.942498401496082
kyoto,Japan,909.0,1468.0,33,independent,direct_sage,0.08882684265612659,20,0.942498401496082
kyoto,Japan,909.0,1468.0,33,independent,residual_edge_mpnn,0.10868742040416979,20,0.942498401496082
kyoto,Japan,909.0,1468.0,33,independent,residual_full,0.06509403104461513,20,0.942498401496082
kyoto,Japan,909.0,1468.0,33,independent,residual_sage,0.058950761444281685,20,0.942498401496082
kyoto,Japan,909.0,1468.0,33,independent,spectral,0.05638012428734164,20,0.942498401496082
kyoto,Japan,909.0,1468.0,33,independent,spectral_second_order,0.0563466554503787,20,0.942498401496082
kyoto,Japan,909.0,1468.0,33,spatial_cluster,direct_edge_mpnn,0.30635986790304215,20,0.942498401496082
kyoto,Japan,909.0,1468.0,33,spatial_cluster,direct_full,0.06419745333249535,20,0.942498401496082
kyoto,Japan,909.0,1468.0,33,spatial_cluster,direct_sage,0.0179816065306345,20,0.942498401496082
kyoto,Japan,909.0,1468.0,33,spatial_cluster,residual_edge_mpnn,0.19569270875061717,20,0.942498401496082
kyoto,Japan,909.0,1468.0,33,spatial_cluster,residual_full,0.005973865941736405,20,0.942498401496082
kyoto,Japan,909.0,1468.0,33,spatial_cluster,residual_sage,0.00602195762341052,20,0.942498401496082
kyoto,Japan,909.0,1468.0,33,spatial_cluster,spectral,0.30332919796469804,20,0.942498401496082
kyoto,Japan,909.0,1468.0,33,spatial_cluster,spectral_second_order,0.30326593953870223,20,0.942498401496082
kyoto,Japan,909.0,1468.0,33,targeted,direct_edge_mpnn,0.025216791504104198,20,0.942498401496082
kyoto,Japan,909.0,1468.0,33,targeted,direct_full,0.04539865268291464,20,0.942498401496082
kyoto,Japan,909.0,1468.0,33,targeted,direct_sage,0.019928914613277986,20,0.942498401496082
kyoto,Japan,909.0,1468.0,33,targeted,residual_edge_mpnn,0.043673240823417434,20,0.942498401496082
kyoto,Japan,909.0,1468.0,33,targeted,residual_full,0.021299921419178077,20,0.942498401496082
kyoto,Japan,909.0,1468.0,33,targeted,residual_sage,0.02176438719504007,20,0.942498401496082
kyoto,Japan,909.0,1468.0,33,targeted,spectral,0.016001757166157957,20,0.942498401496082
kyoto,Japan,909.0,1468.0,33,targeted,spectral_second_order,0.0157272849749771,20,0.942498401496082
kyoto,Japan,909.0,1468.0,44,independent,direct_edge_mpnn,0.053181154497422375,20,0.942498401496082
kyoto,Japan,909.0,1468.0,44,independent,direct_full,0.050987944782234826,20,0.942498401496082
kyoto,Japan,909.0,1468.0,44,independent,direct_sage,0.1195441210945026,20,0.942498401496082
kyoto,Japan,909.0,1468.0,44,independent,residual_edge_mpnn,0.014703336992103508,20,0.942498401496082
kyoto,Japan,909.0,1468.0,44,independent,residual_full,0.012444505484320093,20,0.942498401496082
kyoto,Japan,909.0,1468.0,44,independent,residual_sage,0.05639765209750095,20,0.942498401496082
kyoto,Japan,909.0,1468.0,44,independent,spectral,0.10891241329183239,20,0.942498401496082
kyoto,Japan,909.0,1468.0,44,independent,spectral_second_order,0.10886388879703249,20,0.942498401496082
kyoto,Japan,909.0,1468.0,44,spatial_cluster,direct_edge_mpnn,0.16162360060344966,20,0.942498401496082
kyoto,Japan,909.0,1468.0,44,spatial_cluster,direct_full,0.09306461914758714,20,0.942498401496082
kyoto,Japan,909.0,1468.0,44,spatial_cluster,direct_sage,0.10043737619500193,20,0.942498401496082
kyoto,Japan,909.0,1468.0,44,spatial_cluster,residual_edge_mpnn,0.03221692667658956,20,0.942498401496082
kyoto,Japan,909.0,1468.0,44,spatial_cluster,residual_full,0.005287436104011195,20,0.942498401496082
kyoto,Japan,909.0,1468.0,44,spatial_cluster,residual_sage,0.08384404770414862,20,0.942498401496082
kyoto,Japan,909.0,1468.0,44,spatial_cluster,spectral,0.35246684873288225,20,0.942498401496082
kyoto,Japan,909.0,1468.0,44,spatial_cluster,spectral_second_order,0.3521729083273627,20,0.942498401496082
kyoto,Japan,909.0,1468.0,44,targeted,direct_edge_mpnn,0.08846891396417321,20,0.942498401496082
kyoto,Japan,909.0,1468.0,44,targeted,direct_full,0.09453951087518633,20,0.942498401496082
kyoto,Japan,909.0,1468.0,44,targeted,direct_sage,0.12397949141188562,20,0.942498401496082
kyoto,Japan,909.0,1468.0,44,targeted,residual_edge_mpnn,0.05990438747613164,20,0.942498401496082
kyoto,Japan,909.0,1468.0,44,targeted,residual_full,0.06278734500781591,20,0.942498401496082
kyoto,Japan,909.0,1468.0,44,targeted,residual_sage,0.062421811429798524,20,0.942498401496082
kyoto,Japan,909.0,1468.0,44,targeted,spectral,0.05846817021553948,20,0.942498401496082
kyoto,Japan,909.0,1468.0,44,targeted,spectral_second_order,0.05837308221262183,20,0.942498401496082
kyoto,Japan,909.0,1468.0,55,independent,direct_edge_mpnn,0.06464945657153973,20,0.942498401496082
kyoto,Japan,909.0,1468.0,55,independent,direct_full,0.06552073894702637,20,0.942498401496082
kyoto,Japan,909.0,1468.0,55,independent,direct_sage,0.11533681819849455,20,0.942498401496082
kyoto,Japan,909.0,1468.0,55,independent,residual_edge_mpnn,0.25626500253862894,20,0.942498401496082
kyoto,Japan,909.0,1468.0,55,independent,residual_full,0.055820473833654106,20,0.942498401496082
kyoto,Japan,909.0,1468.0,55,independent,residual_sage,0.05303295670025242,20,0.942498401496082
kyoto,Japan,909.0,1468.0,55,independent,spectral,0.2533233285025239,20,0.942498401496082
kyoto,Japan,909.0,1468.0,55,independent,spectral_second_order,0.25327976671296554,20,0.942498401496082
kyoto,Japan,909.0,1468.0,55,spatial_cluster,direct_edge_mpnn,0.05834472294847117,20,0.942498401496082
kyoto,Japan,909.0,1468.0,55,spatial_cluster,direct_full,0.10734111995178792,20,0.942498401496082
kyoto,Japan,909.0,1468.0,55,spatial_cluster,direct_sage,0.13513873305845592,20,0.942498401496082
kyoto,Japan,909.0,1468.0,55,spatial_cluster,residual_edge_mpnn,0.40370396401059294,20,0.942498401496082
kyoto,Japan,909.0,1468.0,55,spatial_cluster,residual_full,0.0037039640105929394,20,0.942498401496082
kyoto,Japan,909.0,1468.0,55,spatial_cluster,residual_sage,0.028111930917030608,20,0.942498401496082
kyoto,Japan,909.0,1468.0,55,spatial_cluster,spectral,0.4010506024856113,20,0.942498401496082
kyoto,Japan,909.0,1468.0,55,spatial_cluster,spectral_second_order,0.4009698686971007,20,0.942498401496082
kyoto,Japan,909.0,1468.0,55,targeted,direct_edge_mpnn,0.08310851051308268,20,0.942498401496082
kyoto,Japan,909.0,1468.0,55,targeted,direct_full,0.01740094063700674,20,0.942498401496082
kyoto,Japan,909.0,1468.0,55,targeted,direct_sage,0.0751690492161884,20,0.942498401496082
kyoto,Japan,909.0,1468.0,55,targeted,residual_edge_mpnn,0.02963758407744025,20,0.942498401496082
kyoto,Japan,909.0,1468.0,55,targeted,residual_full,0.02502667115653313,20,0.942498401496082
kyoto,Japan,909.0,1468.0,55,targeted,residual_sage,0.018752024100408042,20,0.942498401496082
kyoto,Japan,909.0,1468.0,55,targeted,spectral,0.019434520897653983,20,0.942498401496082
kyoto,Japan,909.0,1468.0,55,targeted,spectral_second_order,0.019212458336817465,20,0.942498401496082
singapore,Singapore,759.0,1121.0,11,independent,direct_edge_mpnn,0.027759058374930527,20,0.5013485374189975
singapore,Singapore,759.0,1121.0,11,independent,direct_full,0.04316303824442559,20,0.5013485374189975
singapore,Singapore,759.0,1121.0,11,independent,direct_sage,0.1334430734295215,20,0.5013485374189975
singapore,Singapore,759.0,1121.0,11,independent,residual_edge_mpnn,0.01081964174629475,20,0.5013485374189975
singapore,Singapore,759.0,1121.0,11,independent,residual_full,0.04357873081343085,20,0.5013485374189975
singapore,Singapore,759.0,1121.0,11,independent,residual_sage,0.06098029556827646,20,0.5013485374189975
singapore,Singapore,759.0,1121.0,11,independent,spectral,0.21104840200825348,20,0.5013485374189975
singapore,Singapore,759.0,1121.0,11,independent,spectral_second_order,0.2109582936931051,20,0.5013485374189975
singapore,Singapore,759.0,1121.0,11,spatial_cluster,direct_edge_mpnn,0.0860297924349365,20,0.5013485374189975
singapore,Singapore,759.0,1121.0,11,spatial_cluster,direct_full,0.028617750458205377,20,0.5013485374189975
singapore,Singapore,759.0,1121.0,11,spatial_cluster,direct_sage,0.0801129442150054,20,0.5013485374189975
singapore,Singapore,759.0,1121.0,11,spatial_cluster,residual_edge_mpnn,0.03335183537325833,20,0.5013485374189975
singapore,Singapore,759.0,1121.0,11,spatial_cluster,residual_full,0.05081070587110732,20,0.5013485374189975
singapore,Singapore,759.0,1121.0,11,spatial_cluster,residual_sage,0.0758075362580382,20,0.5013485374189975
singapore,Singapore,759.0,1121.0,11,spatial_cluster,spectral,0.7495753953409076,20,0.5013485374189975
singapore,Singapore,759.0,1121.0,11,spatial_cluster,spectral_second_order,0.7494625750155393,20,0.5013485374189975
singapore,Singapore,759.0,1121.0,11,targeted,direct_edge_mpnn,0.0728047844002477,20,0.5013485374189975
singapore,Singapore,759.0,1121.0,11,targeted,direct_full,0.09205117466212318,20,0.5013485374189975
singapore,Singapore,759.0,1121.0,11,targeted,direct_sage,0.1899477304445466,20,0.5013485374189975
singapore,Singapore,759.0,1121.0,11,targeted,residual_edge_mpnn,0.06331893141569671,20,0.5013485374189975
singapore,Singapore,759.0,1121.0,11,targeted,residual_full,0.10080035206655642,20,0.5013485374189975
singapore,Singapore,759.0,1121.0,11,targeted,residual_sage,0.11335656141696356,20,0.5013485374189975
singapore,Singapore,759.0,1121.0,11,targeted,spectral,0.11638045871658946,20,0.5013485374189975
singapore,Singapore,759.0,1121.0,11,targeted,spectral_second_order,0.1161717849805904,20,0.5013485374189975
singapore,Singapore,759.0,1121.0,22,independent,direct_edge_mpnn,0.10260510098973699,20,0.5013485374189975
singapore,Singapore,759.0,1121.0,22,independent,direct_full,0.16756917979073405,20,0.5013485374189975
singapore,Singapore,759.0,1121.0,22,independent,direct_sage,0.13703622403991103,20,0.5013485374189975
singapore,Singapore,759.0,1121.0,22,independent,residual_edge_mpnn,0.1420140875081408,20,0.5013485374189975
singapore,Singapore,759.0,1121.0,22,independent,residual_full,0.10631514534733502,20,0.5013485374189975
singapore,Singapore,759.0,1121.0,22,independent,residual_sage,0.09977507501203722,20,0.5013485374189975
singapore,Singapore,759.0,1121.0,22,independent,spectral,0.2525358668514844,20,0.5013485374189975
singapore,Singapore,759.0,1121.0,22,independent,spectral_second_order,0.25231808739658035,20,0.5013485374189975
singapore,Singapore,759.0,1121.0,22,spatial_cluster,direct_edge_mpnn,0.051205633831473696,20,0.5013485374189975
singapore,Singapore,759.0,1121.0,22,spatial_cluster,direct_full,0.05093005433954797,20,0.5013485374189975
singapore,Singapore,759.0,1121.0,22,spatial_cluster,direct_sage,0.05054764174201093,20,0.5013485374189975
singapore,Singapore,759.0,1121.0,22,spatial_cluster,residual_edge_mpnn,0.040004814853223644,20,0.5013485374189975
singapore,Singapore,759.0,1121.0,22,spatial_cluster,residual_full,0.022905878506482957,20,0.5013485374189975
singapore,Singapore,759.0,1121.0,22,spatial_cluster,residual_sage,0.022942597185819813,20,0.5013485374189975
singapore,Singapore,759.0,1121.0,22,spatial_cluster,spectral,0.6685271288263015,20,0.5013485374189975
singapore,Singapore,759.0,1121.0,22,spatial_cluster,spectral_second_order,0.6680320968897736,20,0.5013485374189975
singapore,Singapore,759.0,1121.0,22,targeted,direct_edge_mpnn,0.04352608933579573,20,0.5013485374189975
singapore,Singapore,759.0,1121.0,22,targeted,direct_full,0.05037161772605979,20,0.5013485374189975
singapore,Singapore,759.0,1121.0,22,targeted,direct_sage,0.033915790258916265,20,0.5013485374189975
singapore,Singapore,759.0,1121.0,22,targeted,residual_edge_mpnn,0.045132912650235626,20,0.5013485374189975
singapore,Singapore,759.0,1121.0,22,targeted,residual_full,0.018933444515339345,20,0.5013485374189975
singapore,Singapore,759.0,1121.0,22,targeted,residual_sage,0.013014202837136845,20,0.5013485374189975
singapore,Singapore,759.0,1121.0,22,targeted,spectral,0.1122838354872531,20,0.5013485374189975
singapore,Singapore,759.0,1121.0,22,targeted,spectral_second_order,0.11159595187914233,20,0.5013485374189975
singapore,Singapore,759.0,1121.0,33,independent,direct_edge_mpnn,0.1631503732114709,20,0.5013485374189975
singapore,Singapore,759.0,1121.0,33,independent,direct_full,0.07977936193566024,20,0.5013485374189975
singapore,Singapore,759.0,1121.0,33,independent,direct_sage,0.028760975612949664,20,0.5013485374189975
singapore,Singapore,759.0,1121.0,33,independent,residual_edge_mpnn,0.0587272486478411,20,0.5013485374189975
singapore,Singapore,759.0,1121.0,33,independent,residual_full,0.011797919886527142,20,0.5013485374189975
singapore,Singapore,759.0,1121.0,33,independent,residual_sage,0.010845878225160336,20,0.5013485374189975
singapore,Singapore,759.0,1121.0,33,independent,spectral,0.15794607416787027,20,0.5013485374189975
singapore,Singapore,759.0,1121.0,33,independent,spectral_second_order,0.15735090305708083,20,0.5013485374189975
singapore,Singapore,759.0,1121.0,33,spatial_cluster,direct_edge_mpnn,0.6047409246106038,20,0.5013485374189975
singapore,Singapore,759.0,1121.0,33,spatial_cluster,direct_full,0.12382818665507353,20,0.5013485374189975
singapore,Singapore,759.0,1121.0,33,spatial_cluster,direct_sage,0.07128930743935621,20,0.5013485374189975
singapore,Singapore,759.0,1121.0,33,spatial_cluster,residual_edge_mpnn,0.20682767439741995,20,0.5013485374189975
singapore,Singapore,759.0,1121.0,33,spatial_cluster,residual_full,0.10114898703883976,20,0.5013485374189975
singapore,Singapore,759.0,1121.0,33,spatial_cluster,residual_sage,0.10155064802508444,20,0.5013485374189975
singapore,Singapore,759.0,1121.0,33,spatial_cluster,spectral,0.6017461090189065,20,0.5013485374189975
singapore,Singapore,759.0,1121.0,33,spatial_cluster,spectral_second_order,0.6012215084957466,20,0.5013485374189975
singapore,Singapore,759.0,1121.0,33,targeted,direct_edge_mpnn,0.07710298530395265,20,0.5013485374189975
singapore,Singapore,759.0,1121.0,33,targeted,direct_full,0.09385797906854193,20,0.5013485374189975
singapore,Singapore,759.0,1121.0,33,targeted,direct_sage,0.025710548315738786,20,0.5013485374189975
singapore,Singapore,759.0,1121.0,33,targeted,residual_edge_mpnn,0.09061163643968731,20,0.5013485374189975
singapore,Singapore,759.0,1121.0,33,targeted,residual_full,0.07460995128016111,20,0.5013485374189975
singapore,Singapore,759.0,1121.0,33,targeted,residual_sage,0.07303836203749417,20,0.5013485374189975
singapore,Singapore,759.0,1121.0,33,targeted,spectral,0.06818448895788336,20,0.5013485374189975
singapore,Singapore,759.0,1121.0,33,targeted,spectral_second_order,0.06787765971215678,20,0.5013485374189975
singapore,Singapore,759.0,1121.0,44,independent,direct_edge_mpnn,0.12032561706702675,20,0.5013485374189975
singapore,Singapore,759.0,1121.0,44,independent,direct_full,0.12205580151032176,20,0.5013485374189975
singapore,Singapore,759.0,1121.0,44,independent,direct_sage,0.1423079311321255,20,0.5013485374189975
singapore,Singapore,759.0,1121.0,44,independent,residual_edge_mpnn,0.05780364512528556,20,0.5013485374189975
singapore,Singapore,759.0,1121.0,44,independent,residual_full,0.05846788646329674,20,0.5013485374189975
singapore,Singapore,759.0,1121.0,44,independent,residual_sage,0.10303106821030905,20,0.5013485374189975
singapore,Singapore,759.0,1121.0,44,independent,spectral,0.3050234370382263,20,0.5013485374189975
singapore,Singapore,759.0,1121.0,44,independent,spectral_second_order,0.30461511152522974,20,0.5013485374189975
singapore,Singapore,759.0,1121.0,44,spatial_cluster,direct_edge_mpnn,0.10509975547318232,20,0.5013485374189975
singapore,Singapore,759.0,1121.0,44,spatial_cluster,direct_full,0.04956274530266294,20,0.5013485374189975
singapore,Singapore,759.0,1121.0,44,spatial_cluster,direct_sage,0.06376327811156286,20,0.5013485374189975
singapore,Singapore,759.0,1121.0,44,spatial_cluster,residual_edge_mpnn,0.01550535712738405,20,0.5013485374189975
singapore,Singapore,759.0,1121.0,44,spatial_cluster,residual_full,0.0035438387247465875,20,0.5013485374189975
singapore,Singapore,759.0,1121.0,44,spatial_cluster,residual_sage,0.10111223481942784,20,0.5013485374189975
singapore,Singapore,759.0,1121.0,44,spatial_cluster,spectral,0.7501144173822781,20,0.5013485374189975
singapore,Singapore,759.0,1121.0,44,spatial_cluster,spectral_second_order,0.7498357098478416,20,0.5013485374189975
singapore,Singapore,759.0,1121.0,44,targeted,direct_edge_mpnn,0.09999369873250846,20,0.5013485374189975
singapore,Singapore,759.0,1121.0,44,targeted,direct_full,0.09700753396893864,20,0.5013485374189975
singapore,Singapore,759.0,1121.0,44,targeted,direct_sage,0.1453805523759364,20,0.5013485374189975
singapore,Singapore,759.0,1121.0,44,targeted,residual_edge_mpnn,0.05984534673476557,20,0.5013485374189975
singapore,Singapore,759.0,1121.0,44,targeted,residual_full,0.06752372860697517,20,0.5013485374189975
singapore,Singapore,759.0,1121.0,44,targeted,residual_sage,0.07378064979078755,20,0.5013485374189975
singapore,Singapore,759.0,1121.0,44,targeted,spectral,0.06238068060453119,20,0.5013485374189975
singapore,Singapore,759.0,1121.0,44,targeted,spectral_second_order,0.06208871668154218,20,0.5013485374189975
singapore,Singapore,759.0,1121.0,55,independent,direct_edge_mpnn,0.055967010095514226,20,0.5013485374189975
singapore,Singapore,759.0,1121.0,55,independent,direct_full,0.05871073315331302,20,0.5013485374189975
singapore,Singapore,759.0,1121.0,55,independent,direct_sage,0.06313489898522724,20,0.5013485374189975
singapore,Singapore,759.0,1121.0,55,independent,residual_edge_mpnn,0.25926314251590543,20,0.5013485374189975
singapore,Singapore,759.0,1121.0,55,independent,residual_full,0.05803063814854274,20,0.5013485374189975
singapore,Singapore,759.0,1121.0,55,independent,residual_sage,0.0550786682885684,20,0.5013485374189975
singapore,Singapore,759.0,1121.0,55,independent,spectral,0.2559449024317841,20,0.5013485374189975
singapore,Singapore,759.0,1121.0,55,independent,spectral_second_order,0.25572159973352915,20,0.5013485374189975
singapore,Singapore,759.0,1121.0,55,spatial_cluster,direct_edge_mpnn,0.052614520331700484,20,0.5013485374189975
singapore,Singapore,759.0,1121.0,55,spatial_cluster,direct_full,0.057823857357499085,20,0.5013485374189975
singapore,Singapore,759.0,1121.0,55,spatial_cluster,direct_sage,0.021163269756135417,20,0.5013485374189975
singapore,Singapore,759.0,1121.0,55,spatial_cluster,residual_edge_mpnn,0.35795363251260415,20,0.5013485374189975
singapore,Singapore,759.0,1121.0,55,spatial_cluster,residual_full,0.007701621559922829,20,0.5013485374189975
singapore,Singapore,759.0,1121.0,55,spatial_cluster,residual_sage,0.006324553045796719,20,0.5013485374189975
singapore,Singapore,759.0,1121.0,55,spatial_cluster,spectral,0.3547805889253718,20,0.5013485374189975
singapore,Singapore,759.0,1121.0,55,spatial_cluster,spectral_second_order,0.3546606144488815,20,0.5013485374189975
singapore,Singapore,759.0,1121.0,55,targeted,direct_edge_mpnn,0.06906762921405644,20,0.5013485374189975
singapore,Singapore,759.0,1121.0,55,targeted,direct_full,0.024761104307246564,20,0.5013485374189975
singapore,Singapore,759.0,1121.0,55,targeted,direct_sage,0.02595381827708106,20,0.5013485374189975
singapore,Singapore,759.0,1121.0,55,targeted,residual_edge_mpnn,0.033270615837456205,20,0.5013485374189975
singapore,Singapore,759.0,1121.0,55,targeted,residual_full,0.02444124059743578,20,0.5013485374189975
singapore,Singapore,759.0,1121.0,55,targeted,residual_sage,0.01906094662604253,20,0.5013485374189975
singapore,Singapore,759.0,1121.0,55,targeted,spectral,0.020662090766830024,20,0.5013485374189975
singapore,Singapore,759.0,1121.0,55,targeted,spectral_second_order,0.019788681941329232,20,0.5013485374189975
taipei,Taiwan,965.0,1546.0,11,independent,direct_edge_mpnn,0.046822689660268674,20,0.5880716597674565
taipei,Taiwan,965.0,1546.0,11,independent,direct_full,0.06777978598599535,20,0.5880716597674565
taipei,Taiwan,965.0,1546.0,11,independent,direct_sage,0.15039090498809918,20,0.5880716597674565
taipei,Taiwan,965.0,1546.0,11,independent,residual_edge_mpnn,0.00624564255485429,20,0.5880716597674565
taipei,Taiwan,965.0,1546.0,11,independent,residual_full,0.048701911265898776,20,0.5880716597674565
taipei,Taiwan,965.0,1546.0,11,independent,residual_sage,0.020313826253652648,20,0.5880716597674565
taipei,Taiwan,965.0,1546.0,11,independent,spectral,0.25494373245665414,20,0.5880716597674565
taipei,Taiwan,965.0,1546.0,11,independent,spectral_second_order,0.25489185854917257,20,0.5880716597674565
taipei,Taiwan,965.0,1546.0,11,spatial_cluster,direct_edge_mpnn,0.08351191719682864,20,0.5880716597674565
taipei,Taiwan,965.0,1546.0,11,spatial_cluster,direct_full,0.13989071370722703,20,0.5880716597674565
taipei,Taiwan,965.0,1546.0,11,spatial_cluster,direct_sage,0.15762317711176327,20,0.5880716597674565
taipei,Taiwan,965.0,1546.0,11,spatial_cluster,residual_edge_mpnn,0.07886465037861815,20,0.5880716597674565
taipei,Taiwan,965.0,1546.0,11,spatial_cluster,residual_full,0.10022087404193333,20,0.5880716597674565
taipei,Taiwan,965.0,1546.0,11,spatial_cluster,residual_sage,0.06049555020804094,20,0.5880716597674565
taipei,Taiwan,965.0,1546.0,11,spatial_cluster,spectral,0.45357079894263796,20,0.5880716597674565
taipei,Taiwan,965.0,1546.0,11,spatial_cluster,spectral_second_order,0.4535297712483632,20,0.5880716597674565
taipei,Taiwan,965.0,1546.0,11,targeted,direct_edge_mpnn,0.045554316741580614,20,0.5880716597674565
taipei,Taiwan,965.0,1546.0,11,targeted,direct_full,0.06968184574730117,20,0.5880716597674565
taipei,Taiwan,965.0,1546.0,11,targeted,direct_sage,0.16299176453835684,20,0.5880716597674565
taipei,Taiwan,965.0,1546.0,11,targeted,residual_edge_mpnn,0.026706395488445556,20,0.5880716597674565
taipei,Taiwan,965.0,1546.0,11,targeted,residual_full,0.06031537628955562,20,0.5880716597674565
taipei,Taiwan,965.0,1546.0,11,targeted,residual_sage,0.027956789384940412,20,0.5880716597674565
taipei,Taiwan,965.0,1546.0,11,targeted,spectral,0.11267587505610832,20,0.5880716597674565
taipei,Taiwan,965.0,1546.0,11,targeted,spectral_second_order,0.11258856513563005,20,0.5880716597674565
taipei,Taiwan,965.0,1546.0,22,independent,direct_edge_mpnn,0.06486589182895341,20,0.5880716597674565
taipei,Taiwan,965.0,1546.0,22,independent,direct_full,0.13172351888914896,20,0.5880716597674565
taipei,Taiwan,965.0,1546.0,22,independent,direct_sage,0.11872550252427652,20,0.5880716597674565
taipei,Taiwan,965.0,1546.0,22,independent,residual_edge_mpnn,0.09564123045255735,20,0.5880716597674565
taipei,Taiwan,965.0,1546.0,22,independent,residual_full,0.06833279921527183,20,0.5880716597674565
taipei,Taiwan,965.0,1546.0,22,independent,residual_sage,0.06172523227257818,20,0.5880716597674565
taipei,Taiwan,965.0,1546.0,22,independent,spectral,0.2032138027994042,20,0.5880716597674565
taipei,Taiwan,965.0,1546.0,22,independent,spectral_second_order,0.2031599821837748,20,0.5880716597674565
taipei,Taiwan,965.0,1546.0,22,spatial_cluster,direct_edge_mpnn,0.13995955247803937,20,0.5880716597674565
taipei,Taiwan,965.0,1546.0,22,spatial_cluster,direct_full,0.18001840360368948,20,0.5880716597674565
taipei,Taiwan,965.0,1546.0,22,spatial_cluster,direct_sage,0.09145606052036745,20,0.5880716597674565
taipei,Taiwan,965.0,1546.0,22,spatial_cluster,residual_edge_mpnn,0.11908671710546477,20,0.5880716597674565
taipei,Taiwan,965.0,1546.0,22,spatial_cluster,residual_full,0.0710394730981121,20,0.5880716597674565
taipei,Taiwan,965.0,1546.0,22,spatial_cluster,residual_sage,0.07147783235422266,20,0.5880716597674565
taipei,Taiwan,965.0,1546.0,22,spatial_cluster,spectral,0.4561373772526939,20,0.5880716597674565
taipei,Taiwan,965.0,1546.0,22,spatial_cluster,spectral_second_order,0.45603995341621795,20,0.5880716597674565
taipei,Taiwan,965.0,1546.0,22,targeted,direct_edge_mpnn,0.10671633972430186,20,0.5880716597674565
taipei,Taiwan,965.0,1546.0,22,targeted,direct_full,0.06153314190473216,20,0.5880716597674565
taipei,Taiwan,965.0,1546.0,22,targeted,direct_sage,0.07936754492327656,20,0.5880716597674565
taipei,Taiwan,965.0,1546.0,22,targeted,residual_edge_mpnn,0.10512866887945768,20,0.5880716597674565
taipei,Taiwan,965.0,1546.0,22,targeted,residual_full,0.04924381000433305,20,0.5880716597674565
taipei,Taiwan,965.0,1546.0,22,targeted,residual_sage,0.04911469661724944,20,0.5880716597674565
taipei,Taiwan,965.0,1546.0,22,targeted,spectral,0.11078890637366035,20,0.5880716597674565
taipei,Taiwan,965.0,1546.0,22,targeted,spectral_second_order,0.11060264243918871,20,0.5880716597674565
taipei,Taiwan,965.0,1546.0,33,independent,direct_edge_mpnn,0.15690220077579997,20,0.5880716597674565
taipei,Taiwan,965.0,1546.0,33,independent,direct_full,0.1100627291476152,20,0.5880716597674565
taipei,Taiwan,965.0,1546.0,33,independent,direct_sage,0.06822238820445822,20,0.5880716597674565
taipei,Taiwan,965.0,1546.0,33,independent,residual_edge_mpnn,0.10793482395762417,20,0.5880716597674565
taipei,Taiwan,965.0,1546.0,33,independent,residual_full,0.05254830014949822,20,0.5880716597674565
taipei,Taiwan,965.0,1546.0,33,independent,residual_sage,0.056704392517564525,20,0.5880716597674565
taipei,Taiwan,965.0,1546.0,33,independent,spectral,0.154283881280695,20,0.5880716597674565
taipei,Taiwan,965.0,1546.0,33,independent,spectral_second_order,0.15424499294131847,20,0.5880716597674565
taipei,Taiwan,965.0,1546.0,33,spatial_cluster,direct_edge_mpnn,0.3027650612760343,20,0.5880716597674565
taipei,Taiwan,965.0,1546.0,33,spatial_cluster,direct_full,0.12442226825468158,20,0.5880716597674565
taipei,Taiwan,965.0,1546.0,33,spatial_cluster,direct_sage,0.0784180367942891,20,0.5880716597674565
taipei,Taiwan,965.0,1546.0,33,spatial_cluster,residual_edge_mpnn,0.24302085662446835,20,0.5880716597674565
taipei,Taiwan,965.0,1546.0,33,spatial_cluster,residual_full,0.05276506127603432,20,0.5880716597674565
taipei,Taiwan,965.0,1546.0,33,spatial_cluster,residual_sage,0.053082098381594625,20,0.5880716597674565
taipei,Taiwan,965.0,1546.0,33,spatial_cluster,spectral,0.3009454757112486,20,0.5880716597674565
taipei,Taiwan,965.0,1546.0,33,spatial_cluster,spectral_second_order,0.3008831099982515,20,0.5880716597674565
taipei,Taiwan,965.0,1546.0,33,targeted,direct_edge_mpnn,0.012896630322097685,20,0.5880716597674565
taipei,Taiwan,965.0,1546.0,33,targeted,direct_full,0.07558448615902762,20,0.5880716597674565
taipei,Taiwan,965.0,1546.0,33,targeted,direct_sage,0.06886473781293827,20,0.5880716597674565
taipei,Taiwan,965.0,1546.0,33,targeted,residual_edge_mpnn,0.04782362882707157,20,0.5880716597674565
taipei,Taiwan,965.0,1546.0,33,targeted,residual_full,0.06186623474646309,20,0.5880716597674565
taipei,Taiwan,965.0,1546.0,33,targeted,residual_sage,0.02160523858915964,20,0.5880716597674565
taipei,Taiwan,965.0,1546.0,33,targeted,spectral,0.008195554756112985,20,0.5880716597674565
taipei,Taiwan,965.0,1546.0,33,targeted,spectral_second_order,0.00809766375584205,20,0.5880716597674565
taipei,Taiwan,965.0,1546.0,44,independent,direct_edge_mpnn,0.0611479437141997,20,0.5880716597674565
taipei,Taiwan,965.0,1546.0,44,independent,direct_full,0.027667558227902362,20,0.5880716597674565
taipei,Taiwan,965.0,1546.0,44,independent,direct_sage,0.12353175172352618,20,0.5880716597674565
taipei,Taiwan,965.0,1546.0,44,independent,residual_edge_mpnn,0.017999854232409185,20,0.5880716597674565
taipei,Taiwan,965.0,1546.0,44,independent,residual_full,0.015151216073395535,20,0.5880716597674565
taipei,Taiwan,965.0,1546.0,44,independent,residual_sage,0.04752384097254888,20,0.5880716597674565
taipei,Taiwan,965.0,1546.0,44,independent,spectral,0.10931507943846028,20,0.5880716597674565
taipei,Taiwan,965.0,1546.0,44,independent,spectral_second_order,0.10919176454309831,20,0.5880716597674565
taipei,Taiwan,965.0,1546.0,44,spatial_cluster,direct_edge_mpnn,0.15236620970250636,20,0.5880716597674565
taipei,Taiwan,965.0,1546.0,44,spatial_cluster,direct_full,0.09299241688282758,20,0.5880716597674565
taipei,Taiwan,965.0,1546.0,44,spatial_cluster,direct_sage,0.15958494033844745,20,0.5880716597674565
taipei,Taiwan,965.0,1546.0,44,spatial_cluster,residual_edge_mpnn,0.07863812606961998,20,0.5880716597674565
taipei,Taiwan,965.0,1546.0,44,spatial_cluster,residual_full,0.055840891486093655,20,0.5880716597674565
taipei,Taiwan,965.0,1546.0,44,spatial_cluster,residual_sage,0.12869255162955792,20,0.5880716597674565
taipei,Taiwan,965.0,1546.0,44,spatial_cluster,spectral,0.5030083704452387,20,0.5880716597674565
taipei,Taiwan,965.0,1546.0,44,spatial_cluster,spectral_second_order,0.5029046085230865,20,0.5880716597674565
taipei,Taiwan,965.0,1546.0,44,targeted,direct_edge_mpnn,0.1215675051330393,20,0.5880716597674565
taipei,Taiwan,965.0,1546.0,44,targeted,direct_full,0.05063972237952809,20,0.5880716597674565
taipei,Taiwan,965.0,1546.0,44,targeted,direct_sage,0.12712469594616346,20,0.5880716597674565
taipei,Taiwan,965.0,1546.0,44,targeted,residual_edge_mpnn,0.03252409587745385,20,0.5880716597674565
taipei,Taiwan,965.0,1546.0,44,targeted,residual_full,0.025212069898318507,20,0.5880716597674565
taipei,Taiwan,965.0,1546.0,44,targeted,residual_sage,0.053256562328569665,20,0.5880716597674565
taipei,Taiwan,965.0,1546.0,44,targeted,spectral,0.06882188112020611,20,0.5880716597674565
taipei,Taiwan,965.0,1546.0,44,targeted,spectral_second_order,0.06868455726120226,20,0.5880716597674565
taipei,Taiwan,965.0,1546.0,55,independent,direct_edge_mpnn,0.007148299889864515,20,0.5880716597674565
taipei,Taiwan,965.0,1546.0,55,independent,direct_full,0.010653331059087046,20,0.5880716597674565
taipei,Taiwan,965.0,1546.0,55,independent,direct_sage,0.02519172068970276,20,0.5880716597674565
taipei,Taiwan,965.0,1546.0,55,independent,residual_edge_mpnn,0.15440972305549308,20,0.5880716597674565
taipei,Taiwan,965.0,1546.0,55,independent,residual_full,0.004307962979134155,20,0.5880716597674565
taipei,Taiwan,965.0,1546.0,55,independent,residual_sage,0.00231817002479844,20,0.5880716597674565
taipei,Taiwan,965.0,1546.0,55,independent,spectral,0.1516744050605266,20,0.5880716597674565
taipei,Taiwan,965.0,1546.0,55,independent,spectral_second_order,0.15163435893481353,20,0.5880716597674565
taipei,Taiwan,965.0,1546.0,55,spatial_cluster,direct_edge_mpnn,0.0789827160910599,20,0.5880716597674565
taipei,Taiwan,965.0,1546.0,55,spatial_cluster,direct_full,0.0580160688051915,20,0.5880716597674565
taipei,Taiwan,965.0,1546.0,55,spatial_cluster,direct_sage,0.027891789796236872,20,0.5880716597674565
taipei,Taiwan,965.0,1546.0,55,spatial_cluster,residual_edge_mpnn,0.3540656147986315,20,0.5880716597674565
taipei,Taiwan,965.0,1546.0,55,spatial_cluster,residual_full,0.003877803333628927,20,0.5880716597674565
taipei,Taiwan,965.0,1546.0,55,spatial_cluster,residual_sage,0.002554613156420197,20,0.5880716597674565
taipei,Taiwan,965.0,1546.0,55,spatial_cluster,spectral,0.3523531383619049,20,0.5880716597674565
taipei,Taiwan,965.0,1546.0,55,spatial_cluster,spectral_second_order,0.3522955026474789,20,0.5880716597674565
taipei,Taiwan,965.0,1546.0,55,targeted,direct_edge_mpnn,0.039507408192576636,20,0.5880716597674565
taipei,Taiwan,965.0,1546.0,55,targeted,direct_full,0.013961900132157146,20,0.5880716597674565
taipei,Taiwan,965.0,1546.0,55,targeted,direct_sage,0.02173668860392458,20,0.5880716597674565
taipei,Taiwan,965.0,1546.0,55,targeted,residual_edge_mpnn,0.0730880737972526,20,0.5880716597674565
taipei,Taiwan,965.0,1546.0,55,targeted,residual_full,0.0219841812008141,20,0.5880716597674565
taipei,Taiwan,965.0,1546.0,55,targeted,residual_sage,0.016662548345475155,20,0.5880716597674565
taipei,Taiwan,965.0,1546.0,55,targeted,spectral,0.06582898882248539,20,0.5880716597674565
taipei,Taiwan,965.0,1546.0,55,targeted,spectral_second_order,0.06553490641394334,20,0.5880716597674565
tokyo,Japan,1108.0,1675.0,11,independent,direct_edge_mpnn,0.07418092642463252,20,0.377395270031847
tokyo,Japan,1108.0,1675.0,11,independent,direct_full,0.11751019824478644,20,0.377395270031847
tokyo,Japan,1108.0,1675.0,11,independent,direct_sage,0.1712199077431064,20,0.377395270031847
tokyo,Japan,1108.0,1675.0,11,independent,residual_edge_mpnn,0.10075614899493564,20,0.377395270031847
tokyo,Japan,1108.0,1675.0,11,independent,residual_full,0.18123251129425572,20,0.377395270031847
tokyo,Japan,1108.0,1675.0,11,independent,residual_sage,0.13301163250636272,20,0.377395270031847
tokyo,Japan,1108.0,1675.0,11,independent,spectral,0.1522582487177205,20,0.377395270031847
tokyo,Japan,1108.0,1675.0,11,independent,spectral_second_order,0.15201074382596247,20,0.377395270031847
tokyo,Japan,1108.0,1675.0,11,spatial_cluster,direct_edge_mpnn,0.0587177573311188,20,0.377395270031847
tokyo,Japan,1108.0,1675.0,11,spatial_cluster,direct_full,0.02763441578728353,20,0.377395270031847
tokyo,Japan,1108.0,1675.0,11,spatial_cluster,direct_sage,0.07049583164779924,20,0.377395270031847
tokyo,Japan,1108.0,1675.0,11,spatial_cluster,residual_edge_mpnn,0.02620201475230254,20,0.377395270031847
tokyo,Japan,1108.0,1675.0,11,spatial_cluster,residual_full,0.03569996883897562,20,0.377395270031847
tokyo,Japan,1108.0,1675.0,11,spatial_cluster,residual_sage,0.061972974697185754,20,0.377395270031847
tokyo,Japan,1108.0,1675.0,11,spatial_cluster,spectral,0.552961852175949,20,0.377395270031847
tokyo,Japan,1108.0,1675.0,11,spatial_cluster,spectral_second_order,0.5529564970036931,20,0.377395270031847
tokyo,Japan,1108.0,1675.0,11,targeted,direct_edge_mpnn,0.10250049898374274,20,0.377395270031847
tokyo,Japan,1108.0,1675.0,11,targeted,direct_full,0.0573355256874058,20,0.377395270031847
tokyo,Japan,1108.0,1675.0,11,targeted,direct_sage,0.1477600737844725,20,0.377395270031847
tokyo,Japan,1108.0,1675.0,11,targeted,residual_edge_mpnn,0.047516144608383534,20,0.377395270031847
tokyo,Japan,1108.0,1675.0,11,targeted,residual_full,0.1219382108559032,20,0.377395270031847
tokyo,Japan,1108.0,1675.0,11,targeted,residual_sage,0.11545455639324184,20,0.377395270031847
tokyo,Japan,1108.0,1675.0,11,targeted,spectral,0.07834248123619049,20,0.377395270031847
tokyo,Japan,1108.0,1675.0,11,targeted,spectral_second_order,0.07815503765600515,20,0.377395270031847
tokyo,Japan,1108.0,1675.0,22,independent,direct_edge_mpnn,0.02413847296309406,20,0.377395270031847
tokyo,Japan,1108.0,1675.0,22,independent,direct_full,0.05152837118836155,20,0.377395270031847
tokyo,Japan,1108.0,1675.0,22,independent,direct_sage,0.030085402417499928,20,0.377395270031847
tokyo,Japan,1108.0,1675.0,22,independent,residual_edge_mpnn,0.033807923987079755,20,0.377395270031847
tokyo,Japan,1108.0,1675.0,22,independent,residual_full,0.00650578898606783,20,0.377395270031847
tokyo,Japan,1108.0,1675.0,22,independent,residual_sage,0.005063408364038539,20,0.377395270031847
tokyo,Japan,1108.0,1675.0,22,independent,spectral,0.2530079308018724,20,0.377395270031847
tokyo,Japan,1108.0,1675.0,22,independent,spectral_second_order,0.25294573829396294,20,0.377395270031847
tokyo,Japan,1108.0,1675.0,22,spatial_cluster,direct_edge_mpnn,0.10548180629475419,20,0.377395270031847
tokyo,Japan,1108.0,1675.0,22,spatial_cluster,direct_full,0.06750242276730824,20,0.377395270031847
tokyo,Japan,1108.0,1675.0,22,spatial_cluster,direct_sage,0.03834614264461088,20,0.377395270031847
tokyo,Japan,1108.0,1675.0,22,spatial_cluster,residual_edge_mpnn,0.0763676179409031,20,0.377395270031847
tokyo,Japan,1108.0,1675.0,22,spatial_cluster,residual_full,0.00343789463249157,20,0.377395270031847
tokyo,Japan,1108.0,1675.0,22,spatial_cluster,residual_sage,0.00527003652620738,20,0.377395270031847
tokyo,Japan,1108.0,1675.0,22,spatial_cluster,spectral,0.500749023372036,20,0.377395270031847
tokyo,Japan,1108.0,1675.0,22,spatial_cluster,spectral_second_order,0.5006604348620756,20,0.377395270031847
tokyo,Japan,1108.0,1675.0,22,targeted,direct_edge_mpnn,0.05901271650529953,20,0.377395270031847
tokyo,Japan,1108.0,1675.0,22,targeted,direct_full,0.05690827813855589,20,0.377395270031847
tokyo,Japan,1108.0,1675.0,22,targeted,direct_sage,0.044206697199012844,20,0.377395270031847
tokyo,Japan,1108.0,1675.0,22,targeted,residual_edge_mpnn,0.05375166155923603,20,0.377395270031847
tokyo,Japan,1108.0,1675.0,22,targeted,residual_full,0.019247987056269268,20,0.377395270031847
tokyo,Japan,1108.0,1675.0,22,targeted,residual_sage,0.013035700819043114,20,0.377395270031847
tokyo,Japan,1108.0,1675.0,22,targeted,spectral,0.061089517702556106,20,0.377395270031847
tokyo,Japan,1108.0,1675.0,22,targeted,spectral_second_order,0.060683457075300686,20,0.377395270031847
tokyo,Japan,1108.0,1675.0,33,independent,direct_edge_mpnn,0.2053872920751171,20,0.377395270031847
tokyo,Japan,1108.0,1675.0,33,independent,direct_full,0.1267732262432976,20,0.377395270031847
tokyo,Japan,1108.0,1675.0,33,independent,direct_sage,0.03125845862631035,20,0.377395270031847
tokyo,Japan,1108.0,1675.0,33,independent,residual_edge_mpnn,0.04860556384627058,20,0.377395270031847
tokyo,Japan,1108.0,1675.0,33,independent,residual_full,0.0053872920751170785,20,0.377395270031847
tokyo,Japan,1108.0,1675.0,33,independent,residual_sage,0.0029662542476874684,20,0.377395270031847
tokyo,Japan,1108.0,1675.0,33,independent,spectral,0.2030798973041394,20,0.377395270031847
tokyo,Japan,1108.0,1675.0,33,independent,spectral_second_order,0.2030469084912474,20,0.377395270031847
tokyo,Japan,1108.0,1675.0,33,spatial_cluster,direct_edge_mpnn,0.6045268779725694,20,0.377395270031847
tokyo,Japan,1108.0,1675.0,33,spatial_cluster,direct_full,0.08709702807358265,20,0.377395270031847
tokyo,Japan,1108.0,1675.0,33,spatial_cluster,direct_sage,0.08209458961031198,20,0.377395270031847
tokyo,Japan,1108.0,1675.0,33,spatial_cluster,residual_edge_mpnn,0.24063426627657175,20,0.377395270031847
tokyo,Japan,1108.0,1675.0,33,spatial_cluster,residual_full,0.004696521732296933,20,0.377395270031847
tokyo,Japan,1108.0,1675.0,33,spatial_cluster,residual_sage,0.04419665544898443,20,0.377395270031847
tokyo,Japan,1108.0,1675.0,33,spatial_cluster,spectral,0.6029121265709446,20,0.377395270031847
tokyo,Japan,1108.0,1675.0,33,spatial_cluster,spectral_second_order,0.6028433560349769,20,0.377395270031847
tokyo,Japan,1108.0,1675.0,33,targeted,direct_edge_mpnn,0.06658798010533903,20,0.377395270031847
tokyo,Japan,1108.0,1675.0,33,targeted,direct_full,0.13656269981080435,20,0.377395270031847
tokyo,Japan,1108.0,1675.0,33,targeted,direct_sage,0.043073492628068824,20,0.377395270031847
tokyo,Japan,1108.0,1675.0,33,targeted,residual_edge_mpnn,0.040936718899453974,20,0.377395270031847
tokyo,Japan,1108.0,1675.0,33,targeted,residual_full,0.030447798216717385,20,0.377395270031847
tokyo,Japan,1108.0,1675.0,33,targeted,residual_sage,0.017802347640358145,20,0.377395270031847
tokyo,Japan,1108.0,1675.0,33,targeted,spectral,0.06003098531365638,20,0.377395270031847
tokyo,Japan,1108.0,1675.0,33,targeted,spectral_second_order,0.05991031988515022,20,0.377395270031847
tokyo,Japan,1108.0,1675.0,44,independent,direct_edge_mpnn,0.14097189936916338,20,0.377395270031847
tokyo,Japan,1108.0,1675.0,44,independent,direct_full,0.13847239405046213,20,0.377395270031847
tokyo,Japan,1108.0,1675.0,44,independent,direct_sage,0.1655943074835371,20,0.377395270031847
tokyo,Japan,1108.0,1675.0,44,independent,residual_edge_mpnn,0.11057363724460445,20,0.377395270031847
tokyo,Japan,1108.0,1675.0,44,independent,residual_full,0.10599995389451275,20,0.377395270031847
tokyo,Japan,1108.0,1675.0,44,independent,residual_sage,0.12672520043457852,20,0.377395270031847
tokyo,Japan,1108.0,1675.0,44,independent,spectral,0.3533419315115426,20,0.377395270031847
tokyo,Japan,1108.0,1675.0,44,independent,spectral_second_order,0.353281417704499,20,0.377395270031847
tokyo,Japan,1108.0,1675.0,44,spatial_cluster,direct_edge_mpnn,0.13143651243845772,20,0.377395270031847
tokyo,Japan,1108.0,1675.0,44,spatial_cluster,direct_full,0.0700633512864525,20,0.377395270031847
tokyo,Japan,1108.0,1675.0,44,spatial_cluster,direct_sage,0.11888744477729149,20,0.377395270031847
tokyo,Japan,1108.0,1675.0,44,spatial_cluster,residual_edge_mpnn,0.031181106163066102,20,0.377395270031847
tokyo,Japan,1108.0,1675.0,44,spatial_cluster,residual_full,0.0038753380944316594,20,0.377395270031847
tokyo,Japan,1108.0,1675.0,44,spatial_cluster,residual_sage,0.09441123642573902,20,0.377395270031847
tokyo,Japan,1108.0,1675.0,44,spatial_cluster,spectral,0.4504420956698526,20,0.377395270031847
tokyo,Japan,1108.0,1675.0,44,spatial_cluster,spectral_second_order,0.45024192999499385,20,0.377395270031847
tokyo,Japan,1108.0,1675.0,44,targeted,direct_edge_mpnn,0.09508690642192288,20,0.377395270031847
tokyo,Japan,1108.0,1675.0,44,targeted,direct_full,0.06114103956147356,20,0.377395270031847
tokyo,Japan,1108.0,1675.0,44,targeted,direct_sage,0.11096904551609679,20,0.377395270031847
tokyo,Japan,1108.0,1675.0,44,targeted,residual_edge_mpnn,0.030746624127881213,20,0.377395270031847
tokyo,Japan,1108.0,1675.0,44,targeted,residual_full,0.01718786951155139,20,0.377395270031847
tokyo,Japan,1108.0,1675.0,44,targeted,residual_sage,0.03365607731352786,20,0.377395270031847
tokyo,Japan,1108.0,1675.0,44,targeted,spectral,0.00975522386005505,20,0.377395270031847
tokyo,Japan,1108.0,1675.0,44,targeted,spectral_second_order,0.00909807166111774,20,0.377395270031847
tokyo,Japan,1108.0,1675.0,55,independent,direct_edge_mpnn,0.010591342160434756,20,0.377395270031847
tokyo,Japan,1108.0,1675.0,55,independent,direct_full,0.02419346780183349,20,0.377395270031847
tokyo,Japan,1108.0,1675.0,55,independent,direct_sage,0.12712756362410818,20,0.377395270031847
tokyo,Japan,1108.0,1675.0,55,independent,residual_edge_mpnn,0.25296856942919455,20,0.377395270031847
tokyo,Japan,1108.0,1675.0,55,independent,residual_full,0.00296856942919455,20,0.377395270031847
tokyo,Japan,1108.0,1675.0,55,independent,residual_sage,0.002627134956134597,20,0.377395270031847
tokyo,Japan,1108.0,1675.0,55,independent,spectral,0.2516632600628157,20,0.377395270031847
tokyo,Japan,1108.0,1675.0,55,independent,spectral_second_order,0.2516378635741348,20,0.377395270031847
tokyo,Japan,1108.0,1675.0,55,spatial_cluster,direct_edge_mpnn,0.11110344247163809,20,0.377395270031847
tokyo,Japan,1108.0,1675.0,55,spatial_cluster,direct_full,0.10473897939070606,20,0.377395270031847
tokyo,Japan,1108.0,1675.0,55,spatial_cluster,direct_sage,0.1330718443935511,20,0.377395270031847
tokyo,Japan,1108.0,1675.0,55,spatial_cluster,residual_edge_mpnn,0.45915007570555827,20,0.377395270031847
tokyo,Japan,1108.0,1675.0,55,spatial_cluster,residual_full,0.10863593579532975,20,0.377395270031847
tokyo,Japan,1108.0,1675.0,55,spatial_cluster,residual_sage,0.10378253420694161,20,0.377395270031847
tokyo,Japan,1108.0,1675.0,55,spatial_cluster,spectral,0.45711252278463393,20,0.377395270031847
tokyo,Japan,1108.0,1675.0,55,spatial_cluster,spectral_second_order,0.4569740777060357,20,0.377395270031847
tokyo,Japan,1108.0,1675.0,55,targeted,direct_edge_mpnn,0.07777183394590616,20,0.377395270031847
tokyo,Japan,1108.0,1675.0,55,targeted,direct_full,0.0704526116377088,20,0.377395270031847
tokyo,Japan,1108.0,1675.0,55,targeted,direct_sage,0.13400859519083325,20,0.377395270031847
tokyo,Japan,1108.0,1675.0,55,targeted,residual_edge_mpnn,0.06320919391523773,20,0.377395270031847
tokyo,Japan,1108.0,1675.0,55,targeted,residual_full,0.10333940456650606,20,0.377395270031847
tokyo,Japan,1108.0,1675.0,55,targeted,residual_sage,0.06275005745619308,20,0.377395270031847
tokyo,Japan,1108.0,1675.0,55,targeted,spectral,0.05710342413631876,20,0.377395270031847
tokyo,Japan,1108.0,1675.0,55,targeted,spectral_second_order,0.05679195665350443,20,0.377395270031847
viasm,Vietnam,206.0,301.0,11,independent,direct_edge_mpnn,0.15026477749784906,20,0.8980443796700257
viasm,Vietnam,206.0,301.0,11,independent,direct_full,0.13684036440197084,20,0.8980443796700257
viasm,Vietnam,206.0,301.0,11,independent,direct_sage,0.15594769398560676,20,0.8980443796700257
viasm,Vietnam,206.0,301.0,11,independent,residual_edge_mpnn,0.12558225686823135,20,0.8980443796700257
viasm,Vietnam,206.0,301.0,11,independent,residual_full,0.12176762856995396,20,0.8980443796700257
viasm,Vietnam,206.0,301.0,11,independent,residual_sage,0.1385377455627859,20,0.8980443796700257
viasm,Vietnam,206.0,301.0,11,independent,spectral,0.22892956380752594,20,0.8980443796700257
viasm,Vietnam,206.0,301.0,11,independent,spectral_second_order,0.2263872370644806,20,0.8980443796700257
viasm,Vietnam,206.0,301.0,11,spatial_cluster,direct_edge_mpnn,0.08318909735960006,20,0.8980443796700257
viasm,Vietnam,206.0,301.0,11,spatial_cluster,direct_full,0.06593173697094343,20,0.8980443796700257
viasm,Vietnam,206.0,301.0,11,spatial_cluster,direct_sage,0.07604807514200829,20,0.8980443796700257
viasm,Vietnam,206.0,301.0,11,spatial_cluster,residual_edge_mpnn,0.06090234857522921,20,0.8980443796700257
viasm,Vietnam,206.0,301.0,11,spatial_cluster,residual_full,0.08359318593334722,20,0.8980443796700257
viasm,Vietnam,206.0,301.0,11,spatial_cluster,residual_sage,0.07123266541461783,20,0.8980443796700257
viasm,Vietnam,206.0,301.0,11,spatial_cluster,spectral,0.5045946364234328,20,0.8980443796700257
viasm,Vietnam,206.0,301.0,11,spatial_cluster,spectral_second_order,0.5022062222809897,20,0.8980443796700257
viasm,Vietnam,206.0,301.0,11,targeted,direct_edge_mpnn,0.13731578383195345,20,0.8980443796700257
viasm,Vietnam,206.0,301.0,11,targeted,direct_full,0.1484631100207113,20,0.8980443796700257
viasm,Vietnam,206.0,301.0,11,targeted,direct_sage,0.15846538683641462,20,0.8980443796700257
viasm,Vietnam,206.0,301.0,11,targeted,residual_edge_mpnn,0.15074009934919957,20,0.8980443796700257
viasm,Vietnam,206.0,301.0,11,targeted,residual_full,0.12872042460970165,20,0.8980443796700257
viasm,Vietnam,206.0,301.0,11,targeted,residual_sage,0.14742400456060323,20,0.8980443796700257
viasm,Vietnam,206.0,301.0,11,targeted,spectral,0.3257419515828586,20,0.8980443796700257
viasm,Vietnam,206.0,301.0,11,targeted,spectral_second_order,0.3214479023709828,20,0.8980443796700257
viasm,Vietnam,206.0,301.0,22,independent,direct_edge_mpnn,0.2514520515553799,20,0.8980443796700257
viasm,Vietnam,206.0,301.0,22,independent,direct_full,0.06973959115924508,20,0.8980443796700257
viasm,Vietnam,206.0,301.0,22,independent,direct_sage,0.04670195213602026,20,0.8980443796700257
viasm,Vietnam,206.0,301.0,22,independent,residual_edge_mpnn,0.06201294709046653,20,0.8980443796700257
viasm,Vietnam,206.0,301.0,22,independent,residual_full,0.03918182875626924,20,0.8980443796700257
viasm,Vietnam,206.0,301.0,22,independent,residual_sage,0.02714200529287279,20,0.8980443796700257
viasm,Vietnam,206.0,301.0,22,independent,spectral,0.23355555864855787,20,0.8980443796700257
viasm,Vietnam,206.0,301.0,22,independent,spectral_second_order,0.2317597126747147,20,0.8980443796700257
viasm,Vietnam,206.0,301.0,22,spatial_cluster,direct_edge_mpnn,0.1661896539052033,20,0.8980443796700257
viasm,Vietnam,206.0,301.0,22,spatial_cluster,direct_full,0.0715313819368386,20,0.8980443796700257
viasm,Vietnam,206.0,301.0,22,spatial_cluster,direct_sage,0.0679932666142487,20,0.8980443796700257
viasm,Vietnam,206.0,301.0,22,spatial_cluster,residual_edge_mpnn,0.073460276160811,20,0.8980443796700257
viasm,Vietnam,206.0,301.0,22,spatial_cluster,residual_full,0.053227947173545384,20,0.8980443796700257
viasm,Vietnam,206.0,301.0,22,spatial_cluster,residual_sage,0.05118689289270585,20,0.8980443796700257
viasm,Vietnam,206.0,301.0,22,spatial_cluster,spectral,0.5973375834276936,20,0.8980443796700257
viasm,Vietnam,206.0,301.0,22,spatial_cluster,spectral_second_order,0.5964313243355394,20,0.8980443796700257
viasm,Vietnam,206.0,301.0,22,targeted,direct_edge_mpnn,0.2389770310623663,20,0.8980443796700257
viasm,Vietnam,206.0,301.0,22,targeted,direct_full,0.1540032573279096,20,0.8980443796700257
viasm,Vietnam,206.0,301.0,22,targeted,direct_sage,0.15314155495293955,20,0.8980443796700257
viasm,Vietnam,206.0,301.0,22,targeted,residual_edge_mpnn,0.11847319590858114,20,0.8980443796700257
viasm,Vietnam,206.0,301.0,22,targeted,residual_full,0.18325446077900953,20,0.8980443796700257
viasm,Vietnam,206.0,301.0,22,targeted,residual_sage,0.1662206520074887,20,0.8980443796700257
viasm,Vietnam,206.0,301.0,22,targeted,spectral,0.27029738161663625,20,0.8980443796700257
viasm,Vietnam,206.0,301.0,22,targeted,spectral_second_order,0.26600850848801894,20,0.8980443796700257
viasm,Vietnam,206.0,301.0,33,independent,direct_edge_mpnn,0.3309901654524157,20,0.8980443796700257
viasm,Vietnam,206.0,301.0,33,independent,direct_full,0.06573297056403511,20,0.8980443796700257
viasm,Vietnam,206.0,301.0,33,independent,direct_sage,0.0677750905449879,20,0.8980443796700257
viasm,Vietnam,206.0,301.0,33,independent,residual_edge_mpnn,0.09975403765546202,20,0.8980443796700257
viasm,Vietnam,206.0,301.0,33,independent,residual_full,0.06784457257788705,20,0.8980443796700257
viasm,Vietnam,206.0,301.0,33,independent,residual_sage,0.06489441088191449,20,0.8980443796700257
viasm,Vietnam,206.0,301.0,33,independent,spectral,0.3181233692909595,20,0.8980443796700257
viasm,Vietnam,206.0,301.0,33,independent,spectral_second_order,0.3163880446357771,20,0.8980443796700257
viasm,Vietnam,206.0,301.0,33,spatial_cluster,direct_edge_mpnn,0.7328112755554544,20,0.8980443796700257
viasm,Vietnam,206.0,301.0,33,spatial_cluster,direct_full,0.08658712254261067,20,0.8980443796700257
viasm,Vietnam,206.0,301.0,33,spatial_cluster,direct_sage,0.08995135584270053,20,0.8980443796700257
viasm,Vietnam,206.0,301.0,33,spatial_cluster,residual_edge_mpnn,0.25824092000694454,20,0.8980443796700257
viasm,Vietnam,206.0,301.0,33,spatial_cluster,residual_full,0.07346340833481427,20,0.8980443796700257
viasm,Vietnam,206.0,301.0,33,spatial_cluster,residual_sage,0.08372437103353904,20,0.8980443796700257
viasm,Vietnam,206.0,301.0,33,spatial_cluster,spectral,0.7067434346289434,20,0.8980443796700257
viasm,Vietnam,206.0,301.0,33,spatial_cluster,spectral_second_order,0.6999956323890631,20,0.8980443796700257
viasm,Vietnam,206.0,301.0,33,targeted,direct_edge_mpnn,0.29555005292524855,20,0.8980443796700257
viasm,Vietnam,206.0,301.0,33,targeted,direct_full,0.12266511223764284,20,0.8980443796700257
viasm,Vietnam,206.0,301.0,33,targeted,direct_sage,0.1216631993736286,20,0.8980443796700257
viasm,Vietnam,206.0,301.0,33,targeted,residual_edge_mpnn,0.11746711992342125,20,0.8980443796700257
viasm,Vietnam,206.0,301.0,33,targeted,residual_full,0.11573656409629896,20,0.8980443796700257
viasm,Vietnam,206.0,301.0,33,targeted,residual_sage,0.10787895765272246,20,0.8980443796700257
viasm,Vietnam,206.0,301.0,33,targeted,spectral,0.2666056939451679,20,0.8980443796700257
viasm,Vietnam,206.0,301.0,33,targeted,spectral_second_order,0.2620719729094393,20,0.8980443796700257
viasm,Vietnam,206.0,301.0,44,independent,direct_edge_mpnn,0.0731837944750898,20,0.8980443796700257
viasm,Vietnam,206.0,301.0,44,independent,direct_full,0.07227568942691813,20,0.8980443796700257
viasm,Vietnam,206.0,301.0,44,independent,direct_sage,0.07223855177381319,20,0.8980443796700257
viasm,Vietnam,206.0,301.0,44,independent,residual_edge_mpnn,0.03603723555627498,20,0.8980443796700257
viasm,Vietnam,206.0,301.0,44,independent,residual_full,0.034991623400132496,20,0.8980443796700257
viasm,Vietnam,206.0,301.0,44,independent,residual_sage,0.04188617809424632,20,0.8980443796700257
viasm,Vietnam,206.0,301.0,44,independent,spectral,0.38329876519604705,20,0.8980443796700257
viasm,Vietnam,206.0,301.0,44,independent,spectral_second_order,0.3804324561366524,20,0.8980443796700257
viasm,Vietnam,206.0,301.0,44,spatial_cluster,direct_edge_mpnn,0.1681302910277495,20,0.8980443796700257
viasm,Vietnam,206.0,301.0,44,spatial_cluster,direct_full,0.08305972759732394,20,0.8980443796700257
viasm,Vietnam,206.0,301.0,44,spatial_cluster,direct_sage,0.07634077557483104,20,0.8980443796700257
viasm,Vietnam,206.0,301.0,44,spatial_cluster,residual_edge_mpnn,0.050506769174511155,20,0.8980443796700257
viasm,Vietnam,206.0,301.0,44,spatial_cluster,residual_full,0.055935522344621125,20,0.8980443796700257
viasm,Vietnam,206.0,301.0,44,spatial_cluster,residual_sage,0.1152447125979641,20,0.8980443796700257
viasm,Vietnam,206.0,301.0,44,spatial_cluster,spectral,0.6877207443055113,20,0.8980443796700257
viasm,Vietnam,206.0,301.0,44,spatial_cluster,spectral_second_order,0.6832622354532514,20,0.8980443796700257
viasm,Vietnam,206.0,301.0,44,targeted,direct_edge_mpnn,0.13180245285306302,20,0.8980443796700257
viasm,Vietnam,206.0,301.0,44,targeted,direct_full,0.15776978323685967,20,0.8980443796700257
viasm,Vietnam,206.0,301.0,44,targeted,direct_sage,0.15192657280396146,20,0.8980443796700257
viasm,Vietnam,206.0,301.0,44,targeted,residual_edge_mpnn,0.09067945118569248,20,0.8980443796700257
viasm,Vietnam,206.0,301.0,44,targeted,residual_full,0.13912998028259524,20,0.8980443796700257
viasm,Vietnam,206.0,301.0,44,targeted,residual_sage,0.12382298484745116,20,0.8980443796700257
viasm,Vietnam,206.0,301.0,44,targeted,spectral,0.19125144878931016,20,0.8980443796700257
viasm,Vietnam,206.0,301.0,44,targeted,spectral_second_order,0.18379381312976664,20,0.8980443796700257
viasm,Vietnam,206.0,301.0,55,independent,direct_edge_mpnn,0.015064068461413574,20,0.8980443796700257
viasm,Vietnam,206.0,301.0,55,independent,direct_full,0.023485357578444648,20,0.8980443796700257
viasm,Vietnam,206.0,301.0,55,independent,direct_sage,0.02637614135633969,20,0.8980443796700257
viasm,Vietnam,206.0,301.0,55,independent,residual_edge_mpnn,0.3237200913176198,20,0.8980443796700257
viasm,Vietnam,206.0,301.0,55,independent,residual_full,0.017631051750106815,20,0.8980443796700257
viasm,Vietnam,206.0,301.0,55,independent,residual_sage,0.020278839893912184,20,0.8980443796700257
viasm,Vietnam,206.0,301.0,55,independent,spectral,0.30814968419427297,20,0.8980443796700257
viasm,Vietnam,206.0,301.0,55,independent,spectral_second_order,0.30560366644720466,20,0.8980443796700257
viasm,Vietnam,206.0,301.0,55,spatial_cluster,direct_edge_mpnn,0.17040216225790883,20,0.8980443796700257
viasm,Vietnam,206.0,301.0,55,spatial_cluster,direct_full,0.17981307427841034,20,0.8980443796700257
viasm,Vietnam,206.0,301.0,55,spatial_cluster,direct_sage,0.14904863150301184,20,0.8980443796700257
viasm,Vietnam,206.0,301.0,55,spatial_cluster,residual_edge_mpnn,0.7991224789823395,20,0.8980443796700257
viasm,Vietnam,206.0,301.0,55,spatial_cluster,residual_full,0.09260215773357303,20,0.8980443796700257
viasm,Vietnam,206.0,301.0,55,spatial_cluster,residual_sage,0.09144614958646502,20,0.8980443796700257
viasm,Vietnam,206.0,301.0,55,spatial_cluster,spectral,0.7889440846015376,20,0.8980443796700257
viasm,Vietnam,206.0,301.0,55,spatial_cluster,spectral_second_order,0.7852571657333545,20,0.8980443796700257
viasm,Vietnam,206.0,301.0,55,targeted,direct_edge_mpnn,0.14625783857726024,20,0.8980443796700257
viasm,Vietnam,206.0,301.0,55,targeted,direct_full,0.12925413222429577,20,0.8980443796700257
viasm,Vietnam,206.0,301.0,55,targeted,direct_sage,0.1175700908471388,20,0.8980443796700257
viasm,Vietnam,206.0,301.0,55,targeted,residual_edge_mpnn,0.20411756666889871,20,0.8980443796700257
viasm,Vietnam,206.0,301.0,55,targeted,residual_full,0.11182107163640198,20,0.8980443796700257
viasm,Vietnam,206.0,301.0,55,targeted,residual_sage,0.10504935095826395,20,0.8980443796700257
viasm,Vietnam,206.0,301.0,55,targeted,spectral,0.1720978728035336,20,0.8980443796700257
viasm,Vietnam,206.0,301.0,55,targeted,spectral_second_order,0.16706476818799346,20,0.8980443796700257
