domain,area,seed,graph_id,failure_mode,model,eigengap,mae,eigengap_bin
osm,bangkok,11,1000800,independent,direct_edge_mpnn,0.5923173656377744,0.13014448195217318,medium
osm,bangkok,11,1000800,independent,direct_full,0.5923173656377744,0.15267620890854067,medium
osm,bangkok,11,1000800,independent,direct_sage,0.5923173656377744,0.16621527898578117,medium
osm,bangkok,11,1000800,independent,residual_edge_mpnn,0.5923173656377744,0.09427793931268982,medium
osm,bangkok,11,1000800,independent,residual_full,0.5923173656377744,0.1176330056366152,medium
osm,bangkok,11,1000800,independent,residual_sage,0.5923173656377744,0.10305380335742535,medium
osm,bangkok,11,1000800,independent,spectral,0.5923173656377744,0.5965492867076952,medium
osm,bangkok,11,1000800,independent,spectral_second_order,0.5923173656377744,0.5962147427674732,medium
osm,bangkok,11,1000801,spatial_cluster,direct_edge_mpnn,0.5923173656377744,0.019580742960096285,medium
osm,bangkok,11,1000801,spatial_cluster,direct_full,0.5923173656377744,0.03762994991731732,medium
osm,bangkok,11,1000801,spatial_cluster,direct_sage,0.5923173656377744,0.06471983367693515,medium
osm,bangkok,11,1000801,spatial_cluster,residual_edge_mpnn,0.5923173656377744,0.03623471782659083,medium
osm,bangkok,11,1000801,spatial_cluster,residual_full,0.5923173656377744,0.02320920402300447,medium
osm,bangkok,11,1000801,spatial_cluster,residual_sage,0.5923173656377744,0.03620598396156254,medium
osm,bangkok,11,1000801,spatial_cluster,spectral,0.5923173656377744,0.7485920685978907,medium
osm,bangkok,11,1000801,spatial_cluster,spectral_second_order,0.5923173656377744,0.7485432619555249,medium
osm,bangkok,11,1000802,targeted,direct_edge_mpnn,0.5923173656377744,0.2797869484298364,medium
osm,bangkok,11,1000802,targeted,direct_full,0.5923173656377744,0.24955346975484707,medium
osm,bangkok,11,1000802,targeted,direct_sage,0.5923173656377744,0.2981229772218005,medium
osm,bangkok,11,1000802,targeted,residual_edge_mpnn,0.5923173656377744,0.24032493291235188,medium
osm,bangkok,11,1000802,targeted,residual_full,0.5923173656377744,0.22682800995842314,medium
osm,bangkok,11,1000802,targeted,residual_sage,0.5923173656377744,0.23873914833447946,medium
osm,bangkok,11,1000802,targeted,spectral,0.5923173656377744,0.3096279025917446,medium
osm,bangkok,11,1000802,targeted,spectral_second_order,0.5923173656377744,0.3092691553369133,medium
osm,bangkok,22,1000800,independent,direct_edge_mpnn,0.5923173656377744,0.11435487450947017,medium
osm,bangkok,22,1000800,independent,direct_full,0.5923173656377744,0.13504545486188463,medium
osm,bangkok,22,1000800,independent,direct_sage,0.5923173656377744,0.12688007301307253,medium
osm,bangkok,22,1000800,independent,residual_edge_mpnn,0.5923173656377744,0.1264797572291546,medium
osm,bangkok,22,1000800,independent,residual_full,0.5923173656377744,0.09616959420428199,medium
osm,bangkok,22,1000800,independent,residual_sage,0.5923173656377744,0.10023975322896876,medium
osm,bangkok,22,1000800,independent,spectral,0.5923173656377744,0.30199004451521605,medium
osm,bangkok,22,1000800,independent,spectral_second_order,0.5923173656377744,0.3019463237132766,medium
osm,bangkok,22,1000801,spatial_cluster,direct_edge_mpnn,0.5923173656377744,0.07070807442822317,medium
osm,bangkok,22,1000801,spatial_cluster,direct_full,0.5923173656377744,0.04191218417425463,medium
osm,bangkok,22,1000801,spatial_cluster,direct_sage,0.5923173656377744,0.07842020586420606,medium
osm,bangkok,22,1000801,spatial_cluster,residual_edge_mpnn,0.5923173656377744,0.07948660932768892,medium
osm,bangkok,22,1000801,spatial_cluster,residual_full,0.5923173656377744,0.01502477276782679,medium
osm,bangkok,22,1000801,spatial_cluster,residual_sage,0.5923173656377744,0.02962114719309611,medium
osm,bangkok,22,1000801,spatial_cluster,spectral,0.5923173656377744,0.6997943539194399,medium
osm,bangkok,22,1000801,spatial_cluster,spectral_second_order,0.5923173656377744,0.6997319244201079,medium
osm,bangkok,22,1000802,targeted,direct_edge_mpnn,0.5923173656377744,0.030481318300678534,medium
osm,bangkok,22,1000802,targeted,direct_full,0.5923173656377744,0.06639803754527154,medium
osm,bangkok,22,1000802,targeted,direct_sage,0.5923173656377744,0.035874764131272496,medium
osm,bangkok,22,1000802,targeted,residual_edge_mpnn,0.5923173656377744,0.032763738286444265,medium
osm,bangkok,22,1000802,targeted,residual_full,0.5923173656377744,0.04553101243864962,medium
osm,bangkok,22,1000802,targeted,residual_sage,0.5923173656377744,0.03944887435710277,medium
osm,bangkok,22,1000802,targeted,spectral,0.5923173656377744,0.28676187088375416,medium
osm,bangkok,22,1000802,targeted,spectral_second_order,0.5923173656377744,0.2859576006746401,medium
osm,bangkok,33,1000800,independent,direct_edge_mpnn,0.5923173656377744,0.552813588458983,medium
osm,bangkok,33,1000800,independent,direct_full,0.5923173656377744,0.09192126392951822,medium
osm,bangkok,33,1000800,independent,direct_sage,0.5923173656377744,0.08918468262633897,medium
osm,bangkok,33,1000800,independent,residual_edge_mpnn,0.5923173656377744,0.08668234087160445,medium
osm,bangkok,33,1000800,independent,residual_full,0.5923173656377744,0.052813588458982916,medium
osm,bangkok,33,1000800,independent,residual_sage,0.5923173656377744,0.052594506557969066,medium
osm,bangkok,33,1000800,independent,spectral,0.5923173656377744,0.5509095736767876,medium
osm,bangkok,33,1000800,independent,spectral_second_order,0.5923173656377744,0.5508476592239061,medium
osm,bangkok,33,1000801,spatial_cluster,direct_edge_mpnn,0.5923173656377744,0.45431750287541905,medium
osm,bangkok,33,1000801,spatial_cluster,direct_full,0.5923173656377744,0.14789479858001908,medium
osm,bangkok,33,1000801,spatial_cluster,direct_sage,0.5923173656377744,0.1527308652060314,medium
osm,bangkok,33,1000801,spatial_cluster,residual_edge_mpnn,0.5923173656377744,0.2418398283304854,medium
osm,bangkok,33,1000801,spatial_cluster,residual_full,0.5923173656377744,0.10043727738091505,medium
osm,bangkok,33,1000801,spatial_cluster,residual_sage,0.5923173656377744,0.11216091762081126,medium
osm,bangkok,33,1000801,spatial_cluster,spectral,0.5923173656377744,0.45232640986131784,medium
osm,bangkok,33,1000801,spatial_cluster,spectral_second_order,0.5923173656377744,0.4521771980107525,medium
osm,bangkok,33,1000802,targeted,direct_edge_mpnn,0.5923173656377744,0.33796994175176537,medium
osm,bangkok,33,1000802,targeted,direct_full,0.5923173656377744,0.12409498982970397,medium
osm,bangkok,33,1000802,targeted,direct_sage,0.5923173656377744,0.12581590962768702,medium
osm,bangkok,33,1000802,targeted,residual_edge_mpnn,0.5923173656377744,0.12638748435300204,medium
osm,bangkok,33,1000802,targeted,residual_full,0.5923173656377744,0.11945074686195174,medium
osm,bangkok,33,1000802,targeted,residual_sage,0.5923173656377744,0.11755464217971483,medium
osm,bangkok,33,1000802,targeted,spectral,0.5923173656377744,0.307499880373972,medium
osm,bangkok,33,1000802,targeted,spectral_second_order,0.5923173656377744,0.3054092568944399,medium
osm,bangkok,44,1000800,independent,direct_edge_mpnn,0.5923173656377744,0.2063860272884992,medium
osm,bangkok,44,1000800,independent,direct_full,0.5923173656377744,0.21012480649060286,medium
osm,bangkok,44,1000800,independent,direct_sage,0.5923173656377744,0.20306682082718885,medium
osm,bangkok,44,1000800,independent,residual_edge_mpnn,0.5923173656377744,0.19621998266211424,medium
osm,bangkok,44,1000800,independent,residual_full,0.5923173656377744,0.2030983122169348,medium
osm,bangkok,44,1000800,independent,residual_sage,0.5923173656377744,0.18538113319209493,medium
osm,bangkok,44,1000800,independent,spectral,0.5923173656377744,0.6499757554058917,medium
osm,bangkok,44,1000800,independent,spectral_second_order,0.5923173656377744,0.6499044243134696,medium
osm,bangkok,44,1000801,spatial_cluster,direct_edge_mpnn,0.5923173656377744,0.09375472737285731,medium
osm,bangkok,44,1000801,spatial_cluster,direct_full,0.5923173656377744,0.0764517186004245,medium
osm,bangkok,44,1000801,spatial_cluster,direct_sage,0.5923173656377744,0.091784380169543,medium
osm,bangkok,44,1000801,spatial_cluster,residual_edge_mpnn,0.5923173656377744,0.023466226065489027,medium
osm,bangkok,44,1000801,spatial_cluster,residual_full,0.5923173656377744,0.003175611628261808,medium
osm,bangkok,44,1000801,spatial_cluster,residual_sage,0.5923173656377744,0.05109473949107762,medium
osm,bangkok,44,1000801,spatial_cluster,spectral,0.5923173656377744,0.5023688590657537,medium
osm,bangkok,44,1000801,spatial_cluster,spectral_second_order,0.5923173656377744,0.5023557469965386,medium
osm,bangkok,44,1000802,targeted,direct_edge_mpnn,0.5923173656377744,0.11057411172751086,medium
osm,bangkok,44,1000802,targeted,direct_full,0.5923173656377744,0.13434875759580361,medium
osm,bangkok,44,1000802,targeted,direct_sage,0.5923173656377744,0.14682383503117788,medium
osm,bangkok,44,1000802,targeted,residual_edge_mpnn,0.5923173656377744,0.0728269548000553,medium
osm,bangkok,44,1000802,targeted,residual_full,0.5923173656377744,0.08695053284663955,medium
osm,bangkok,44,1000802,targeted,residual_sage,0.5923173656377744,0.08352550318440295,medium
osm,bangkok,44,1000802,targeted,spectral,0.5923173656377744,0.08035317761165581,medium
osm,bangkok,44,1000802,targeted,spectral_second_order,0.5923173656377744,0.07984890619640676,medium
osm,bangkok,55,1000800,independent,direct_edge_mpnn,0.5923173656377744,0.1023585743926279,medium
osm,bangkok,55,1000800,independent,direct_full,0.5923173656377744,0.11117345827531955,medium
osm,bangkok,55,1000800,independent,direct_sage,0.5923173656377744,0.16122515831974288,medium
osm,bangkok,55,1000800,independent,residual_edge_mpnn,0.5923173656377744,0.5543932673810706,medium
osm,bangkok,55,1000800,independent,residual_full,0.5923173656377744,0.1043207801236496,medium
osm,bangkok,55,1000800,independent,residual_sage,0.5923173656377744,0.10254899937992028,medium
osm,bangkok,55,1000800,independent,spectral,0.5923173656377744,0.5515990555856352,medium
osm,bangkok,55,1000800,independent,spectral_second_order,0.5923173656377744,0.5515475526434798,medium
osm,bangkok,55,1000801,spatial_cluster,direct_edge_mpnn,0.5923173656377744,0.011194191604180202,medium
osm,bangkok,55,1000801,spatial_cluster,direct_full,0.5923173656377744,0.009378815033731929,medium
osm,bangkok,55,1000801,spatial_cluster,direct_sage,0.5923173656377744,0.050759549216626156,medium
osm,bangkok,55,1000801,spatial_cluster,residual_edge_mpnn,0.5923173656377744,0.8012635877716561,medium
osm,bangkok,55,1000801,spatial_cluster,residual_full,0.5923173656377744,0.0054840557317380155,medium
osm,bangkok,55,1000801,spatial_cluster,residual_sage,0.5923173656377744,0.0011378813080695099,medium
osm,bangkok,55,1000801,spatial_cluster,spectral,0.5923173656377744,0.798606747898426,medium
osm,bangkok,55,1000801,spatial_cluster,spectral_second_order,0.5923173656377744,0.7984353080910627,medium
osm,bangkok,55,1000802,targeted,direct_edge_mpnn,0.5923173656377744,0.18529059829864408,medium
osm,bangkok,55,1000802,targeted,direct_full,0.5923173656377744,0.16953308765080616,medium
osm,bangkok,55,1000802,targeted,direct_sage,0.5923173656377744,0.2801657516347624,medium
osm,bangkok,55,1000802,targeted,residual_edge_mpnn,0.5923173656377744,0.327397218083366,medium
osm,bangkok,55,1000802,targeted,residual_full,0.5923173656377744,0.17178877146668659,medium
osm,bangkok,55,1000802,targeted,residual_sage,0.5923173656377744,0.1678596326020632,medium
osm,bangkok,55,1000802,targeted,spectral,0.5923173656377744,0.3130447468614344,medium
osm,bangkok,55,1000802,targeted,spectral_second_order,0.5923173656377744,0.3124863628023492,medium
osm,cantho,11,1000300,independent,direct_edge_mpnn,1.1845383241700216,0.08560719420914428,high
osm,cantho,11,1000300,independent,direct_full,1.1845383241700216,0.07061446768435464,high
osm,cantho,11,1000300,independent,direct_sage,1.1845383241700216,0.07974634009623902,high
osm,cantho,11,1000300,independent,residual_edge_mpnn,1.1845383241700216,0.0691854998528698,high
osm,cantho,11,1000300,independent,residual_full,1.1845383241700216,0.02974640683506588,high
osm,cantho,11,1000300,independent,residual_sage,1.1845383241700216,0.05642240724127029,high
osm,cantho,11,1000300,independent,spectral,1.1845383241700216,0.2949256092668459,high
osm,cantho,11,1000300,independent,spectral_second_order,1.1845383241700216,0.292265441958958,high
osm,cantho,11,1000301,spatial_cluster,direct_edge_mpnn,1.1845383241700216,0.04543635096727354,high
osm,cantho,11,1000301,spatial_cluster,direct_full,1.1845383241700216,0.03622760582712947,high
osm,cantho,11,1000301,spatial_cluster,direct_sage,1.1845383241700216,0.10875235475926141,high
osm,cantho,11,1000301,spatial_cluster,residual_edge_mpnn,1.1845383241700216,0.03160711299523045,high
osm,cantho,11,1000301,spatial_cluster,residual_full,1.1845383241700216,0.023914111694818434,high
osm,cantho,11,1000301,spatial_cluster,residual_sage,1.1845383241700216,0.08260926632027522,high
osm,cantho,11,1000301,spatial_cluster,spectral,1.1845383241700216,0.6899737226360277,high
osm,cantho,11,1000301,spatial_cluster,spectral_second_order,1.1845383241700216,0.6847329104900951,high
osm,cantho,11,1000302,targeted,direct_edge_mpnn,1.1845383241700216,0.07785689504203486,high
osm,cantho,11,1000302,targeted,direct_full,1.1845383241700216,0.055175630880827733,high
osm,cantho,11,1000302,targeted,direct_sage,1.1845383241700216,0.06918585656885337,high
osm,cantho,11,1000302,targeted,residual_edge_mpnn,1.1845383241700216,0.0389684887853903,high
osm,cantho,11,1000302,targeted,residual_full,1.1845383241700216,0.029046421471647755,high
osm,cantho,11,1000302,targeted,residual_sage,1.1845383241700216,0.05572958039912579,high
osm,cantho,11,1000302,targeted,spectral,1.1845383241700216,0.21755126558600885,high
osm,cantho,11,1000302,targeted,spectral_second_order,1.1845383241700216,0.2122937783051296,high
osm,cantho,22,1000300,independent,direct_edge_mpnn,1.1845383241700216,0.037236553396995976,high
osm,cantho,22,1000300,independent,direct_full,1.1845383241700216,0.041079017844514,high
osm,cantho,22,1000300,independent,direct_sage,1.1845383241700216,0.034153196597152345,high
osm,cantho,22,1000300,independent,residual_edge_mpnn,1.1845383241700216,0.03943396822840106,high
osm,cantho,22,1000300,independent,residual_full,1.1845383241700216,0.02692335744376826,high
osm,cantho,22,1000300,independent,residual_sage,1.1845383241700216,0.02082564455989235,high
osm,cantho,22,1000300,independent,spectral,1.1845383241700216,0.13206365294515363,high
osm,cantho,22,1000300,independent,spectral_second_order,1.1845383241700216,0.1304512890265837,high
osm,cantho,22,1000301,spatial_cluster,direct_edge_mpnn,1.1845383241700216,0.11862741848563796,high
osm,cantho,22,1000301,spatial_cluster,direct_full,1.1845383241700216,0.05057563013965989,high
osm,cantho,22,1000301,spatial_cluster,direct_sage,1.1845383241700216,0.038521162376012406,high
osm,cantho,22,1000301,spatial_cluster,residual_edge_mpnn,1.1845383241700216,0.07077773424291806,high
osm,cantho,22,1000301,spatial_cluster,residual_full,1.1845383241700216,0.017233030212942695,high
osm,cantho,22,1000301,spatial_cluster,residual_sage,1.1845383241700216,0.009916260510399826,high
osm,cantho,22,1000301,spatial_cluster,spectral,1.1845383241700216,0.3622189747677876,high
osm,cantho,22,1000301,spatial_cluster,spectral_second_order,1.1845383241700216,0.36005213493306765,high
osm,cantho,22,1000302,targeted,direct_edge_mpnn,1.1845383241700216,0.12860856190968992,high
osm,cantho,22,1000302,targeted,direct_full,1.1845383241700216,0.09996615403733763,high
osm,cantho,22,1000302,targeted,direct_sage,1.1845383241700216,0.12806361874036104,high
osm,cantho,22,1000302,targeted,residual_edge_mpnn,1.1845383241700216,0.10620435645200399,high
osm,cantho,22,1000302,targeted,residual_full,1.1845383241700216,0.11737994269687317,high
osm,cantho,22,1000302,targeted,residual_sage,1.1845383241700216,0.10293519928873118,high
osm,cantho,22,1000302,targeted,spectral,1.1845383241700216,0.1868733584850258,high
osm,cantho,22,1000302,targeted,spectral_second_order,1.1845383241700216,0.182351927272779,high
osm,cantho,33,1000300,independent,direct_edge_mpnn,1.1845383241700216,0.2513889465400976,high
osm,cantho,33,1000300,independent,direct_full,1.1845383241700216,0.04553487718057298,high
osm,cantho,33,1000300,independent,direct_sage,1.1845383241700216,0.0333196701465027,high
osm,cantho,33,1000300,independent,residual_edge_mpnn,1.1845383241700216,0.06797960759372097,high
osm,cantho,33,1000300,independent,residual_full,1.1845383241700216,0.017636632387690105,high
osm,cantho,33,1000300,independent,residual_sage,1.1845383241700216,0.015046125607479435,high
osm,cantho,33,1000300,independent,spectral,1.1845383241700216,0.22943757685023652,high
osm,cantho,33,1000300,independent,spectral_second_order,1.1845383241700216,0.22772636603784774,high
osm,cantho,33,1000301,spatial_cluster,direct_edge_mpnn,1.1845383241700216,0.5139995921750684,high
osm,cantho,33,1000301,spatial_cluster,direct_full,1.1845383241700216,0.05835263504382084,high
osm,cantho,33,1000301,spatial_cluster,direct_sage,1.1845383241700216,0.053726990136465536,high
osm,cantho,33,1000301,spatial_cluster,residual_edge_mpnn,1.1845383241700216,0.1505240755974019,high
osm,cantho,33,1000301,spatial_cluster,residual_full,1.1845383241700216,0.04472544192086356,high
osm,cantho,33,1000301,spatial_cluster,residual_sage,1.1845383241700216,0.04309967434666792,high
osm,cantho,33,1000301,spatial_cluster,spectral,1.1845383241700216,0.49357269252964403,high
osm,cantho,33,1000301,spatial_cluster,spectral_second_order,1.1845383241700216,0.48789725610617873,high
osm,cantho,33,1000302,targeted,direct_edge_mpnn,1.1845383241700216,0.1712185082513699,high
osm,cantho,33,1000302,targeted,direct_full,1.1845383241700216,0.07787614915482857,high
osm,cantho,33,1000302,targeted,direct_sage,1.1845383241700216,0.07589266705232099,high
osm,cantho,33,1000302,targeted,residual_edge_mpnn,1.1845383241700216,0.06285723548483933,high
osm,cantho,33,1000302,targeted,residual_full,1.1845383241700216,0.05943773764785711,high
osm,cantho,33,1000302,targeted,residual_sage,1.1845383241700216,0.05367251304111824,high
osm,cantho,33,1000302,targeted,spectral,1.1845383241700216,0.12952823572070302,high
osm,cantho,33,1000302,targeted,spectral_second_order,1.1845383241700216,0.12465921572036498,high
osm,cantho,44,1000300,independent,direct_edge_mpnn,1.1845383241700216,0.04127519266688046,high
osm,cantho,44,1000300,independent,direct_full,1.1845383241700216,0.03719252259150911,high
osm,cantho,44,1000300,independent,direct_sage,1.1845383241700216,0.062058006039932966,high
osm,cantho,44,1000300,independent,residual_edge_mpnn,1.1845383241700216,0.009560238691317802,high
osm,cantho,44,1000300,independent,residual_full,1.1845383241700216,0.013207600844057029,high
osm,cantho,44,1000300,independent,residual_sage,1.1845383241700216,0.02106638104408437,high
osm,cantho,44,1000300,independent,spectral,1.1845383241700216,0.46682711793713816,high
osm,cantho,44,1000300,independent,spectral_second_order,1.1845383241700216,0.46443435540390476,high
osm,cantho,44,1000301,spatial_cluster,direct_edge_mpnn,1.1845383241700216,0.220862290523834,high
osm,cantho,44,1000301,spatial_cluster,direct_full,1.1845383241700216,0.12507889591696725,high
osm,cantho,44,1000301,spatial_cluster,direct_sage,1.1845383241700216,0.11135202892588594,high
osm,cantho,44,1000301,spatial_cluster,residual_edge_mpnn,1.1845383241700216,0.09449309568108147,high
osm,cantho,44,1000301,spatial_cluster,residual_full,1.1845383241700216,0.12462484730185994,high
osm,cantho,44,1000301,spatial_cluster,residual_sage,1.1845383241700216,0.1300550393247805,high
osm,cantho,44,1000301,spatial_cluster,spectral,1.1845383241700216,0.5668571306841754,high
osm,cantho,44,1000301,spatial_cluster,spectral_second_order,1.1845383241700216,0.5609727394347345,high
osm,cantho,44,1000302,targeted,direct_edge_mpnn,1.1845383241700216,0.09794905986807852,high
osm,cantho,44,1000302,targeted,direct_full,1.1845383241700216,0.09404582470176732,high
osm,cantho,44,1000302,targeted,direct_sage,1.1845383241700216,0.09630629969549807,high
osm,cantho,44,1000302,targeted,residual_edge_mpnn,1.1845383241700216,0.07427086185338523,high
osm,cantho,44,1000302,targeted,residual_full,1.1845383241700216,0.07374282631136034,high
osm,cantho,44,1000302,targeted,residual_sage,1.1845383241700216,0.07800435118876678,high
osm,cantho,44,1000302,targeted,spectral,1.1845383241700216,0.28519337477804385,high
osm,cantho,44,1000302,targeted,spectral_second_order,1.1845383241700216,0.2792634551182535,high
osm,cantho,55,1000300,independent,direct_edge_mpnn,1.1845383241700216,0.06351639802172673,high
osm,cantho,55,1000300,independent,direct_full,1.1845383241700216,0.04479548619610283,high
osm,cantho,55,1000300,independent,direct_sage,1.1845383241700216,0.0486594676096718,high
osm,cantho,55,1000300,independent,residual_edge_mpnn,1.1845383241700216,0.27170006018861553,high
osm,cantho,55,1000300,independent,residual_full,1.1845383241700216,0.034487435177885016,high
osm,cantho,55,1000300,independent,residual_sage,1.1845383241700216,0.035843653892093,high
osm,cantho,55,1000300,independent,spectral,1.1845383241700216,0.24780740565806214,high
osm,cantho,55,1000300,independent,spectral_second_order,1.1845383241700216,0.24503931879175794,high
osm,cantho,55,1000301,spatial_cluster,direct_edge_mpnn,1.1845383241700216,0.2032626303330817,high
osm,cantho,55,1000301,spatial_cluster,direct_full,1.1845383241700216,0.241931290519326,high
osm,cantho,55,1000301,spatial_cluster,direct_sage,1.1845383241700216,0.18397677425750997,high
osm,cantho,55,1000301,spatial_cluster,residual_edge_mpnn,1.1845383241700216,0.6691285544533727,high
osm,cantho,55,1000301,spatial_cluster,residual_full,1.1845383241700216,0.059357614181201945,high
osm,cantho,55,1000301,spatial_cluster,residual_sage,1.1845383241700216,0.10382858394221528,high
osm,cantho,55,1000301,spatial_cluster,spectral,1.1845383241700216,0.6460035939537063,high
osm,cantho,55,1000301,spatial_cluster,spectral_second_order,1.1845383241700216,0.6408863166532353,high
osm,cantho,55,1000302,targeted,direct_edge_mpnn,1.1845383241700216,0.06625978877102365,high
osm,cantho,55,1000302,targeted,direct_full,1.1845383241700216,0.05770195610405243,high
osm,cantho,55,1000302,targeted,direct_sage,1.1845383241700216,0.0637443634592179,high
osm,cantho,55,1000302,targeted,residual_edge_mpnn,1.1845383241700216,0.293818325724771,high
osm,cantho,55,1000302,targeted,residual_full,1.1845383241700216,0.03267550264750145,high
osm,cantho,55,1000302,targeted,residual_sage,1.1845383241700216,0.028168422973570445,high
osm,cantho,55,1000302,targeted,spectral,1.1845383241700216,0.24061099518448587,high
osm,cantho,55,1000302,targeted,spectral_second_order,1.1845383241700216,0.23607612746592072,high
osm,chiang_mai,11,1000900,independent,direct_edge_mpnn,0.4949533208801417,0.06743594663635041,low
osm,chiang_mai,11,1000900,independent,direct_full,0.4949533208801417,0.11119547164485002,low
osm,chiang_mai,11,1000900,independent,direct_sage,0.4949533208801417,0.11306396792128826,low
osm,chiang_mai,11,1000900,independent,residual_edge_mpnn,0.4949533208801417,0.08800977910005522,low
osm,chiang_mai,11,1000900,independent,residual_full,0.4949533208801417,0.10958065025770194,low
osm,chiang_mai,11,1000900,independent,residual_sage,0.4949533208801417,0.10446835492822566,low
osm,chiang_mai,11,1000900,independent,spectral,0.4949533208801417,0.6584418135702207,low
osm,chiang_mai,11,1000900,independent,spectral_second_order,0.4949533208801417,0.6553086868791154,low
osm,chiang_mai,11,1000901,spatial_cluster,direct_edge_mpnn,0.4949533208801417,0.04643600030667077,low
osm,chiang_mai,11,1000901,spatial_cluster,direct_full,0.4949533208801417,0.06479717238671076,low
osm,chiang_mai,11,1000901,spatial_cluster,direct_sage,0.4949533208801417,0.15872233926183474,low
osm,chiang_mai,11,1000901,spatial_cluster,residual_edge_mpnn,0.4949533208801417,0.03937331076576302,low
osm,chiang_mai,11,1000901,spatial_cluster,residual_full,0.4949533208801417,0.04183691975795735,low
osm,chiang_mai,11,1000901,spatial_cluster,residual_sage,0.4949533208801417,0.1118974850805949,low
osm,chiang_mai,11,1000901,spatial_cluster,spectral,0.4949533208801417,0.7998130270872428,low
osm,chiang_mai,11,1000901,spatial_cluster,spectral_second_order,0.4949533208801417,0.7997970843149392,low
osm,chiang_mai,11,1000902,targeted,direct_edge_mpnn,0.4949533208801417,0.2562016795391157,low
osm,chiang_mai,11,1000902,targeted,direct_full,0.4949533208801417,0.24220433675787723,low
osm,chiang_mai,11,1000902,targeted,direct_sage,0.4949533208801417,0.25151581552914654,low
osm,chiang_mai,11,1000902,targeted,residual_edge_mpnn,0.4949533208801417,0.2472876935155835,low
osm,chiang_mai,11,1000902,targeted,residual_full,0.4949533208801417,0.255338182684424,low
osm,chiang_mai,11,1000902,targeted,residual_sage,0.4949533208801417,0.2491590326884004,low
osm,chiang_mai,11,1000902,targeted,spectral,0.4949533208801417,0.35727364585083643,low
osm,chiang_mai,11,1000902,targeted,spectral_second_order,0.4949533208801417,0.3569095998735533,low
osm,chiang_mai,22,1000900,independent,direct_edge_mpnn,0.4949533208801417,0.19922747354356443,low
osm,chiang_mai,22,1000900,independent,direct_full,0.4949533208801417,0.06874829273072872,low
osm,chiang_mai,22,1000900,independent,direct_sage,0.4949533208801417,0.06413971803484354,low
osm,chiang_mai,22,1000900,independent,residual_edge_mpnn,0.4949533208801417,0.06972049570975695,low
osm,chiang_mai,22,1000900,independent,residual_full,0.4949533208801417,0.051118781758864765,low
osm,chiang_mai,22,1000900,independent,residual_sage,0.4949533208801417,0.051103188846187086,low
osm,chiang_mai,22,1000900,independent,spectral,0.4949533208801417,0.6502246453929232,low
osm,chiang_mai,22,1000900,independent,spectral_second_order,0.4949533208801417,0.6502133411910915,low
osm,chiang_mai,22,1000901,spatial_cluster,direct_edge_mpnn,0.4949533208801417,0.19888646216952607,low
osm,chiang_mai,22,1000901,spatial_cluster,direct_full,0.4949533208801417,0.05540136458241744,low
osm,chiang_mai,22,1000901,spatial_cluster,direct_sage,0.4949533208801417,0.01123305657768055,low
osm,chiang_mai,22,1000901,spatial_cluster,residual_edge_mpnn,0.4949533208801417,0.0275977404955288,low
osm,chiang_mai,22,1000901,spatial_cluster,residual_full,0.4949533208801417,0.02267798059438846,low
osm,chiang_mai,22,1000901,spatial_cluster,residual_sage,0.4949533208801417,0.000510428232314135,low
osm,chiang_mai,22,1000901,spatial_cluster,spectral,0.4949533208801417,0.7984718554460953,low
osm,chiang_mai,22,1000901,spatial_cluster,spectral_second_order,0.4949533208801417,0.7983008559332536,low
osm,chiang_mai,22,1000902,targeted,direct_edge_mpnn,0.4949533208801417,0.39723594767160364,medium
osm,chiang_mai,22,1000902,targeted,direct_full,0.4949533208801417,0.12498563380388054,medium
osm,chiang_mai,22,1000902,targeted,direct_sage,0.4949533208801417,0.11989926309636678,medium
osm,chiang_mai,22,1000902,targeted,residual_edge_mpnn,0.4949533208801417,0.11223298225799509,medium
osm,chiang_mai,22,1000902,targeted,residual_full,0.4949533208801417,0.12084842341833164,medium
osm,chiang_mai,22,1000902,targeted,residual_sage,0.4949533208801417,0.1164603207853844,medium
osm,chiang_mai,22,1000902,targeted,spectral,0.4949533208801417,0.26419387068381744,medium
osm,chiang_mai,22,1000902,targeted,spectral_second_order,0.4949533208801417,0.2639628323227333,medium
osm,chiang_mai,33,1000900,independent,direct_edge_mpnn,0.4949533208801417,0.6027981847665382,medium
osm,chiang_mai,33,1000900,independent,direct_full,0.4949533208801417,0.05719281377726064,medium
osm,chiang_mai,33,1000900,independent,direct_sage,0.4949533208801417,0.058918868645449186,medium
osm,chiang_mai,33,1000900,independent,residual_edge_mpnn,0.4949533208801417,0.20429330783420072,medium
osm,chiang_mai,33,1000900,independent,residual_full,0.4949533208801417,0.05279818476653825,medium
osm,chiang_mai,33,1000900,independent,residual_sage,0.4949533208801417,0.05279822648978959,medium
osm,chiang_mai,33,1000900,independent,spectral,0.4949533208801417,0.601643164504979,medium
osm,chiang_mai,33,1000900,independent,spectral_second_order,0.4949533208801417,0.6016250442785978,medium
osm,chiang_mai,33,1000901,spatial_cluster,direct_edge_mpnn,0.4949533208801417,0.45175876787418856,medium
osm,chiang_mai,33,1000901,spatial_cluster,direct_full,0.4949533208801417,0.029439738741867387,medium
osm,chiang_mai,33,1000901,spatial_cluster,direct_sage,0.4949533208801417,0.01578500473385317,medium
osm,chiang_mai,33,1000901,spatial_cluster,residual_edge_mpnn,0.4949533208801417,0.07679564279948933,medium
osm,chiang_mai,33,1000901,spatial_cluster,residual_full,0.4949533208801417,0.0017587678741885608,medium
osm,chiang_mai,33,1000901,spatial_cluster,residual_sage,0.4949533208801417,0.0017587678741885608,medium
osm,chiang_mai,33,1000901,spatial_cluster,spectral,0.4949533208801417,0.4510243254895513,medium
osm,chiang_mai,33,1000901,spatial_cluster,spectral_second_order,0.4949533208801417,0.45100211410278357,medium
osm,chiang_mai,33,1000902,targeted,direct_edge_mpnn,0.4949533208801417,0.16511577131252733,medium
osm,chiang_mai,33,1000902,targeted,direct_full,0.4949533208801417,0.07394086846639683,medium
osm,chiang_mai,33,1000902,targeted,direct_sage,0.4949533208801417,0.06907708549318722,medium
osm,chiang_mai,33,1000902,targeted,residual_edge_mpnn,0.4949533208801417,0.10790239790428431,medium
osm,chiang_mai,33,1000902,targeted,residual_full,0.4949533208801417,0.06498534317154434,medium
osm,chiang_mai,33,1000902,targeted,residual_sage,0.4949533208801417,0.06469574124578384,medium
osm,chiang_mai,33,1000902,targeted,spectral,0.4949533208801417,0.1596138057511749,medium
osm,chiang_mai,33,1000902,targeted,spectral_second_order,0.4949533208801417,0.15935515163581687,medium
osm,chiang_mai,44,1000900,independent,direct_edge_mpnn,0.4949533208801417,0.06360456821808841,medium
osm,chiang_mai,44,1000900,independent,direct_full,0.4949533208801417,0.010402852984570032,medium
osm,chiang_mai,44,1000900,independent,direct_sage,0.4949533208801417,0.028949700010216517,medium
osm,chiang_mai,44,1000900,independent,residual_edge_mpnn,0.4949533208801417,0.005127908884041043,medium
osm,chiang_mai,44,1000900,independent,residual_full,0.4949533208801417,0.00507556936403485,medium
osm,chiang_mai,44,1000900,independent,residual_sage,0.4949533208801417,0.011376907246612075,medium
osm,chiang_mai,44,1000900,independent,spectral,0.4949533208801417,0.60140359846103,medium
osm,chiang_mai,44,1000900,independent,spectral_second_order,0.4949533208801417,0.6012994731588597,medium
osm,chiang_mai,44,1000901,spatial_cluster,direct_edge_mpnn,0.4949533208801417,0.1939351340997051,medium
osm,chiang_mai,44,1000901,spatial_cluster,direct_full,0.4949533208801417,0.14665263319189215,medium
osm,chiang_mai,44,1000901,spatial_cluster,direct_sage,0.4949533208801417,0.09614667634098037,medium
osm,chiang_mai,44,1000901,spatial_cluster,residual_edge_mpnn,0.4949533208801417,0.06423328291425968,medium
osm,chiang_mai,44,1000901,spatial_cluster,residual_full,0.4949533208801417,0.09991582033606065,medium
osm,chiang_mai,44,1000901,spatial_cluster,residual_sage,0.4949533208801417,0.16655531707952287,medium
osm,chiang_mai,44,1000901,spatial_cluster,spectral,0.4949533208801417,0.6987426282696088,medium
osm,chiang_mai,44,1000901,spatial_cluster,spectral_second_order,0.4949533208801417,0.6986101755150209,medium
osm,chiang_mai,44,1000902,targeted,direct_edge_mpnn,0.4949533208801417,0.1750047539161485,medium
osm,chiang_mai,44,1000902,targeted,direct_full,0.4949533208801417,0.20931331413234555,medium
osm,chiang_mai,44,1000902,targeted,direct_sage,0.4949533208801417,0.22270322377617452,medium
osm,chiang_mai,44,1000902,targeted,residual_edge_mpnn,0.4949533208801417,0.17877181429960895,medium
osm,chiang_mai,44,1000902,targeted,residual_full,0.4949533208801417,0.2089438984977227,medium
osm,chiang_mai,44,1000902,targeted,residual_sage,0.4949533208801417,0.18569616934740085,medium
osm,chiang_mai,44,1000902,targeted,spectral,0.4949533208801417,0.3032751475305312,medium
osm,chiang_mai,44,1000902,targeted,spectral_second_order,0.4949533208801417,0.297128106356431,medium
osm,chiang_mai,55,1000900,independent,direct_edge_mpnn,0.4949533208801417,0.10351388279063933,medium
osm,chiang_mai,55,1000900,independent,direct_full,0.4949533208801417,0.10410578261776202,medium
osm,chiang_mai,55,1000900,independent,direct_sage,0.4949533208801417,0.10462038058582937,medium
osm,chiang_mai,55,1000900,independent,residual_edge_mpnn,0.4949533208801417,0.7060733636771434,medium
osm,chiang_mai,55,1000900,independent,residual_full,0.4949533208801417,0.10570851291298052,medium
osm,chiang_mai,55,1000900,independent,residual_sage,0.4949533208801417,0.10462622374355443,medium
osm,chiang_mai,55,1000900,independent,spectral,0.4949533208801417,0.7036123690448256,medium
osm,chiang_mai,55,1000900,independent,spectral_second_order,0.4949533208801417,0.7035399769076064,medium
osm,chiang_mai,55,1000901,spatial_cluster,direct_edge_mpnn,0.4949533208801417,0.1738022988971848,medium
osm,chiang_mai,55,1000901,spatial_cluster,direct_full,0.4949533208801417,0.24711646688036798,medium
osm,chiang_mai,55,1000901,spatial_cluster,direct_sage,0.4949533208801417,0.20524399870872675,medium
osm,chiang_mai,55,1000901,spatial_cluster,residual_edge_mpnn,0.4949533208801417,0.851651584372617,medium
osm,chiang_mai,55,1000901,spatial_cluster,residual_full,0.4949533208801417,0.060585164294339335,medium
osm,chiang_mai,55,1000901,spatial_cluster,residual_sage,0.4949533208801417,0.09154448682488278,medium
osm,chiang_mai,55,1000901,spatial_cluster,spectral,0.4949533208801417,0.8488025478171469,medium
osm,chiang_mai,55,1000901,spatial_cluster,spectral_second_order,0.4949533208801417,0.8485546532368942,medium
osm,chiang_mai,55,1000902,targeted,direct_edge_mpnn,0.4949533208801417,0.08588224639472893,medium
osm,chiang_mai,55,1000902,targeted,direct_full,0.4949533208801417,0.0895473186219442,medium
osm,chiang_mai,55,1000902,targeted,direct_sage,0.4949533208801417,0.0905495792184535,medium
osm,chiang_mai,55,1000902,targeted,residual_edge_mpnn,0.4949533208801417,0.14592058531959765,medium
osm,chiang_mai,55,1000902,targeted,residual_full,0.4949533208801417,0.09248136362546347,medium
osm,chiang_mai,55,1000902,targeted,residual_sage,0.4949533208801417,0.08836830492034782,medium
osm,chiang_mai,55,1000902,targeted,spectral,0.4949533208801417,0.13771544739282768,medium
osm,chiang_mai,55,1000902,targeted,spectral_second_order,0.4949533208801417,0.13745427161473606,medium
osm,dalat,11,1000400,independent,direct_edge_mpnn,0.9756032890851764,0.30420594089549763,high
osm,dalat,11,1000400,independent,direct_full,0.9756032890851764,0.3347967397875784,high
osm,dalat,11,1000400,independent,direct_sage,0.9756032890851764,0.3349412202733656,high
osm,dalat,11,1000400,independent,residual_edge_mpnn,0.9756032890851764,0.2817148698948024,high
osm,dalat,11,1000400,independent,residual_full,0.9756032890851764,0.32020596065443735,high
osm,dalat,11,1000400,independent,residual_sage,0.9756032890851764,0.32781230737340433,high
osm,dalat,11,1000400,independent,spectral,0.9756032890851764,0.7596531756798961,high
osm,dalat,11,1000400,independent,spectral_second_order,0.9756032890851764,0.7275958811394563,high
osm,dalat,11,1000401,spatial_cluster,direct_edge_mpnn,0.9756032890851764,0.2453580913576162,high
osm,dalat,11,1000401,spatial_cluster,direct_full,0.9756032890851764,0.2237496113341062,high
osm,dalat,11,1000401,spatial_cluster,direct_sage,0.9756032890851764,0.20966639369090484,high
osm,dalat,11,1000401,spatial_cluster,residual_edge_mpnn,0.9756032890851764,0.22752167335477233,high
osm,dalat,11,1000401,spatial_cluster,residual_full,0.9756032890851764,0.22998294713672757,high
osm,dalat,11,1000401,spatial_cluster,residual_sage,0.9756032890851764,0.23666202532824637,high
osm,dalat,11,1000401,spatial_cluster,spectral,0.9756032890851764,0.8646850399507537,high
osm,dalat,11,1000401,spatial_cluster,spectral_second_order,0.9756032890851764,0.8415660205417004,high
osm,dalat,11,1000402,targeted,direct_edge_mpnn,0.9756032890851764,0.3382838499220177,high
osm,dalat,11,1000402,targeted,direct_full,0.9756032890851764,0.47215875670780394,high
osm,dalat,11,1000402,targeted,direct_sage,0.9756032890851764,0.45796139207203834,high
osm,dalat,11,1000402,targeted,residual_edge_mpnn,0.9756032890851764,0.31266280007083863,high
osm,dalat,11,1000402,targeted,residual_full,0.9756032890851764,0.3697081892239019,high
osm,dalat,11,1000402,targeted,residual_sage,0.9756032890851764,0.39858626783360684,high
osm,dalat,11,1000402,targeted,spectral,0.9756032890851764,0.8741574237733838,high
osm,dalat,11,1000402,targeted,spectral_second_order,0.9756032890851764,0.8347036262707089,high
osm,dalat,22,1000400,independent,direct_edge_mpnn,0.9756032890851764,0.04922947939465189,high
osm,dalat,22,1000400,independent,direct_full,0.9756032890851764,0.08380890091491335,high
osm,dalat,22,1000400,independent,direct_sage,0.9756032890851764,0.10339971867931474,high
osm,dalat,22,1000400,independent,residual_edge_mpnn,0.9756032890851764,0.0524302344593842,high
osm,dalat,22,1000400,independent,residual_full,0.9756032890851764,0.0976866621056422,high
osm,dalat,22,1000400,independent,residual_sage,0.9756032890851764,0.08151282309534394,high
osm,dalat,22,1000400,independent,spectral,0.9756032890851764,0.7978189544159957,high
osm,dalat,22,1000400,independent,spectral_second_order,0.9756032890851764,0.7803568604947851,high
osm,dalat,22,1000401,spatial_cluster,direct_edge_mpnn,0.9756032890851764,0.15297413323804399,high
osm,dalat,22,1000401,spatial_cluster,direct_full,0.9756032890851764,0.1516525124259967,high
osm,dalat,22,1000401,spatial_cluster,direct_sage,0.9756032890851764,0.214451263199069,high
osm,dalat,22,1000401,spatial_cluster,residual_edge_mpnn,0.9756032890851764,0.17380964173922736,high
osm,dalat,22,1000401,spatial_cluster,residual_full,0.9756032890851764,0.2066226218587893,high
osm,dalat,22,1000401,spatial_cluster,residual_sage,0.9756032890851764,0.22162573930447066,high
osm,dalat,22,1000401,spatial_cluster,spectral,0.9756032890851764,0.7028328630724616,high
osm,dalat,22,1000401,spatial_cluster,spectral_second_order,0.9756032890851764,0.6774296552375467,high
osm,dalat,22,1000402,targeted,direct_edge_mpnn,0.9756032890851764,0.4156241689449214,high
osm,dalat,22,1000402,targeted,direct_full,0.9756032890851764,0.4323226843686899,high
osm,dalat,22,1000402,targeted,direct_sage,0.9756032890851764,0.5646087788703045,high
osm,dalat,22,1000402,targeted,residual_edge_mpnn,0.9756032890851764,0.4129185844870409,high
osm,dalat,22,1000402,targeted,residual_full,0.9756032890851764,0.47048500279953087,high
osm,dalat,22,1000402,targeted,residual_sage,0.9756032890851764,0.4792944811010858,high
osm,dalat,22,1000402,targeted,spectral,0.9756032890851764,0.7726231478072436,high
osm,dalat,22,1000402,targeted,spectral_second_order,0.9756032890851764,0.744745561591192,high
osm,dalat,33,1000400,independent,direct_edge_mpnn,0.9756032890851764,0.9200618127788515,high
osm,dalat,33,1000400,independent,direct_full,0.9756032890851764,0.30474319892230434,high
osm,dalat,33,1000400,independent,direct_sage,0.9756032890851764,0.3021304417982976,high
osm,dalat,33,1000400,independent,residual_edge_mpnn,0.9756032890851764,0.40427968489232463,high
osm,dalat,33,1000400,independent,residual_full,0.9756032890851764,0.29608705350457276,high
osm,dalat,33,1000400,independent,residual_sage,0.9756032890851764,0.31034471780288025,high
osm,dalat,33,1000400,independent,spectral,0.9756032890851764,0.868819955068993,high
osm,dalat,33,1000400,independent,spectral_second_order,0.9756032890851764,0.8463144676736212,high
osm,dalat,33,1000401,spatial_cluster,direct_edge_mpnn,0.9756032890851764,0.8802602647868788,high
osm,dalat,33,1000401,spatial_cluster,direct_full,0.9756032890851764,0.2051596277848687,high
osm,dalat,33,1000401,spatial_cluster,direct_sage,0.9756032890851764,0.20181805045208373,high
osm,dalat,33,1000401,spatial_cluster,residual_edge_mpnn,0.9756032890851764,0.2707712560971681,high
osm,dalat,33,1000401,spatial_cluster,residual_full,0.9756032890851764,0.19758714265840308,high
osm,dalat,33,1000401,spatial_cluster,residual_sage,0.9756032890851764,0.2532123311502341,high
osm,dalat,33,1000401,spatial_cluster,spectral,0.9756032890851764,0.8288053964299303,high
osm,dalat,33,1000401,spatial_cluster,spectral_second_order,0.9756032890851764,0.802033939599194,high
osm,dalat,33,1000402,targeted,direct_edge_mpnn,0.9756032890851764,0.8401109983378289,high
osm,dalat,33,1000402,targeted,direct_full,0.9756032890851764,0.4263045923571488,high
osm,dalat,33,1000402,targeted,direct_sage,0.9756032890851764,0.4047547432436738,high
osm,dalat,33,1000402,targeted,residual_edge_mpnn,0.9756032890851764,0.3634403391583953,high
osm,dalat,33,1000402,targeted,residual_full,0.9756032890851764,0.35893361051709916,high
osm,dalat,33,1000402,targeted,residual_sage,0.9756032890851764,0.38866455739654043,high
osm,dalat,33,1000402,targeted,spectral,0.9756032890851764,0.7253929572909342,high
osm,dalat,33,1000402,targeted,spectral_second_order,0.9756032890851764,0.6764783822889393,high
osm,dalat,44,1000400,independent,direct_edge_mpnn,0.9756032890851764,0.25572893911105027,high
osm,dalat,44,1000400,independent,direct_full,0.9756032890851764,0.2561451257799594,high
osm,dalat,44,1000400,independent,direct_sage,0.9756032890851764,0.2314758414064376,high
osm,dalat,44,1000400,independent,residual_edge_mpnn,0.9756032890851764,0.24721007443096865,high
osm,dalat,44,1000400,independent,residual_full,0.9756032890851764,0.24869803368501803,high
osm,dalat,44,1000400,independent,residual_sage,0.9756032890851764,0.24283348076388522,high
osm,dalat,44,1000400,independent,spectral,0.9756032890851764,0.7947977279338152,high
osm,dalat,44,1000400,independent,spectral_second_order,0.9756032890851764,0.7777936787679531,high
osm,dalat,44,1000401,spatial_cluster,direct_edge_mpnn,0.9756032890851764,0.21680355539694238,high
osm,dalat,44,1000401,spatial_cluster,direct_full,0.9756032890851764,0.16693346107211507,high
osm,dalat,44,1000401,spatial_cluster,direct_sage,0.9756032890851764,0.1390521601094399,high
osm,dalat,44,1000401,spatial_cluster,residual_edge_mpnn,0.9756032890851764,0.14662083249687954,high
osm,dalat,44,1000401,spatial_cluster,residual_full,0.9756032890851764,0.15092174743345438,high
osm,dalat,44,1000401,spatial_cluster,residual_sage,0.9756032890851764,0.19587844906207713,high
osm,dalat,44,1000401,spatial_cluster,spectral,0.9756032890851764,0.7494006409841185,high
osm,dalat,44,1000401,spatial_cluster,spectral_second_order,0.9756032890851764,0.7337496242416521,high
osm,dalat,44,1000402,targeted,direct_edge_mpnn,0.9756032890851764,0.4197142846384264,high
osm,dalat,44,1000402,targeted,direct_full,0.9756032890851764,0.3970200572354846,high
osm,dalat,44,1000402,targeted,direct_sage,0.9756032890851764,0.36548112805027927,high
osm,dalat,44,1000402,targeted,residual_edge_mpnn,0.9756032890851764,0.3433055266239859,high
osm,dalat,44,1000402,targeted,residual_full,0.9756032890851764,0.34710391724327366,high
osm,dalat,44,1000402,targeted,residual_sage,0.9756032890851764,0.35147522086504945,high
osm,dalat,44,1000402,targeted,spectral,0.9756032890851764,0.5903380431121473,high
osm,dalat,44,1000402,targeted,spectral_second_order,0.9756032890851764,0.5478865502720319,high
osm,dalat,55,1000400,independent,direct_edge_mpnn,0.9756032890851764,0.20413738082254068,high
osm,dalat,55,1000400,independent,direct_full,0.9756032890851764,0.21999967704864304,high
osm,dalat,55,1000400,independent,direct_sage,0.9756032890851764,0.2382832664978749,high
osm,dalat,55,1000400,independent,residual_edge_mpnn,0.9756032890851764,0.7949983786090513,high
osm,dalat,55,1000400,independent,residual_full,0.9756032890851764,0.2261036003152494,high
osm,dalat,55,1000400,independent,residual_sage,0.9756032890851764,0.2246395351347572,high
osm,dalat,55,1000400,independent,spectral,0.9756032890851764,0.728722721430969,high
osm,dalat,55,1000400,independent,spectral_second_order,0.9756032890851764,0.7063731802363696,high
osm,dalat,55,1000401,spatial_cluster,direct_edge_mpnn,0.9756032890851764,0.16654319699182724,high
osm,dalat,55,1000401,spatial_cluster,direct_full,0.9756032890851764,0.12781987908536277,high
osm,dalat,55,1000401,spatial_cluster,direct_sage,0.9756032890851764,0.09236734110334524,high
osm,dalat,55,1000401,spatial_cluster,residual_edge_mpnn,0.9756032890851764,0.687933044901172,high
osm,dalat,55,1000401,spatial_cluster,residual_full,0.9756032890851764,0.08262668188133845,high
osm,dalat,55,1000401,spatial_cluster,residual_sage,0.9756032890851764,0.09660537402549395,high
osm,dalat,55,1000401,spatial_cluster,spectral,0.9756032890851764,0.6427308238850566,high
osm,dalat,55,1000401,spatial_cluster,spectral_second_order,0.9756032890851764,0.6182177737761746,high
osm,dalat,55,1000402,targeted,direct_edge_mpnn,0.9756032890851764,0.34892452636115223,high
osm,dalat,55,1000402,targeted,direct_full,0.9756032890851764,0.3423382343881103,high
osm,dalat,55,1000402,targeted,direct_sage,0.9756032890851764,0.3653802953817221,high
osm,dalat,55,1000402,targeted,residual_edge_mpnn,0.9756032890851764,0.8760058632140566,high
osm,dalat,55,1000402,targeted,residual_full,0.9756032890851764,0.3461476706125113,high
osm,dalat,55,1000402,targeted,residual_sage,0.9756032890851764,0.3441653737955066,high
osm,dalat,55,1000402,targeted,spectral,0.9756032890851764,0.7908966887396408,high
osm,dalat,55,1000402,targeted,spectral_second_order,0.9756032890851764,0.7618827541144207,high
osm,danang,11,1000200,independent,direct_edge_mpnn,0.2642356291819318,0.08982356541693275,low
osm,danang,11,1000200,independent,direct_full,0.2642356291819318,0.04086236382954321,low
osm,danang,11,1000200,independent,direct_sage,0.2642356291819318,0.057242901631162524,low
osm,danang,11,1000200,independent,residual_edge_mpnn,0.2642356291819318,0.09783417343347225,low
osm,danang,11,1000200,independent,residual_full,0.2642356291819318,0.044892221875237406,low
osm,danang,11,1000200,independent,residual_sage,0.2642356291819318,0.04789073543244807,low
osm,danang,11,1000200,independent,spectral,0.2642356291819318,0.6081337932643452,low
osm,danang,11,1000200,independent,spectral_second_order,0.2642356291819318,0.6055716134469882,low
osm,danang,11,1000201,spatial_cluster,direct_edge_mpnn,0.2642356291819318,0.12597666920326245,low
osm,danang,11,1000201,spatial_cluster,direct_full,0.2642356291819318,0.15201990822736083,low
osm,danang,11,1000201,spatial_cluster,direct_sage,0.2642356291819318,0.19465472865443834,low
osm,danang,11,1000201,spatial_cluster,residual_edge_mpnn,0.2642356291819318,0.11574725897214902,low
osm,danang,11,1000201,spatial_cluster,residual_full,0.2642356291819318,0.13441826536156642,low
osm,danang,11,1000201,spatial_cluster,residual_sage,0.2642356291819318,0.22109450785849152,low
osm,danang,11,1000201,spatial_cluster,spectral,0.2642356291819318,0.7462417211775769,low
osm,danang,11,1000201,spatial_cluster,spectral_second_order,0.2642356291819318,0.7377000535350928,low
osm,danang,11,1000202,targeted,direct_edge_mpnn,0.2642356291819318,0.1650980320588601,low
osm,danang,11,1000202,targeted,direct_full,0.2642356291819318,0.12077695198913677,low
osm,danang,11,1000202,targeted,direct_sage,0.2642356291819318,0.10651220025187094,low
osm,danang,11,1000202,targeted,residual_edge_mpnn,0.2642356291819318,0.17144731309263966,low
osm,danang,11,1000202,targeted,residual_full,0.2642356291819318,0.10173271926412705,low
osm,danang,11,1000202,targeted,residual_sage,0.2642356291819318,0.11194904770569232,low
osm,danang,11,1000202,targeted,spectral,0.2642356291819318,0.1935327299967288,low
osm,danang,11,1000202,targeted,spectral_second_order,0.2642356291819318,0.18748938810077456,low
osm,danang,22,1000200,independent,direct_edge_mpnn,0.2642356291819318,0.3420272669004745,low
osm,danang,22,1000200,independent,direct_full,0.2642356291819318,0.024009790554755973,low
osm,danang,22,1000200,independent,direct_sage,0.2642356291819318,0.02173182135831718,low
osm,danang,22,1000200,independent,residual_edge_mpnn,0.2642356291819318,0.03501837631614325,low
osm,danang,22,1000200,independent,residual_full,0.2642356291819318,0.016399175050248994,low
osm,danang,22,1000200,independent,residual_sage,0.2642356291819318,0.009491242050892941,low
osm,danang,22,1000200,independent,spectral,0.2642356291819318,0.451591518450701,low
osm,danang,22,1000200,independent,spectral_second_order,0.2642356291819318,0.4480108116092902,low
osm,danang,22,1000201,spatial_cluster,direct_edge_mpnn,0.2642356291819318,0.23775741113643192,low
osm,danang,22,1000201,spatial_cluster,direct_full,0.2642356291819318,0.015273408189017934,low
osm,danang,22,1000201,spatial_cluster,direct_sage,0.2642356291819318,0.11501140628715292,low
osm,danang,22,1000201,spatial_cluster,residual_edge_mpnn,0.2642356291819318,0.045189979594329556,low
osm,danang,22,1000201,spatial_cluster,residual_full,0.2642356291819318,0.01730836899657705,low
osm,danang,22,1000201,spatial_cluster,residual_sage,0.2642356291819318,0.012942501160207245,low
osm,danang,22,1000201,spatial_cluster,spectral,0.2642356291819318,0.6958907039540149,low
osm,danang,22,1000201,spatial_cluster,spectral_second_order,0.2642356291819318,0.6902451190877175,low
osm,danang,22,1000202,targeted,direct_edge_mpnn,0.2642356291819318,0.41712633033528135,low
osm,danang,22,1000202,targeted,direct_full,0.2642356291819318,0.05770677559254692,low
osm,danang,22,1000202,targeted,direct_sage,0.2642356291819318,0.06326302549937883,low
osm,danang,22,1000202,targeted,residual_edge_mpnn,0.2642356291819318,0.06673798565111073,low
osm,danang,22,1000202,targeted,residual_full,0.2642356291819318,0.08293005724192455,low
osm,danang,22,1000202,targeted,residual_sage,0.2642356291819318,0.068207352755385,low
osm,danang,22,1000202,targeted,spectral,0.2642356291819318,0.37322539762641627,low
osm,danang,22,1000202,targeted,spectral_second_order,0.2642356291819318,0.3687410057725251,low
osm,danang,33,1000200,independent,direct_edge_mpnn,0.2642356291819318,0.711009815615698,low
osm,danang,33,1000200,independent,direct_full,0.2642356291819318,0.008085699033520076,low
osm,danang,33,1000200,independent,direct_sage,0.2642356291819318,0.007151385790774287,low
osm,danang,33,1000200,independent,residual_edge_mpnn,0.2642356291819318,0.270687300058917,low
osm,danang,33,1000200,independent,residual_full,0.2642356291819318,0.006254278929239623,low
osm,danang,33,1000200,independent,residual_sage,0.2642356291819318,0.005109596711334657,low
osm,danang,33,1000200,independent,spectral,0.2642356291819318,0.6935914019232923,low
osm,danang,33,1000200,independent,spectral_second_order,0.2642356291819318,0.6914917294898147,low
osm,danang,33,1000201,spatial_cluster,direct_edge_mpnn,0.2642356291819318,0.6192585999031881,low
osm,danang,33,1000201,spatial_cluster,direct_full,0.2642356291819318,0.019264157828858305,low
osm,danang,33,1000201,spatial_cluster,direct_sage,0.2642356291819318,0.013699057651982125,low
osm,danang,33,1000201,spatial_cluster,residual_edge_mpnn,0.2642356291819318,0.19906009231904945,low
osm,danang,33,1000201,spatial_cluster,residual_full,0.2642356291819318,0.014716609752373771,low
osm,danang,33,1000201,spatial_cluster,residual_sage,0.2642356291819318,0.07323751243414123,low
osm,danang,33,1000201,spatial_cluster,spectral,0.2642356291819318,0.5879641167120542,low
osm,danang,33,1000201,spatial_cluster,spectral_second_order,0.2642356291819318,0.5781457533117823,low
osm,danang,33,1000202,targeted,direct_edge_mpnn,0.2642356291819318,0.44364793065681063,low
osm,danang,33,1000202,targeted,direct_full,0.2642356291819318,0.22167238674517104,low
osm,danang,33,1000202,targeted,direct_sage,0.2642356291819318,0.23204976399512423,low
osm,danang,33,1000202,targeted,residual_edge_mpnn,0.2642356291819318,0.24017062458864671,low
osm,danang,33,1000202,targeted,residual_full,0.2642356291819318,0.2464312894989451,low
osm,danang,33,1000202,targeted,residual_sage,0.2642356291819318,0.23861319057389102,low
osm,danang,33,1000202,targeted,spectral,0.2642356291819318,0.40783500200512074,low
osm,danang,33,1000202,targeted,spectral_second_order,0.2642356291819318,0.4033589136287438,low
osm,danang,44,1000200,independent,direct_edge_mpnn,0.2642356291819318,0.13663352591541766,low
osm,danang,44,1000200,independent,direct_full,0.2642356291819318,0.10351103149945542,low
osm,danang,44,1000200,independent,direct_sage,0.2642356291819318,0.11869726045870924,low
osm,danang,44,1000200,independent,residual_edge_mpnn,0.2642356291819318,0.11165340809483296,low
osm,danang,44,1000200,independent,residual_full,0.2642356291819318,0.11109337860605076,low
osm,danang,44,1000200,independent,residual_sage,0.2642356291819318,0.10104326208568445,low
osm,danang,44,1000200,independent,spectral,0.2642356291819318,0.513910404164504,low
osm,danang,44,1000200,independent,spectral_second_order,0.2642356291819318,0.5093827536068651,low
osm,danang,44,1000201,spatial_cluster,direct_edge_mpnn,0.2642356291819318,0.14415640200824534,low
osm,danang,44,1000201,spatial_cluster,direct_full,0.2642356291819318,0.06179931967855488,low
osm,danang,44,1000201,spatial_cluster,direct_sage,0.2642356291819318,0.04781995102168117,low
osm,danang,44,1000201,spatial_cluster,residual_edge_mpnn,0.2642356291819318,0.0126642689801234,low
osm,danang,44,1000201,spatial_cluster,residual_full,0.2642356291819318,0.008041964253773334,low
osm,danang,44,1000201,spatial_cluster,residual_sage,0.2642356291819318,0.08485871336827457,low
osm,danang,44,1000201,spatial_cluster,spectral,0.2642356291819318,0.5888267900365,low
osm,danang,44,1000201,spatial_cluster,spectral_second_order,0.2642356291819318,0.5827552172958799,low
osm,danang,44,1000202,targeted,direct_edge_mpnn,0.2642356291819318,0.1267736129082919,low
osm,danang,44,1000202,targeted,direct_full,0.2642356291819318,0.07167275574819844,low
osm,danang,44,1000202,targeted,direct_sage,0.2642356291819318,0.06853109520391784,low
osm,danang,44,1000202,targeted,residual_edge_mpnn,0.2642356291819318,0.023297454438577076,low
osm,danang,44,1000202,targeted,residual_full,0.2642356291819318,0.0378244387249406,low
osm,danang,44,1000202,targeted,residual_sage,0.2642356291819318,0.03574057711393015,low
osm,danang,44,1000202,targeted,spectral,0.2642356291819318,0.3345803386963131,low
osm,danang,44,1000202,targeted,spectral_second_order,0.2642356291819318,0.3289879335548696,low
osm,danang,55,1000200,independent,direct_edge_mpnn,0.2642356291819318,0.11006644505101904,low
osm,danang,55,1000200,independent,direct_full,0.2642356291819318,0.11857792834753204,low
osm,danang,55,1000200,independent,direct_sage,0.2642356291819318,0.11160083792174269,low
osm,danang,55,1000200,independent,residual_edge_mpnn,0.2642356291819318,0.4926193567645062,low
osm,danang,55,1000200,independent,residual_full,0.2642356291819318,0.10611478881086293,low
osm,danang,55,1000200,independent,residual_sage,0.2642356291819318,0.10200579481718128,low
osm,danang,55,1000200,independent,spectral,0.2642356291819318,0.4709835352984625,low
osm,danang,55,1000200,independent,spectral_second_order,0.2642356291819318,0.46878041312707286,low
osm,danang,55,1000201,spatial_cluster,direct_edge_mpnn,0.2642356291819318,0.13100027009230156,low
osm,danang,55,1000201,spatial_cluster,direct_full,0.2642356291819318,0.16332539374076763,low
osm,danang,55,1000201,spatial_cluster,direct_sage,0.2642356291819318,0.05936549779095688,low
osm,danang,55,1000201,spatial_cluster,residual_edge_mpnn,0.2642356291819318,0.5298954209524539,low
osm,danang,55,1000201,spatial_cluster,residual_full,0.2642356291819318,0.019092117391045278,low
osm,danang,55,1000201,spatial_cluster,residual_sage,0.2642356291819318,0.024118929259438177,low
osm,danang,55,1000201,spatial_cluster,spectral,0.2642356291819318,0.5000722944462616,low
osm,danang,55,1000201,spatial_cluster,spectral_second_order,0.2642356291819318,0.4920078965465703,low
osm,danang,55,1000202,targeted,direct_edge_mpnn,0.2642356291819318,0.11345082467852263,low
osm,danang,55,1000202,targeted,direct_full,0.2642356291819318,0.111695981671932,low
osm,danang,55,1000202,targeted,direct_sage,0.2642356291819318,0.1182547153717189,low
osm,danang,55,1000202,targeted,residual_edge_mpnn,0.2642356291819318,0.3893557212064816,low
osm,danang,55,1000202,targeted,residual_full,0.2642356291819318,0.09510515434075671,low
osm,danang,55,1000202,targeted,residual_sage,0.2642356291819318,0.0913631609723416,low
osm,danang,55,1000202,targeted,spectral,0.2642356291819318,0.3522801286953484,low
osm,danang,55,1000202,targeted,spectral_second_order,0.2642356291819318,0.34720575506745316,low
osm,george_town,11,1000700,independent,direct_edge_mpnn,0.5954596397913756,0.017953679720863442,medium
osm,george_town,11,1000700,independent,direct_full,0.5954596397913756,0.01912175175826225,medium
osm,george_town,11,1000700,independent,direct_sage,0.5954596397913756,0.05761855981605453,medium
osm,george_town,11,1000700,independent,residual_edge_mpnn,0.5954596397913756,0.006676912221361254,medium
osm,george_town,11,1000700,independent,residual_full,0.5954596397913756,0.015930287340532166,medium
osm,george_town,11,1000700,independent,residual_sage,0.5954596397913756,0.045392839293684886,medium
osm,george_town,11,1000700,independent,spectral,0.5954596397913756,0.30699068922768336,medium
osm,george_town,11,1000700,independent,spectral_second_order,0.5954596397913756,0.30692570855212925,medium
osm,george_town,11,1000701,spatial_cluster,direct_edge_mpnn,0.5954596397913756,0.13760035088167494,medium
osm,george_town,11,1000701,spatial_cluster,direct_full,0.5954596397913756,0.12048456914604613,medium
osm,george_town,11,1000701,spatial_cluster,direct_sage,0.5954596397913756,0.11879036160067624,medium
osm,george_town,11,1000701,spatial_cluster,residual_edge_mpnn,0.5954596397913756,0.12308452333205351,medium
osm,george_town,11,1000701,spatial_cluster,residual_full,0.5954596397913756,0.13023603569058317,medium
osm,george_town,11,1000701,spatial_cluster,residual_sage,0.5954596397913756,0.1173458681923308,medium
osm,george_town,11,1000701,spatial_cluster,spectral,0.5954596397913756,0.6987195524282453,medium
osm,george_town,11,1000701,spatial_cluster,spectral_second_order,0.5954596397913756,0.6986511705481605,medium
osm,george_town,11,1000702,targeted,direct_edge_mpnn,0.5954596397913756,0.12653306664277808,medium
osm,george_town,11,1000702,targeted,direct_full,0.5954596397913756,0.12826728956851946,medium
osm,george_town,11,1000702,targeted,direct_sage,0.5954596397913756,0.12832301948072172,medium
osm,george_town,11,1000702,targeted,residual_edge_mpnn,0.5954596397913756,0.12462006336395808,medium
osm,george_town,11,1000702,targeted,residual_full,0.5954596397913756,0.13290363421773393,medium
osm,george_town,11,1000702,targeted,residual_sage,0.5954596397913756,0.12607430864545763,medium
osm,george_town,11,1000702,targeted,spectral,0.5954596397913756,0.1791592400617225,medium
osm,george_town,11,1000702,targeted,spectral_second_order,0.5954596397913756,0.17876891901868852,medium
osm,george_town,22,1000700,independent,direct_edge_mpnn,0.5954596397913756,0.2579075592214971,medium
osm,george_town,22,1000700,independent,direct_full,0.5954596397913756,0.07970145369123514,medium
osm,george_town,22,1000700,independent,direct_sage,0.5954596397913756,0.06957313017616575,medium
osm,george_town,22,1000700,independent,residual_edge_mpnn,0.5954596397913756,0.062562394712007,medium
osm,george_town,22,1000700,independent,residual_full,0.5954596397913756,0.056391913944968605,medium
osm,george_town,22,1000700,independent,residual_sage,0.5954596397913756,0.05508850941026735,medium
osm,george_town,22,1000700,independent,spectral,0.5954596397913756,0.5031973629447049,medium
osm,george_town,22,1000700,independent,spectral_second_order,0.5954596397913756,0.5031463935106646,medium
osm,george_town,22,1000701,spatial_cluster,direct_edge_mpnn,0.5954596397913756,0.2442096698181802,medium
osm,george_town,22,1000701,spatial_cluster,direct_full,0.5954596397913756,0.043632831797162354,medium
osm,george_town,22,1000701,spatial_cluster,direct_sage,0.5954596397913756,0.0494754659013546,medium
osm,george_town,22,1000701,spatial_cluster,residual_edge_mpnn,0.5954596397913756,0.046711533144274994,medium
osm,george_town,22,1000701,spatial_cluster,residual_full,0.5954596397913756,0.015357209454280752,medium
osm,george_town,22,1000701,spatial_cluster,residual_sage,0.5954596397913756,0.015483021891574425,medium
osm,george_town,22,1000701,spatial_cluster,spectral,0.5954596397913756,0.6129627450918631,medium
osm,george_town,22,1000701,spatial_cluster,spectral_second_order,0.5954596397913756,0.6128944738480253,medium
osm,george_town,22,1000702,targeted,direct_edge_mpnn,0.5954596397913756,0.44057282715286483,medium
osm,george_town,22,1000702,targeted,direct_full,0.5954596397913756,0.07607205033687058,medium
osm,george_town,22,1000702,targeted,direct_sage,0.5954596397913756,0.05709271029022637,medium
osm,george_town,22,1000702,targeted,residual_edge_mpnn,0.5954596397913756,0.05177804048468054,medium
osm,george_town,22,1000702,targeted,residual_full,0.5954596397913756,0.051742755778176844,medium
osm,george_town,22,1000702,targeted,residual_sage,0.5954596397913756,0.043971589305946766,medium
osm,george_town,22,1000702,targeted,spectral,0.5954596397913756,0.14064400537621802,medium
osm,george_town,22,1000702,targeted,spectral_second_order,0.5954596397913756,0.14006372190901759,medium
osm,george_town,33,1000700,independent,direct_edge_mpnn,0.5954596397913756,0.357118673876167,medium
osm,george_town,33,1000700,independent,direct_full,0.5954596397913756,0.15475528289353777,medium
osm,george_town,33,1000700,independent,direct_sage,0.5954596397913756,0.10849975022892928,medium
osm,george_town,33,1000700,independent,residual_edge_mpnn,0.5954596397913756,0.1918351640251868,medium
osm,george_town,33,1000700,independent,residual_full,0.5954596397913756,0.15711867387616701,medium
osm,george_town,33,1000700,independent,residual_sage,0.5954596397913756,0.1558069396098207,medium
osm,george_town,33,1000700,independent,spectral,0.5954596397913756,0.3551031508968222,medium
osm,george_town,33,1000700,independent,spectral_second_order,0.5954596397913756,0.3550486056945147,medium
osm,george_town,33,1000701,spatial_cluster,direct_edge_mpnn,0.5954596397913756,0.4507957692439981,medium
osm,george_town,33,1000701,spatial_cluster,direct_full,0.5954596397913756,0.027410878129737814,medium
osm,george_town,33,1000701,spatial_cluster,direct_sage,0.5954596397913756,0.016890299208896585,medium
osm,george_town,33,1000701,spatial_cluster,residual_edge_mpnn,0.5954596397913756,0.20728423491163778,medium
osm,george_town,33,1000701,spatial_cluster,residual_full,0.5954596397913756,0.0007957692439980689,medium
osm,george_town,33,1000701,spatial_cluster,residual_sage,0.5954596397913756,0.0022687251861520054,medium
osm,george_town,33,1000701,spatial_cluster,spectral,0.5954596397913756,0.4495481791508961,medium
osm,george_town,33,1000701,spatial_cluster,spectral_second_order,0.5954596397913756,0.4495139046740366,medium
osm,george_town,33,1000702,targeted,direct_edge_mpnn,0.5954596397913756,0.36837814653016093,medium
osm,george_town,33,1000702,targeted,direct_full,0.5954596397913756,0.06586545611932201,medium
osm,george_town,33,1000702,targeted,direct_sage,0.5954596397913756,0.06266960343948642,medium
osm,george_town,33,1000702,targeted,residual_edge_mpnn,0.5954596397913756,0.14484355589344228,medium
osm,george_town,33,1000702,targeted,residual_full,0.5954596397913756,0.06632589914559785,medium
osm,george_town,33,1000702,targeted,residual_sage,0.5954596397913756,0.06209333766208429,medium
osm,george_town,33,1000702,targeted,spectral,0.5954596397913756,0.35943470448964926,medium
osm,george_town,33,1000702,targeted,spectral_second_order,0.5954596397913756,0.35908556595573476,medium
osm,george_town,44,1000700,independent,direct_edge_mpnn,0.5954596397913756,0.05576609976807195,medium
osm,george_town,44,1000700,independent,direct_full,0.5954596397913756,0.08696189735302287,medium
osm,george_town,44,1000700,independent,direct_sage,0.5954596397913756,0.11761846196123918,medium
osm,george_town,44,1000700,independent,residual_edge_mpnn,0.5954596397913756,0.04879669107714253,medium
osm,george_town,44,1000700,independent,residual_full,0.5954596397913756,0.05344962861171404,medium
osm,george_town,44,1000700,independent,residual_sage,0.5954596397913756,0.07508200200492102,medium
osm,george_town,44,1000700,independent,spectral,0.5954596397913756,0.4504639791638588,medium
osm,george_town,44,1000700,independent,spectral_second_order,0.5954596397913756,0.45033991141460605,medium
osm,george_town,44,1000701,spatial_cluster,direct_edge_mpnn,0.5954596397913756,0.102233037587055,high
osm,george_town,44,1000701,spatial_cluster,direct_full,0.5954596397913756,0.08272271682674531,high
osm,george_town,44,1000701,spatial_cluster,direct_sage,0.5954596397913756,0.10214856681580187,high
osm,george_town,44,1000701,spatial_cluster,residual_edge_mpnn,0.5954596397913756,0.06505813426855081,high
osm,george_town,44,1000701,spatial_cluster,residual_full,0.5954596397913756,0.061474415984204965,high
osm,george_town,44,1000701,spatial_cluster,residual_sage,0.5954596397913756,0.08987686061466577,high
osm,george_town,44,1000701,spatial_cluster,spectral,0.5954596397913756,0.6099176458265457,high
osm,george_town,44,1000701,spatial_cluster,spectral_second_order,0.5954596397913756,0.6098859662529101,high
osm,george_town,44,1000702,targeted,direct_edge_mpnn,0.5954596397913756,0.06138491899519406,high
osm,george_town,44,1000702,targeted,direct_full,0.5954596397913756,0.09319449182473061,high
osm,george_town,44,1000702,targeted,direct_sage,0.5954596397913756,0.12925566624723314,high
osm,george_town,44,1000702,targeted,residual_edge_mpnn,0.5954596397913756,0.052162567001768544,high
osm,george_town,44,1000702,targeted,residual_full,0.5954596397913756,0.07829248422489724,high
osm,george_town,44,1000702,targeted,residual_sage,0.5954596397913756,0.058563936659674576,high
osm,george_town,44,1000702,targeted,spectral,0.5954596397913756,0.17096618549282214,high
osm,george_town,44,1000702,targeted,spectral_second_order,0.5954596397913756,0.1705417032212973,high
osm,george_town,55,1000700,independent,direct_edge_mpnn,0.5954596397913756,0.05636323953744613,high
osm,george_town,55,1000700,independent,direct_full,0.5954596397913756,0.05752814283471519,high
osm,george_town,55,1000700,independent,direct_sage,0.5954596397913756,0.060407182591668905,high
osm,george_town,55,1000700,independent,residual_edge_mpnn,0.5954596397913756,0.3562636128948678,high
osm,george_town,55,1000700,independent,residual_full,0.5954596397913756,0.05608238436706856,high
osm,george_town,55,1000700,independent,residual_sage,0.5954596397913756,0.05458541025424955,high
osm,george_town,55,1000700,independent,spectral,0.5954596397913756,0.35389096313460616,high
osm,george_town,55,1000700,independent,spectral_second_order,0.5954596397913756,0.3538566835106688,high
osm,george_town,55,1000701,spatial_cluster,direct_edge_mpnn,0.5954596397913756,0.15178178655194113,high
osm,george_town,55,1000701,spatial_cluster,direct_full,0.5954596397913756,0.10526219424070785,high
osm,george_town,55,1000701,spatial_cluster,direct_sage,0.5954596397913756,0.045509775860477185,high
osm,george_town,55,1000701,spatial_cluster,residual_edge_mpnn,0.5954596397913756,0.5530425548818758,high
osm,george_town,55,1000701,spatial_cluster,residual_full,0.5954596397913756,0.0030425548818758434,high
osm,george_town,55,1000701,spatial_cluster,residual_sage,0.5954596397913756,0.002651831074371449,high
osm,george_town,55,1000701,spatial_cluster,spectral,0.5954596397913756,0.5518042458169872,high
osm,george_town,55,1000701,spatial_cluster,spectral_second_order,0.5954596397913756,0.551768290505614,high
osm,george_town,55,1000702,targeted,direct_edge_mpnn,0.5954596397913756,0.18025545271764382,high
osm,george_town,55,1000702,targeted,direct_full,0.5954596397913756,0.1949945518084606,high
osm,george_town,55,1000702,targeted,direct_sage,0.5954596397913756,0.19356103449907852,high
osm,george_town,55,1000702,targeted,residual_edge_mpnn,0.5954596397913756,0.2540111956581249,high
osm,george_town,55,1000702,targeted,residual_full,0.5954596397913756,0.19775217342411722,high
osm,george_town,55,1000702,targeted,residual_sage,0.5954596397913756,0.1927952789688725,high
osm,george_town,55,1000702,targeted,spectral,0.5954596397913756,0.24131244672955696,high
osm,george_town,55,1000702,targeted,spectral_second_order,0.5954596397913756,0.24066668126985652,high
osm,hcmus,11,1000000,independent,direct_edge_mpnn,0.2308483228937083,0.1093141921721155,low
osm,hcmus,11,1000000,independent,direct_full,0.2308483228937083,0.1054329385360386,low
osm,hcmus,11,1000000,independent,direct_sage,0.2308483228937083,0.10054156927431519,low
osm,hcmus,11,1000000,independent,residual_edge_mpnn,0.2308483228937083,0.09899573370597918,low
osm,hcmus,11,1000000,independent,residual_full,0.2308483228937083,0.09861966136157965,low
osm,hcmus,11,1000000,independent,residual_sage,0.2308483228937083,0.09913500921217781,low
osm,hcmus,11,1000000,independent,spectral,0.2308483228937083,0.39654619186833856,low
osm,hcmus,11,1000000,independent,spectral_second_order,0.2308483228937083,0.39380405678436176,low
osm,hcmus,11,1000001,spatial_cluster,direct_edge_mpnn,0.2308483228937083,0.126987745612764,low
osm,hcmus,11,1000001,spatial_cluster,direct_full,0.2308483228937083,0.10339850075533352,low
osm,hcmus,11,1000001,spatial_cluster,direct_sage,0.2308483228937083,0.11144733913233243,low
osm,hcmus,11,1000001,spatial_cluster,residual_edge_mpnn,0.2308483228937083,0.11179446477596403,low
osm,hcmus,11,1000001,spatial_cluster,residual_full,0.2308483228937083,0.11427827138576278,low
osm,hcmus,11,1000001,spatial_cluster,residual_sage,0.2308483228937083,0.11187481285956322,low
osm,hcmus,11,1000001,spatial_cluster,spectral,0.2308483228937083,0.6731793566776599,low
osm,hcmus,11,1000001,spatial_cluster,spectral_second_order,0.2308483228937083,0.6687670953298275,low
osm,hcmus,11,1000002,targeted,direct_edge_mpnn,0.2308483228937083,0.3389592152413311,low
osm,hcmus,11,1000002,targeted,direct_full,0.2308483228937083,0.2706009861013307,low
osm,hcmus,11,1000002,targeted,direct_sage,0.2308483228937083,0.27477992203927065,low
osm,hcmus,11,1000002,targeted,residual_edge_mpnn,0.2308483228937083,0.30063708097782044,low
osm,hcmus,11,1000002,targeted,residual_full,0.2308483228937083,0.28250548694890565,low
osm,hcmus,11,1000002,targeted,residual_sage,0.2308483228937083,0.29082758631714745,low
osm,hcmus,11,1000002,targeted,spectral,0.2308483228937083,0.5518586231641918,low
osm,hcmus,11,1000002,targeted,spectral_second_order,0.2308483228937083,0.5412399083921854,low
osm,hcmus,22,1000000,independent,direct_edge_mpnn,0.2308483228937083,0.1351007932063501,low
osm,hcmus,22,1000000,independent,direct_full,0.2308483228937083,0.12968647202333464,low
osm,hcmus,22,1000000,independent,direct_sage,0.2308483228937083,0.15121339170118822,low
osm,hcmus,22,1000000,independent,residual_edge_mpnn,0.2308483228937083,0.11699924676205879,low
osm,hcmus,22,1000000,independent,residual_full,0.2308483228937083,0.12955581870112642,low
osm,hcmus,22,1000000,independent,residual_sage,0.2308483228937083,0.1367766698414083,low
osm,hcmus,22,1000000,independent,spectral,0.2308483228937083,0.5453246707474817,low
osm,hcmus,22,1000000,independent,spectral_second_order,0.2308483228937083,0.5378990943134616,low
osm,hcmus,22,1000001,spatial_cluster,direct_edge_mpnn,0.2308483228937083,0.042523515689553704,low
osm,hcmus,22,1000001,spatial_cluster,direct_full,0.2308483228937083,0.07512691515888123,low
osm,hcmus,22,1000001,spatial_cluster,direct_sage,0.2308483228937083,0.04132595706190018,low
osm,hcmus,22,1000001,spatial_cluster,residual_edge_mpnn,0.2308483228937083,0.02876032787765413,low
osm,hcmus,22,1000001,spatial_cluster,residual_full,0.2308483228937083,0.059323073272226357,low
osm,hcmus,22,1000001,spatial_cluster,residual_sage,0.2308483228937083,0.05646440797665533,low
osm,hcmus,22,1000001,spatial_cluster,spectral,0.2308483228937083,0.6945182488958772,low
osm,hcmus,22,1000001,spatial_cluster,spectral_second_order,0.2308483228937083,0.6872931670307042,low
osm,hcmus,22,1000002,targeted,direct_edge_mpnn,0.2308483228937083,0.15193676729876351,low
osm,hcmus,22,1000002,targeted,direct_full,0.2308483228937083,0.2126660141339464,low
osm,hcmus,22,1000002,targeted,direct_sage,0.2308483228937083,0.20511261906381076,low
osm,hcmus,22,1000002,targeted,residual_edge_mpnn,0.2308483228937083,0.126692289421561,low
osm,hcmus,22,1000002,targeted,residual_full,0.2308483228937083,0.20200531306860312,low
osm,hcmus,22,1000002,targeted,residual_sage,0.2308483228937083,0.1833432850619809,low
osm,hcmus,22,1000002,targeted,spectral,0.2308483228937083,0.39510197680616754,low
osm,hcmus,22,1000002,targeted,spectral_second_order,0.2308483228937083,0.3841623581493442,low
osm,hcmus,33,1000000,independent,direct_edge_mpnn,0.2308483228937083,0.7091418602746463,low
osm,hcmus,33,1000000,independent,direct_full,0.2308483228937083,0.19595722494877682,low
osm,hcmus,33,1000000,independent,direct_sage,0.2308483228937083,0.19059001585949797,low
osm,hcmus,33,1000000,independent,residual_edge_mpnn,0.2308483228937083,0.21594465700554144,low
osm,hcmus,33,1000000,independent,residual_full,0.2308483228937083,0.1784734937121383,low
osm,hcmus,33,1000000,independent,residual_sage,0.2308483228937083,0.1759223743938477,low
osm,hcmus,33,1000000,independent,spectral,0.2308483228937083,0.6731769911352057,low
osm,hcmus,33,1000000,independent,spectral_second_order,0.2308483228937083,0.6615907884227268,low
osm,hcmus,33,1000001,spatial_cluster,direct_edge_mpnn,0.2308483228937083,0.7359145018682474,low
osm,hcmus,33,1000001,spatial_cluster,direct_full,0.2308483228937083,0.05817135134934933,low
osm,hcmus,33,1000001,spatial_cluster,direct_sage,0.2308483228937083,0.03321516504734309,low
osm,hcmus,33,1000001,spatial_cluster,residual_edge_mpnn,0.2308483228937083,0.15542636411487612,low
osm,hcmus,33,1000001,spatial_cluster,residual_full,0.2308483228937083,0.03424375939095696,low
osm,hcmus,33,1000001,spatial_cluster,residual_sage,0.2308483228937083,0.032916962101492295,low
osm,hcmus,33,1000001,spatial_cluster,spectral,0.2308483228937083,0.7276282003220623,low
osm,hcmus,33,1000001,spatial_cluster,spectral_second_order,0.2308483228937083,0.7244674505236204,low
osm,hcmus,33,1000002,targeted,direct_edge_mpnn,0.2308483228937083,0.4104226386786582,low
osm,hcmus,33,1000002,targeted,direct_full,0.2308483228937083,0.27489232782889833,low
osm,hcmus,33,1000002,targeted,direct_sage,0.2308483228937083,0.24324786037822,low
osm,hcmus,33,1000002,targeted,residual_edge_mpnn,0.2308483228937083,0.2788025501053337,low
osm,hcmus,33,1000002,targeted,residual_full,0.2308483228937083,0.2632379285206231,low
osm,hcmus,33,1000002,targeted,residual_sage,0.2308483228937083,0.25515218677362295,low
osm,hcmus,33,1000002,targeted,spectral,0.2308483228937083,0.36937289598739814,low
osm,hcmus,33,1000002,targeted,spectral_second_order,0.2308483228937083,0.35595190782327385,low
osm,hcmus,44,1000000,independent,direct_edge_mpnn,0.2308483228937083,0.11301650501750515,low
osm,hcmus,44,1000000,independent,direct_full,0.2308483228937083,0.10502054341100261,low
osm,hcmus,44,1000000,independent,direct_sage,0.2308483228937083,0.10571894165091325,low
osm,hcmus,44,1000000,independent,residual_edge_mpnn,0.2308483228937083,0.09777221655435966,low
osm,hcmus,44,1000000,independent,residual_full,0.2308483228937083,0.10936341089779204,low
osm,hcmus,44,1000000,independent,residual_sage,0.2308483228937083,0.09751437151767421,low
osm,hcmus,44,1000000,independent,spectral,0.2308483228937083,0.754212587403907,low
osm,hcmus,44,1000000,independent,spectral_second_order,0.2308483228937083,0.7501800486296659,low
osm,hcmus,44,1000001,spatial_cluster,direct_edge_mpnn,0.2308483228937083,0.06648526367668081,low
osm,hcmus,44,1000001,spatial_cluster,direct_full,0.2308483228937083,0.07339910575125387,low
osm,hcmus,44,1000001,spatial_cluster,direct_sage,0.2308483228937083,0.09103593387577705,low
osm,hcmus,44,1000001,spatial_cluster,residual_edge_mpnn,0.2308483228937083,0.05798680738271648,low
osm,hcmus,44,1000001,spatial_cluster,residual_full,0.2308483228937083,0.07153223511940689,low
osm,hcmus,44,1000001,spatial_cluster,residual_sage,0.2308483228937083,0.07810415447626283,low
osm,hcmus,44,1000001,spatial_cluster,spectral,0.2308483228937083,0.6653579522680095,low
osm,hcmus,44,1000001,spatial_cluster,spectral_second_order,0.2308483228937083,0.6541496973163121,low
osm,hcmus,44,1000002,targeted,direct_edge_mpnn,0.2308483228937083,0.4518758927939045,low
osm,hcmus,44,1000002,targeted,direct_full,0.2308483228937083,0.4534639328822004,low
osm,hcmus,44,1000002,targeted,direct_sage,0.2308483228937083,0.4246729783578071,low
osm,hcmus,44,1000002,targeted,residual_edge_mpnn,0.2308483228937083,0.435852145760943,low
osm,hcmus,44,1000002,targeted,residual_full,0.2308483228937083,0.4559304652135171,low
osm,hcmus,44,1000002,targeted,residual_sage,0.2308483228937083,0.4121800028822826,low
osm,hcmus,44,1000002,targeted,spectral,0.2308483228937083,0.5295169715286587,low
osm,hcmus,44,1000002,targeted,spectral_second_order,0.2308483228937083,0.517127486607224,low
osm,hcmus,55,1000000,independent,direct_edge_mpnn,0.2308483228937083,0.05584214221155713,low
osm,hcmus,55,1000000,independent,direct_full,0.2308483228937083,0.06493354336259019,low
osm,hcmus,55,1000000,independent,direct_sage,0.2308483228937083,0.11259394151120172,low
osm,hcmus,55,1000000,independent,residual_edge_mpnn,0.2308483228937083,0.5123594055608035,low
osm,hcmus,55,1000000,independent,residual_full,0.2308483228937083,0.05626631387584258,low
osm,hcmus,55,1000000,independent,residual_sage,0.2308483228937083,0.05580078806104485,low
osm,hcmus,55,1000000,independent,spectral,0.2308483228937083,0.5016370130384238,low
osm,hcmus,55,1000000,independent,spectral_second_order,0.2308483228937083,0.5001087666196871,low
osm,hcmus,55,1000001,spatial_cluster,direct_edge_mpnn,0.2308483228937083,0.18404057265078178,low
osm,hcmus,55,1000001,spatial_cluster,direct_full,0.2308483228937083,0.14442610672493925,low
osm,hcmus,55,1000001,spatial_cluster,direct_sage,0.2308483228937083,0.11562864358355748,low
osm,hcmus,55,1000001,spatial_cluster,residual_edge_mpnn,0.2308483228937083,0.6443784669750849,low
osm,hcmus,55,1000001,spatial_cluster,residual_full,0.2308483228937083,0.10877314789123094,low
osm,hcmus,55,1000001,spatial_cluster,residual_sage,0.2308483228937083,0.121207251975364,low
osm,hcmus,55,1000001,spatial_cluster,spectral,0.2308483228937083,0.628788706986346,low
osm,hcmus,55,1000001,spatial_cluster,spectral_second_order,0.2308483228937083,0.623618039785196,low
osm,hcmus,55,1000002,targeted,direct_edge_mpnn,0.2308483228937083,0.3462460094829193,low
osm,hcmus,55,1000002,targeted,direct_full,0.2308483228937083,0.37169862016480953,low
osm,hcmus,55,1000002,targeted,direct_sage,0.2308483228937083,0.37137630826445533,low
osm,hcmus,55,1000002,targeted,residual_edge_mpnn,0.2308483228937083,0.523665448075715,low
osm,hcmus,55,1000002,targeted,residual_full,0.2308483228937083,0.3687990456627398,low
osm,hcmus,55,1000002,targeted,residual_sage,0.2308483228937083,0.3634540692012473,low
osm,hcmus,55,1000002,targeted,spectral,0.2308483228937083,0.4857147589705534,low
osm,hcmus,55,1000002,targeted,spectral_second_order,0.2308483228937083,0.47478118840583744,low
osm,kuala_lumpur,11,1000600,independent,direct_edge_mpnn,0.2325023254726682,0.11011047738532702,low
osm,kuala_lumpur,11,1000600,independent,direct_full,0.2325023254726682,0.11524649656306185,low
osm,kuala_lumpur,11,1000600,independent,direct_sage,0.2325023254726682,0.14728163688372056,low
osm,kuala_lumpur,11,1000600,independent,residual_edge_mpnn,0.2325023254726682,0.0996916738481633,low
osm,kuala_lumpur,11,1000600,independent,residual_full,0.2325023254726682,0.07614022656803629,low
osm,kuala_lumpur,11,1000600,independent,residual_sage,0.2325023254726682,0.1160802166873782,low
osm,kuala_lumpur,11,1000600,independent,spectral,0.2325023254726682,0.25235959203988434,low
osm,kuala_lumpur,11,1000600,independent,spectral_second_order,0.2325023254726682,0.2522188788188519,low
osm,kuala_lumpur,11,1000601,spatial_cluster,direct_edge_mpnn,0.2325023254726682,0.07350328357544342,low
osm,kuala_lumpur,11,1000601,spatial_cluster,direct_full,0.2325023254726682,0.08322110145938198,low
osm,kuala_lumpur,11,1000601,spatial_cluster,direct_sage,0.2325023254726682,0.08819791411635079,low
osm,kuala_lumpur,11,1000601,spatial_cluster,residual_edge_mpnn,0.2325023254726682,0.05334983491458545,low
osm,kuala_lumpur,11,1000601,spatial_cluster,residual_full,0.2325023254726682,0.06132682491786926,low
osm,kuala_lumpur,11,1000601,spatial_cluster,residual_sage,0.2325023254726682,0.07873157261279325,low
osm,kuala_lumpur,11,1000601,spatial_cluster,spectral,0.2325023254726682,0.7484986881699339,low
osm,kuala_lumpur,11,1000601,spatial_cluster,spectral_second_order,0.2325023254726682,0.7480064342822899,low
osm,kuala_lumpur,11,1000602,targeted,direct_edge_mpnn,0.2325023254726682,0.1334719084451656,low
osm,kuala_lumpur,11,1000602,targeted,direct_full,0.2325023254726682,0.10814140043293992,low
osm,kuala_lumpur,11,1000602,targeted,direct_sage,0.2325023254726682,0.1330624293716289,low
osm,kuala_lumpur,11,1000602,targeted,residual_edge_mpnn,0.2325023254726682,0.12106961154744031,low
osm,kuala_lumpur,11,1000602,targeted,residual_full,0.2325023254726682,0.09475206783289071,low
osm,kuala_lumpur,11,1000602,targeted,residual_sage,0.2325023254726682,0.10672254944725439,low
osm,kuala_lumpur,11,1000602,targeted,spectral,0.2325023254726682,0.15927931685164876,low
osm,kuala_lumpur,11,1000602,targeted,spectral_second_order,0.2325023254726682,0.1588065414393442,low
osm,kuala_lumpur,22,1000600,independent,direct_edge_mpnn,0.2325023254726682,0.10900017191971687,low
osm,kuala_lumpur,22,1000600,independent,direct_full,0.2325023254726682,0.12939656288521745,low
osm,kuala_lumpur,22,1000600,independent,direct_sage,0.2325023254726682,0.11565569532262543,low
osm,kuala_lumpur,22,1000600,independent,residual_edge_mpnn,0.2325023254726682,0.12718091276633003,low
osm,kuala_lumpur,22,1000600,independent,residual_full,0.2325023254726682,0.11163872333880157,low
osm,kuala_lumpur,22,1000600,independent,residual_sage,0.2325023254726682,0.10731838215218922,low
osm,kuala_lumpur,22,1000600,independent,spectral,0.2325023254726682,0.3572657822191644,low
osm,kuala_lumpur,22,1000600,independent,spectral_second_order,0.2325023254726682,0.3567941163282525,low
osm,kuala_lumpur,22,1000601,spatial_cluster,direct_edge_mpnn,0.2325023254726682,0.19551175055907125,low
osm,kuala_lumpur,22,1000601,spatial_cluster,direct_full,0.2325023254726682,0.1434443381175397,low
osm,kuala_lumpur,22,1000601,spatial_cluster,direct_sage,0.2325023254726682,0.0889243868279923,low
osm,kuala_lumpur,22,1000601,spatial_cluster,residual_edge_mpnn,0.2325023254726682,0.10524414394398234,low
osm,kuala_lumpur,22,1000601,spatial_cluster,residual_full,0.2325023254726682,0.03623225317656617,low
osm,kuala_lumpur,22,1000601,spatial_cluster,residual_sage,0.2325023254726682,0.059285515210065955,low
osm,kuala_lumpur,22,1000601,spatial_cluster,spectral,0.2325023254726682,0.47099172777293896,low
osm,kuala_lumpur,22,1000601,spatial_cluster,spectral_second_order,0.2325023254726682,0.4707683344875391,low
osm,kuala_lumpur,22,1000602,targeted,direct_edge_mpnn,0.2325023254726682,0.2185246866826717,low
osm,kuala_lumpur,22,1000602,targeted,direct_full,0.2325023254726682,0.1693233720655469,low
osm,kuala_lumpur,22,1000602,targeted,direct_sage,0.2325023254726682,0.1352993027935652,low
osm,kuala_lumpur,22,1000602,targeted,residual_edge_mpnn,0.2325023254726682,0.16966927737845852,low
osm,kuala_lumpur,22,1000602,targeted,residual_full,0.2325023254726682,0.13538975339029374,low
osm,kuala_lumpur,22,1000602,targeted,residual_sage,0.2325023254726682,0.1325628941324669,low
osm,kuala_lumpur,22,1000602,targeted,spectral,0.2325023254726682,0.17224891333294606,low
osm,kuala_lumpur,22,1000602,targeted,spectral_second_order,0.2325023254726682,0.17147755795659705,low
osm,kuala_lumpur,33,1000600,independent,direct_edge_mpnn,0.2325023254726682,0.2600759958073761,low
osm,kuala_lumpur,33,1000600,independent,direct_full,0.2325023254726682,0.12191789362874961,low
osm,kuala_lumpur,33,1000600,independent,direct_sage,0.2325023254726682,0.09233728268267408,low
osm,kuala_lumpur,33,1000600,independent,residual_edge_mpnn,0.2325023254726682,0.1481411491363976,low
osm,kuala_lumpur,33,1000600,independent,residual_full,0.2325023254726682,0.11007599580737612,low
osm,kuala_lumpur,33,1000600,independent,residual_sage,0.2325023254726682,0.10616617193671,low
osm,kuala_lumpur,33,1000600,independent,spectral,0.2325023254726682,0.25598301672574253,low
osm,kuala_lumpur,33,1000600,independent,spectral_second_order,0.2325023254726682,0.2557886335665352,low
osm,kuala_lumpur,33,1000601,spatial_cluster,direct_edge_mpnn,0.2325023254726682,0.5119509933468851,low
osm,kuala_lumpur,33,1000601,spatial_cluster,direct_full,0.2325023254726682,0.10338139820864331,low
osm,kuala_lumpur,33,1000601,spatial_cluster,direct_sage,0.2325023254726682,0.05258241638561616,low
osm,kuala_lumpur,33,1000601,spatial_cluster,residual_edge_mpnn,0.2325023254726682,0.24101498984275732,low
osm,kuala_lumpur,33,1000601,spatial_cluster,residual_full,0.2325023254726682,0.0614268063985708,low
osm,kuala_lumpur,33,1000601,spatial_cluster,residual_sage,0.2325023254726682,0.06017758658961046,low
osm,kuala_lumpur,33,1000601,spatial_cluster,spectral,0.2325023254726682,0.5090539074123521,low
osm,kuala_lumpur,33,1000601,spatial_cluster,spectral_second_order,0.2325023254726682,0.5089295020205438,low
osm,kuala_lumpur,33,1000602,targeted,direct_edge_mpnn,0.2325023254726682,0.1751398799343396,low
osm,kuala_lumpur,33,1000602,targeted,direct_full,0.2325023254726682,0.12876277237489045,low
osm,kuala_lumpur,33,1000602,targeted,direct_sage,0.2325023254726682,0.10593206271240618,low
osm,kuala_lumpur,33,1000602,targeted,residual_edge_mpnn,0.2325023254726682,0.15460941958721863,low
osm,kuala_lumpur,33,1000602,targeted,residual_full,0.2325023254726682,0.12340589532241115,low
osm,kuala_lumpur,33,1000602,targeted,residual_sage,0.2325023254726682,0.11063157333837714,low
osm,kuala_lumpur,33,1000602,targeted,spectral,0.2325023254726682,0.16720700430806126,low
osm,kuala_lumpur,33,1000602,targeted,spectral_second_order,0.2325023254726682,0.16694659013367438,low
osm,kuala_lumpur,44,1000600,independent,direct_edge_mpnn,0.2325023254726682,0.19984716103700387,low
osm,kuala_lumpur,44,1000600,independent,direct_full,0.2325023254726682,0.1769873801740764,low
osm,kuala_lumpur,44,1000600,independent,direct_sage,0.2325023254726682,0.20440317766097768,low
osm,kuala_lumpur,44,1000600,independent,residual_edge_mpnn,0.2325023254726682,0.16366574300186715,low
osm,kuala_lumpur,44,1000600,independent,residual_full,0.2325023254726682,0.1576184702915193,low
osm,kuala_lumpur,44,1000600,independent,residual_sage,0.2325023254726682,0.16078857270373842,low
osm,kuala_lumpur,44,1000600,independent,spectral,0.2325023254726682,0.4537024523626515,low
osm,kuala_lumpur,44,1000600,independent,spectral_second_order,0.2325023254726682,0.45342821811102063,low
osm,kuala_lumpur,44,1000601,spatial_cluster,direct_edge_mpnn,0.2325023254726682,0.17508610374782554,low
osm,kuala_lumpur,44,1000601,spatial_cluster,direct_full,0.2325023254726682,0.1428893186107682,low
osm,kuala_lumpur,44,1000601,spatial_cluster,direct_sage,0.2325023254726682,0.13077837526355254,low
osm,kuala_lumpur,44,1000601,spatial_cluster,residual_edge_mpnn,0.2325023254726682,0.07012788587738146,low
osm,kuala_lumpur,44,1000601,spatial_cluster,residual_full,0.2325023254726682,0.06545534259771606,low
osm,kuala_lumpur,44,1000601,spatial_cluster,residual_sage,0.2325023254726682,0.14082782100443114,low
osm,kuala_lumpur,44,1000601,spatial_cluster,spectral,0.2325023254726682,0.6607007048961513,low
osm,kuala_lumpur,44,1000601,spatial_cluster,spectral_second_order,0.2325023254726682,0.6593534187696378,low
osm,kuala_lumpur,44,1000602,targeted,direct_edge_mpnn,0.2325023254726682,0.24696715520311532,low
osm,kuala_lumpur,44,1000602,targeted,direct_full,0.2325023254726682,0.13568526306345172,low
osm,kuala_lumpur,44,1000602,targeted,direct_sage,0.2325023254726682,0.17102502275889384,low
osm,kuala_lumpur,44,1000602,targeted,residual_edge_mpnn,0.2325023254726682,0.13530781085338656,low
osm,kuala_lumpur,44,1000602,targeted,residual_full,0.2325023254726682,0.13684897060806284,low
osm,kuala_lumpur,44,1000602,targeted,residual_sage,0.2325023254726682,0.12530714540143353,low
osm,kuala_lumpur,44,1000602,targeted,spectral,0.2325023254726682,0.17764516814185222,low
osm,kuala_lumpur,44,1000602,targeted,spectral_second_order,0.2325023254726682,0.17670746135117815,low
osm,kuala_lumpur,55,1000600,independent,direct_edge_mpnn,0.2325023254726682,0.15956643684798036,low
osm,kuala_lumpur,55,1000600,independent,direct_full,0.2325023254726682,0.2104386911641501,low
osm,kuala_lumpur,55,1000600,independent,direct_sage,0.2325023254726682,0.20355648384836117,low
osm,kuala_lumpur,55,1000600,independent,residual_edge_mpnn,0.2325023254726682,0.4161547517451944,low
osm,kuala_lumpur,55,1000600,independent,residual_full,0.2325023254726682,0.2121012283769923,low
osm,kuala_lumpur,55,1000600,independent,residual_sage,0.2325023254726682,0.2086392121922988,low
osm,kuala_lumpur,55,1000600,independent,spectral,0.2325023254726682,0.41032014144239587,low
osm,kuala_lumpur,55,1000600,independent,spectral_second_order,0.2325023254726682,0.4100509147372427,low
osm,kuala_lumpur,55,1000601,spatial_cluster,direct_edge_mpnn,0.2325023254726682,0.08404955640554929,low
osm,kuala_lumpur,55,1000601,spatial_cluster,direct_full,0.2325023254726682,0.13942943923295043,low
osm,kuala_lumpur,55,1000601,spatial_cluster,direct_sage,0.2325023254726682,0.08885618848845864,low
osm,kuala_lumpur,55,1000601,spatial_cluster,residual_edge_mpnn,0.2325023254726682,0.4529384641896138,low
osm,kuala_lumpur,55,1000601,spatial_cluster,residual_full,0.2325023254726682,0.024698850418175194,low
osm,kuala_lumpur,55,1000601,spatial_cluster,residual_sage,0.2325023254726682,0.037189406580258724,low
osm,kuala_lumpur,55,1000601,spatial_cluster,spectral,0.2325023254726682,0.4519115201037033,low
osm,kuala_lumpur,55,1000601,spatial_cluster,spectral_second_order,0.2325023254726682,0.451895173509814,low
osm,kuala_lumpur,55,1000602,targeted,direct_edge_mpnn,0.2325023254726682,0.21587439588320492,low
osm,kuala_lumpur,55,1000602,targeted,direct_full,0.2325023254726682,0.1687395747600077,low
osm,kuala_lumpur,55,1000602,targeted,direct_sage,0.2325023254726682,0.16841671877622846,low
osm,kuala_lumpur,55,1000602,targeted,residual_edge_mpnn,0.2325023254726682,0.18073297146248596,low
osm,kuala_lumpur,55,1000602,targeted,residual_full,0.2325023254726682,0.17039969173266517,low
osm,kuala_lumpur,55,1000602,targeted,residual_sage,0.2325023254726682,0.16536270414718396,low
osm,kuala_lumpur,55,1000602,targeted,spectral,0.2325023254726682,0.16813173985289914,low
osm,kuala_lumpur,55,1000602,targeted,spectral_second_order,0.2325023254726682,0.16678777134191264,low
osm,kyoto,11,1001100,independent,direct_edge_mpnn,0.942498401496082,0.08659437051467724,high
osm,kyoto,11,1001100,independent,direct_full,0.942498401496082,0.1212490707119567,high
osm,kyoto,11,1001100,independent,direct_sage,0.942498401496082,0.14055316107772417,high
osm,kyoto,11,1001100,independent,residual_edge_mpnn,0.942498401496082,0.06138508382320353,high
osm,kyoto,11,1001100,independent,residual_full,0.942498401496082,0.05979673587421289,high
osm,kyoto,11,1001100,independent,residual_sage,0.942498401496082,0.10433223083110674,high
osm,kyoto,11,1001100,independent,spectral,0.942498401496082,0.10330215369426037,high
osm,kyoto,11,1001100,independent,spectral_second_order,0.942498401496082,0.10327571792435312,high
osm,kyoto,11,1001101,spatial_cluster,direct_edge_mpnn,0.942498401496082,0.14029594617613292,high
osm,kyoto,11,1001101,spatial_cluster,direct_full,0.942498401496082,0.07920197206266857,high
osm,kyoto,11,1001101,spatial_cluster,direct_sage,0.942498401496082,0.07784254043080546,high
osm,kyoto,11,1001101,spatial_cluster,residual_edge_mpnn,0.942498401496082,0.08860226713304109,high
osm,kyoto,11,1001101,spatial_cluster,residual_full,0.942498401496082,0.03621682926596438,high
osm,kyoto,11,1001101,spatial_cluster,residual_sage,0.942498401496082,0.05119536652934328,high
osm,kyoto,11,1001101,spatial_cluster,spectral,0.942498401496082,0.30398436885685143,high
osm,kyoto,11,1001101,spatial_cluster,spectral_second_order,0.942498401496082,0.30395404013781635,high
osm,kyoto,11,1001102,targeted,direct_edge_mpnn,0.942498401496082,0.04168074645254129,high
osm,kyoto,11,1001102,targeted,direct_full,0.942498401496082,0.030319407579667758,high
osm,kyoto,11,1001102,targeted,direct_sage,0.942498401496082,0.030191376121094883,high
osm,kyoto,11,1001102,targeted,residual_edge_mpnn,0.942498401496082,0.027566033732802496,high
osm,kyoto,11,1001102,targeted,residual_full,0.942498401496082,0.01801619599858222,high
osm,kyoto,11,1001102,targeted,residual_sage,0.942498401496082,0.020699813173207616,high
osm,kyoto,11,1001102,targeted,spectral,0.942498401496082,0.015275332995956709,high
osm,kyoto,11,1001102,targeted,spectral_second_order,0.942498401496082,0.014841353984892131,high
osm,kyoto,22,1001100,independent,direct_edge_mpnn,0.942498401496082,0.09869237104875127,high
osm,kyoto,22,1001100,independent,direct_full,0.942498401496082,0.06122721815926112,high
osm,kyoto,22,1001100,independent,direct_sage,0.942498401496082,0.03624390969497242,high
osm,kyoto,22,1001100,independent,residual_edge_mpnn,0.942498401496082,0.036246362754698884,high
osm,kyoto,22,1001100,independent,residual_full,0.942498401496082,0.19622620055896323,high
osm,kyoto,22,1001100,independent,residual_sage,0.942498401496082,0.005619173725348904,high
osm,kyoto,22,1001100,independent,spectral,0.942498401496082,0.20430974947951142,high
osm,kyoto,22,1001100,independent,spectral_second_order,0.942498401496082,0.2042643160114534,high
osm,kyoto,22,1001101,spatial_cluster,direct_edge_mpnn,0.942498401496082,0.11199299259346049,high
osm,kyoto,22,1001101,spatial_cluster,direct_full,0.942498401496082,0.047352833806090754,high
osm,kyoto,22,1001101,spatial_cluster,direct_sage,0.942498401496082,0.027276361680143264,high
osm,kyoto,22,1001101,spatial_cluster,residual_edge_mpnn,0.942498401496082,0.04493591664024052,high
osm,kyoto,22,1001101,spatial_cluster,residual_full,0.942498401496082,0.11120575977724115,high
osm,kyoto,22,1001101,spatial_cluster,residual_sage,0.942498401496082,0.0019808877863196498,high
osm,kyoto,22,1001101,spatial_cluster,spectral,0.942498401496082,0.5495577994782885,high
osm,kyoto,22,1001101,spatial_cluster,spectral_second_order,0.942498401496082,0.5494727522859123,high
osm,kyoto,22,1001102,targeted,direct_edge_mpnn,0.942498401496082,0.11514032321724199,high
osm,kyoto,22,1001102,targeted,direct_full,0.942498401496082,0.10973476308140065,high
osm,kyoto,22,1001102,targeted,direct_sage,0.942498401496082,0.0338964526606853,high
osm,kyoto,22,1001102,targeted,residual_edge_mpnn,0.942498401496082,0.04443786975933685,high
osm,kyoto,22,1001102,targeted,residual_full,0.942498401496082,0.24080174776467586,high
osm,kyoto,22,1001102,targeted,residual_sage,0.942498401496082,0.013380708598070657,high
osm,kyoto,22,1001102,targeted,spectral,0.942498401496082,0.11035614991783767,high
osm,kyoto,22,1001102,targeted,spectral_second_order,0.942498401496082,0.11022220093049725,high
osm,kyoto,33,1001100,independent,direct_edge_mpnn,0.942498401496082,0.0594282036361954,high
osm,kyoto,33,1001100,independent,direct_full,0.942498401496082,0.11718603710702442,high
osm,kyoto,33,1001100,independent,direct_sage,0.942498401496082,0.08882684265612659,high
osm,kyoto,33,1001100,independent,residual_edge_mpnn,0.942498401496082,0.10868742040416979,high
osm,kyoto,33,1001100,independent,residual_full,0.942498401496082,0.06509403104461513,high
osm,kyoto,33,1001100,independent,residual_sage,0.942498401496082,0.058950761444281685,high
osm,kyoto,33,1001100,independent,spectral,0.942498401496082,0.05638012428734164,high
osm,kyoto,33,1001100,independent,spectral_second_order,0.942498401496082,0.0563466554503787,high
osm,kyoto,33,1001101,spatial_cluster,direct_edge_mpnn,0.942498401496082,0.30635986790304215,high
osm,kyoto,33,1001101,spatial_cluster,direct_full,0.942498401496082,0.06419745333249535,high
osm,kyoto,33,1001101,spatial_cluster,direct_sage,0.942498401496082,0.0179816065306345,high
osm,kyoto,33,1001101,spatial_cluster,residual_edge_mpnn,0.942498401496082,0.19569270875061717,high
osm,kyoto,33,1001101,spatial_cluster,residual_full,0.942498401496082,0.005973865941736405,high
osm,kyoto,33,1001101,spatial_cluster,residual_sage,0.942498401496082,0.00602195762341052,high
osm,kyoto,33,1001101,spatial_cluster,spectral,0.942498401496082,0.30332919796469804,high
osm,kyoto,33,1001101,spatial_cluster,spectral_second_order,0.942498401496082,0.30326593953870223,high
osm,kyoto,33,1001102,targeted,direct_edge_mpnn,0.942498401496082,0.025216791504104198,high
osm,kyoto,33,1001102,targeted,direct_full,0.942498401496082,0.04539865268291464,high
osm,kyoto,33,1001102,targeted,direct_sage,0.942498401496082,0.019928914613277986,high
osm,kyoto,33,1001102,targeted,residual_edge_mpnn,0.942498401496082,0.043673240823417434,high
osm,kyoto,33,1001102,targeted,residual_full,0.942498401496082,0.021299921419178077,high
osm,kyoto,33,1001102,targeted,residual_sage,0.942498401496082,0.02176438719504007,high
osm,kyoto,33,1001102,targeted,spectral,0.942498401496082,0.016001757166157957,high
osm,kyoto,33,1001102,targeted,spectral_second_order,0.942498401496082,0.0157272849749771,high
osm,kyoto,44,1001100,independent,direct_edge_mpnn,0.942498401496082,0.053181154497422375,high
osm,kyoto,44,1001100,independent,direct_full,0.942498401496082,0.050987944782234826,high
osm,kyoto,44,1001100,independent,direct_sage,0.942498401496082,0.1195441210945026,high
osm,kyoto,44,1001100,independent,residual_edge_mpnn,0.942498401496082,0.014703336992103508,high
osm,kyoto,44,1001100,independent,residual_full,0.942498401496082,0.012444505484320093,high
osm,kyoto,44,1001100,independent,residual_sage,0.942498401496082,0.05639765209750095,high
osm,kyoto,44,1001100,independent,spectral,0.942498401496082,0.10891241329183239,high
osm,kyoto,44,1001100,independent,spectral_second_order,0.942498401496082,0.10886388879703249,high
osm,kyoto,44,1001101,spatial_cluster,direct_edge_mpnn,0.942498401496082,0.16162360060344966,high
osm,kyoto,44,1001101,spatial_cluster,direct_full,0.942498401496082,0.09306461914758714,high
osm,kyoto,44,1001101,spatial_cluster,direct_sage,0.942498401496082,0.10043737619500193,high
osm,kyoto,44,1001101,spatial_cluster,residual_edge_mpnn,0.942498401496082,0.03221692667658956,high
osm,kyoto,44,1001101,spatial_cluster,residual_full,0.942498401496082,0.005287436104011195,high
osm,kyoto,44,1001101,spatial_cluster,residual_sage,0.942498401496082,0.08384404770414862,high
osm,kyoto,44,1001101,spatial_cluster,spectral,0.942498401496082,0.35246684873288225,high
osm,kyoto,44,1001101,spatial_cluster,spectral_second_order,0.942498401496082,0.3521729083273627,high
osm,kyoto,44,1001102,targeted,direct_edge_mpnn,0.942498401496082,0.08846891396417321,high
osm,kyoto,44,1001102,targeted,direct_full,0.942498401496082,0.09453951087518633,high
osm,kyoto,44,1001102,targeted,direct_sage,0.942498401496082,0.12397949141188562,high
osm,kyoto,44,1001102,targeted,residual_edge_mpnn,0.942498401496082,0.05990438747613164,high
osm,kyoto,44,1001102,targeted,residual_full,0.942498401496082,0.06278734500781591,high
osm,kyoto,44,1001102,targeted,residual_sage,0.942498401496082,0.062421811429798524,high
osm,kyoto,44,1001102,targeted,spectral,0.942498401496082,0.05846817021553948,high
osm,kyoto,44,1001102,targeted,spectral_second_order,0.942498401496082,0.05837308221262183,high
osm,kyoto,55,1001100,independent,direct_edge_mpnn,0.942498401496082,0.06464945657153973,high
osm,kyoto,55,1001100,independent,direct_full,0.942498401496082,0.06552073894702637,high
osm,kyoto,55,1001100,independent,direct_sage,0.942498401496082,0.11533681819849455,high
osm,kyoto,55,1001100,independent,residual_edge_mpnn,0.942498401496082,0.25626500253862894,high
osm,kyoto,55,1001100,independent,residual_full,0.942498401496082,0.055820473833654106,high
osm,kyoto,55,1001100,independent,residual_sage,0.942498401496082,0.05303295670025242,high
osm,kyoto,55,1001100,independent,spectral,0.942498401496082,0.2533233285025239,high
osm,kyoto,55,1001100,independent,spectral_second_order,0.942498401496082,0.25327976671296554,high
osm,kyoto,55,1001101,spatial_cluster,direct_edge_mpnn,0.942498401496082,0.05834472294847117,high
osm,kyoto,55,1001101,spatial_cluster,direct_full,0.942498401496082,0.10734111995178792,high
osm,kyoto,55,1001101,spatial_cluster,direct_sage,0.942498401496082,0.13513873305845592,high
osm,kyoto,55,1001101,spatial_cluster,residual_edge_mpnn,0.942498401496082,0.40370396401059294,high
osm,kyoto,55,1001101,spatial_cluster,residual_full,0.942498401496082,0.0037039640105929394,high
osm,kyoto,55,1001101,spatial_cluster,residual_sage,0.942498401496082,0.028111930917030608,high
osm,kyoto,55,1001101,spatial_cluster,spectral,0.942498401496082,0.4010506024856113,high
osm,kyoto,55,1001101,spatial_cluster,spectral_second_order,0.942498401496082,0.4009698686971007,high
osm,kyoto,55,1001102,targeted,direct_edge_mpnn,0.942498401496082,0.08310851051308268,high
osm,kyoto,55,1001102,targeted,direct_full,0.942498401496082,0.01740094063700674,high
osm,kyoto,55,1001102,targeted,direct_sage,0.942498401496082,0.0751690492161884,high
osm,kyoto,55,1001102,targeted,residual_edge_mpnn,0.942498401496082,0.02963758407744025,high
osm,kyoto,55,1001102,targeted,residual_full,0.942498401496082,0.02502667115653313,high
osm,kyoto,55,1001102,targeted,residual_sage,0.942498401496082,0.018752024100408042,high
osm,kyoto,55,1001102,targeted,spectral,0.942498401496082,0.019434520897653983,high
osm,kyoto,55,1001102,targeted,spectral_second_order,0.942498401496082,0.019212458336817465,high
osm,singapore,11,1000500,independent,direct_edge_mpnn,0.5013485374189975,0.027759058374930527,medium
osm,singapore,11,1000500,independent,direct_full,0.5013485374189975,0.04316303824442559,medium
osm,singapore,11,1000500,independent,direct_sage,0.5013485374189975,0.1334430734295215,medium
osm,singapore,11,1000500,independent,residual_edge_mpnn,0.5013485374189975,0.01081964174629475,medium
osm,singapore,11,1000500,independent,residual_full,0.5013485374189975,0.04357873081343085,medium
osm,singapore,11,1000500,independent,residual_sage,0.5013485374189975,0.06098029556827646,medium
osm,singapore,11,1000500,independent,spectral,0.5013485374189975,0.21104840200825348,medium
osm,singapore,11,1000500,independent,spectral_second_order,0.5013485374189975,0.2109582936931051,medium
osm,singapore,11,1000501,spatial_cluster,direct_edge_mpnn,0.5013485374189975,0.0860297924349365,medium
osm,singapore,11,1000501,spatial_cluster,direct_full,0.5013485374189975,0.028617750458205377,medium
osm,singapore,11,1000501,spatial_cluster,direct_sage,0.5013485374189975,0.0801129442150054,medium
osm,singapore,11,1000501,spatial_cluster,residual_edge_mpnn,0.5013485374189975,0.03335183537325833,medium
osm,singapore,11,1000501,spatial_cluster,residual_full,0.5013485374189975,0.05081070587110732,medium
osm,singapore,11,1000501,spatial_cluster,residual_sage,0.5013485374189975,0.0758075362580382,medium
osm,singapore,11,1000501,spatial_cluster,spectral,0.5013485374189975,0.7495753953409076,medium
osm,singapore,11,1000501,spatial_cluster,spectral_second_order,0.5013485374189975,0.7494625750155393,medium
osm,singapore,11,1000502,targeted,direct_edge_mpnn,0.5013485374189975,0.0728047844002477,medium
osm,singapore,11,1000502,targeted,direct_full,0.5013485374189975,0.09205117466212318,medium
osm,singapore,11,1000502,targeted,direct_sage,0.5013485374189975,0.1899477304445466,medium
osm,singapore,11,1000502,targeted,residual_edge_mpnn,0.5013485374189975,0.06331893141569671,medium
osm,singapore,11,1000502,targeted,residual_full,0.5013485374189975,0.10080035206655642,medium
osm,singapore,11,1000502,targeted,residual_sage,0.5013485374189975,0.11335656141696356,medium
osm,singapore,11,1000502,targeted,spectral,0.5013485374189975,0.11638045871658946,medium
osm,singapore,11,1000502,targeted,spectral_second_order,0.5013485374189975,0.1161717849805904,medium
osm,singapore,22,1000500,independent,direct_edge_mpnn,0.5013485374189975,0.10260510098973699,medium
osm,singapore,22,1000500,independent,direct_full,0.5013485374189975,0.16756917979073405,medium
osm,singapore,22,1000500,independent,direct_sage,0.5013485374189975,0.13703622403991103,medium
osm,singapore,22,1000500,independent,residual_edge_mpnn,0.5013485374189975,0.1420140875081408,medium
osm,singapore,22,1000500,independent,residual_full,0.5013485374189975,0.10631514534733502,medium
osm,singapore,22,1000500,independent,residual_sage,0.5013485374189975,0.09977507501203722,medium
osm,singapore,22,1000500,independent,spectral,0.5013485374189975,0.2525358668514844,medium
osm,singapore,22,1000500,independent,spectral_second_order,0.5013485374189975,0.25231808739658035,medium
osm,singapore,22,1000501,spatial_cluster,direct_edge_mpnn,0.5013485374189975,0.051205633831473696,medium
osm,singapore,22,1000501,spatial_cluster,direct_full,0.5013485374189975,0.05093005433954797,medium
osm,singapore,22,1000501,spatial_cluster,direct_sage,0.5013485374189975,0.05054764174201093,medium
osm,singapore,22,1000501,spatial_cluster,residual_edge_mpnn,0.5013485374189975,0.040004814853223644,medium
osm,singapore,22,1000501,spatial_cluster,residual_full,0.5013485374189975,0.022905878506482957,medium
osm,singapore,22,1000501,spatial_cluster,residual_sage,0.5013485374189975,0.022942597185819813,medium
osm,singapore,22,1000501,spatial_cluster,spectral,0.5013485374189975,0.6685271288263015,medium
osm,singapore,22,1000501,spatial_cluster,spectral_second_order,0.5013485374189975,0.6680320968897736,medium
osm,singapore,22,1000502,targeted,direct_edge_mpnn,0.5013485374189975,0.04352608933579573,medium
osm,singapore,22,1000502,targeted,direct_full,0.5013485374189975,0.05037161772605979,medium
osm,singapore,22,1000502,targeted,direct_sage,0.5013485374189975,0.033915790258916265,medium
osm,singapore,22,1000502,targeted,residual_edge_mpnn,0.5013485374189975,0.045132912650235626,medium
osm,singapore,22,1000502,targeted,residual_full,0.5013485374189975,0.018933444515339345,medium
osm,singapore,22,1000502,targeted,residual_sage,0.5013485374189975,0.013014202837136845,medium
osm,singapore,22,1000502,targeted,spectral,0.5013485374189975,0.1122838354872531,medium
osm,singapore,22,1000502,targeted,spectral_second_order,0.5013485374189975,0.11159595187914233,medium
osm,singapore,33,1000500,independent,direct_edge_mpnn,0.5013485374189975,0.1631503732114709,medium
osm,singapore,33,1000500,independent,direct_full,0.5013485374189975,0.07977936193566024,medium
osm,singapore,33,1000500,independent,direct_sage,0.5013485374189975,0.028760975612949664,medium
osm,singapore,33,1000500,independent,residual_edge_mpnn,0.5013485374189975,0.0587272486478411,medium
osm,singapore,33,1000500,independent,residual_full,0.5013485374189975,0.011797919886527142,medium
osm,singapore,33,1000500,independent,residual_sage,0.5013485374189975,0.010845878225160336,medium
osm,singapore,33,1000500,independent,spectral,0.5013485374189975,0.15794607416787027,medium
osm,singapore,33,1000500,independent,spectral_second_order,0.5013485374189975,0.15735090305708083,medium
osm,singapore,33,1000501,spatial_cluster,direct_edge_mpnn,0.5013485374189975,0.6047409246106038,medium
osm,singapore,33,1000501,spatial_cluster,direct_full,0.5013485374189975,0.12382818665507353,medium
osm,singapore,33,1000501,spatial_cluster,direct_sage,0.5013485374189975,0.07128930743935621,medium
osm,singapore,33,1000501,spatial_cluster,residual_edge_mpnn,0.5013485374189975,0.20682767439741995,medium
osm,singapore,33,1000501,spatial_cluster,residual_full,0.5013485374189975,0.10114898703883976,medium
osm,singapore,33,1000501,spatial_cluster,residual_sage,0.5013485374189975,0.10155064802508444,medium
osm,singapore,33,1000501,spatial_cluster,spectral,0.5013485374189975,0.6017461090189065,medium
osm,singapore,33,1000501,spatial_cluster,spectral_second_order,0.5013485374189975,0.6012215084957466,medium
osm,singapore,33,1000502,targeted,direct_edge_mpnn,0.5013485374189975,0.07710298530395265,medium
osm,singapore,33,1000502,targeted,direct_full,0.5013485374189975,0.09385797906854193,medium
osm,singapore,33,1000502,targeted,direct_sage,0.5013485374189975,0.025710548315738786,medium
osm,singapore,33,1000502,targeted,residual_edge_mpnn,0.5013485374189975,0.09061163643968731,medium
osm,singapore,33,1000502,targeted,residual_full,0.5013485374189975,0.07460995128016111,medium
osm,singapore,33,1000502,targeted,residual_sage,0.5013485374189975,0.07303836203749417,medium
osm,singapore,33,1000502,targeted,spectral,0.5013485374189975,0.06818448895788336,medium
osm,singapore,33,1000502,targeted,spectral_second_order,0.5013485374189975,0.06787765971215678,medium
osm,singapore,44,1000500,independent,direct_edge_mpnn,0.5013485374189975,0.12032561706702675,medium
osm,singapore,44,1000500,independent,direct_full,0.5013485374189975,0.12205580151032176,medium
osm,singapore,44,1000500,independent,direct_sage,0.5013485374189975,0.1423079311321255,medium
osm,singapore,44,1000500,independent,residual_edge_mpnn,0.5013485374189975,0.05780364512528556,medium
osm,singapore,44,1000500,independent,residual_full,0.5013485374189975,0.05846788646329674,medium
osm,singapore,44,1000500,independent,residual_sage,0.5013485374189975,0.10303106821030905,medium
osm,singapore,44,1000500,independent,spectral,0.5013485374189975,0.3050234370382263,medium
osm,singapore,44,1000500,independent,spectral_second_order,0.5013485374189975,0.30461511152522974,medium
osm,singapore,44,1000501,spatial_cluster,direct_edge_mpnn,0.5013485374189975,0.10509975547318232,medium
osm,singapore,44,1000501,spatial_cluster,direct_full,0.5013485374189975,0.04956274530266294,medium
osm,singapore,44,1000501,spatial_cluster,direct_sage,0.5013485374189975,0.06376327811156286,medium
osm,singapore,44,1000501,spatial_cluster,residual_edge_mpnn,0.5013485374189975,0.01550535712738405,medium
osm,singapore,44,1000501,spatial_cluster,residual_full,0.5013485374189975,0.0035438387247465875,medium
osm,singapore,44,1000501,spatial_cluster,residual_sage,0.5013485374189975,0.10111223481942784,medium
osm,singapore,44,1000501,spatial_cluster,spectral,0.5013485374189975,0.7501144173822781,medium
osm,singapore,44,1000501,spatial_cluster,spectral_second_order,0.5013485374189975,0.7498357098478416,medium
osm,singapore,44,1000502,targeted,direct_edge_mpnn,0.5013485374189975,0.09999369873250846,medium
osm,singapore,44,1000502,targeted,direct_full,0.5013485374189975,0.09700753396893864,medium
osm,singapore,44,1000502,targeted,direct_sage,0.5013485374189975,0.1453805523759364,medium
osm,singapore,44,1000502,targeted,residual_edge_mpnn,0.5013485374189975,0.05984534673476557,medium
osm,singapore,44,1000502,targeted,residual_full,0.5013485374189975,0.06752372860697517,medium
osm,singapore,44,1000502,targeted,residual_sage,0.5013485374189975,0.07378064979078755,medium
osm,singapore,44,1000502,targeted,spectral,0.5013485374189975,0.06238068060453119,medium
osm,singapore,44,1000502,targeted,spectral_second_order,0.5013485374189975,0.06208871668154218,medium
osm,singapore,55,1000500,independent,direct_edge_mpnn,0.5013485374189975,0.055967010095514226,medium
osm,singapore,55,1000500,independent,direct_full,0.5013485374189975,0.05871073315331302,medium
osm,singapore,55,1000500,independent,direct_sage,0.5013485374189975,0.06313489898522724,medium
osm,singapore,55,1000500,independent,residual_edge_mpnn,0.5013485374189975,0.25926314251590543,medium
osm,singapore,55,1000500,independent,residual_full,0.5013485374189975,0.05803063814854274,medium
osm,singapore,55,1000500,independent,residual_sage,0.5013485374189975,0.0550786682885684,medium
osm,singapore,55,1000500,independent,spectral,0.5013485374189975,0.2559449024317841,medium
osm,singapore,55,1000500,independent,spectral_second_order,0.5013485374189975,0.25572159973352915,medium
osm,singapore,55,1000501,spatial_cluster,direct_edge_mpnn,0.5013485374189975,0.052614520331700484,medium
osm,singapore,55,1000501,spatial_cluster,direct_full,0.5013485374189975,0.057823857357499085,medium
osm,singapore,55,1000501,spatial_cluster,direct_sage,0.5013485374189975,0.021163269756135417,medium
osm,singapore,55,1000501,spatial_cluster,residual_edge_mpnn,0.5013485374189975,0.35795363251260415,medium
osm,singapore,55,1000501,spatial_cluster,residual_full,0.5013485374189975,0.007701621559922829,medium
osm,singapore,55,1000501,spatial_cluster,residual_sage,0.5013485374189975,0.006324553045796719,medium
osm,singapore,55,1000501,spatial_cluster,spectral,0.5013485374189975,0.3547805889253718,medium
osm,singapore,55,1000501,spatial_cluster,spectral_second_order,0.5013485374189975,0.3546606144488815,medium
osm,singapore,55,1000502,targeted,direct_edge_mpnn,0.5013485374189975,0.06906762921405644,medium
osm,singapore,55,1000502,targeted,direct_full,0.5013485374189975,0.024761104307246564,medium
osm,singapore,55,1000502,targeted,direct_sage,0.5013485374189975,0.02595381827708106,medium
osm,singapore,55,1000502,targeted,residual_edge_mpnn,0.5013485374189975,0.033270615837456205,medium
osm,singapore,55,1000502,targeted,residual_full,0.5013485374189975,0.02444124059743578,medium
osm,singapore,55,1000502,targeted,residual_sage,0.5013485374189975,0.01906094662604253,medium
osm,singapore,55,1000502,targeted,spectral,0.5013485374189975,0.020662090766830024,medium
osm,singapore,55,1000502,targeted,spectral_second_order,0.5013485374189975,0.019788681941329232,medium
osm,taipei,11,1001000,independent,direct_edge_mpnn,0.5880716597674565,0.046822689660268674,medium
osm,taipei,11,1001000,independent,direct_full,0.5880716597674565,0.06777978598599535,medium
osm,taipei,11,1001000,independent,direct_sage,0.5880716597674565,0.15039090498809918,medium
osm,taipei,11,1001000,independent,residual_edge_mpnn,0.5880716597674565,0.00624564255485429,medium
osm,taipei,11,1001000,independent,residual_full,0.5880716597674565,0.048701911265898776,medium
osm,taipei,11,1001000,independent,residual_sage,0.5880716597674565,0.020313826253652648,medium
osm,taipei,11,1001000,independent,spectral,0.5880716597674565,0.25494373245665414,medium
osm,taipei,11,1001000,independent,spectral_second_order,0.5880716597674565,0.25489185854917257,medium
osm,taipei,11,1001001,spatial_cluster,direct_edge_mpnn,0.5880716597674565,0.08351191719682864,medium
osm,taipei,11,1001001,spatial_cluster,direct_full,0.5880716597674565,0.13989071370722703,medium
osm,taipei,11,1001001,spatial_cluster,direct_sage,0.5880716597674565,0.15762317711176327,medium
osm,taipei,11,1001001,spatial_cluster,residual_edge_mpnn,0.5880716597674565,0.07886465037861815,medium
osm,taipei,11,1001001,spatial_cluster,residual_full,0.5880716597674565,0.10022087404193333,medium
osm,taipei,11,1001001,spatial_cluster,residual_sage,0.5880716597674565,0.06049555020804094,medium
osm,taipei,11,1001001,spatial_cluster,spectral,0.5880716597674565,0.45357079894263796,medium
osm,taipei,11,1001001,spatial_cluster,spectral_second_order,0.5880716597674565,0.4535297712483632,medium
osm,taipei,11,1001002,targeted,direct_edge_mpnn,0.5880716597674565,0.045554316741580614,medium
osm,taipei,11,1001002,targeted,direct_full,0.5880716597674565,0.06968184574730117,medium
osm,taipei,11,1001002,targeted,direct_sage,0.5880716597674565,0.16299176453835684,medium
osm,taipei,11,1001002,targeted,residual_edge_mpnn,0.5880716597674565,0.026706395488445556,medium
osm,taipei,11,1001002,targeted,residual_full,0.5880716597674565,0.06031537628955562,medium
osm,taipei,11,1001002,targeted,residual_sage,0.5880716597674565,0.027956789384940412,medium
osm,taipei,11,1001002,targeted,spectral,0.5880716597674565,0.11267587505610832,medium
osm,taipei,11,1001002,targeted,spectral_second_order,0.5880716597674565,0.11258856513563005,medium
osm,taipei,22,1001000,independent,direct_edge_mpnn,0.5880716597674565,0.06486589182895341,medium
osm,taipei,22,1001000,independent,direct_full,0.5880716597674565,0.13172351888914896,medium
osm,taipei,22,1001000,independent,direct_sage,0.5880716597674565,0.11872550252427652,medium
osm,taipei,22,1001000,independent,residual_edge_mpnn,0.5880716597674565,0.09564123045255735,medium
osm,taipei,22,1001000,independent,residual_full,0.5880716597674565,0.06833279921527183,medium
osm,taipei,22,1001000,independent,residual_sage,0.5880716597674565,0.06172523227257818,medium
osm,taipei,22,1001000,independent,spectral,0.5880716597674565,0.2032138027994042,medium
osm,taipei,22,1001000,independent,spectral_second_order,0.5880716597674565,0.2031599821837748,medium
osm,taipei,22,1001001,spatial_cluster,direct_edge_mpnn,0.5880716597674565,0.13995955247803937,medium
osm,taipei,22,1001001,spatial_cluster,direct_full,0.5880716597674565,0.18001840360368948,medium
osm,taipei,22,1001001,spatial_cluster,direct_sage,0.5880716597674565,0.09145606052036745,medium
osm,taipei,22,1001001,spatial_cluster,residual_edge_mpnn,0.5880716597674565,0.11908671710546477,medium
osm,taipei,22,1001001,spatial_cluster,residual_full,0.5880716597674565,0.0710394730981121,medium
osm,taipei,22,1001001,spatial_cluster,residual_sage,0.5880716597674565,0.07147783235422266,medium
osm,taipei,22,1001001,spatial_cluster,spectral,0.5880716597674565,0.4561373772526939,medium
osm,taipei,22,1001001,spatial_cluster,spectral_second_order,0.5880716597674565,0.45603995341621795,medium
osm,taipei,22,1001002,targeted,direct_edge_mpnn,0.5880716597674565,0.10671633972430186,medium
osm,taipei,22,1001002,targeted,direct_full,0.5880716597674565,0.06153314190473216,medium
osm,taipei,22,1001002,targeted,direct_sage,0.5880716597674565,0.07936754492327656,medium
osm,taipei,22,1001002,targeted,residual_edge_mpnn,0.5880716597674565,0.10512866887945768,medium
osm,taipei,22,1001002,targeted,residual_full,0.5880716597674565,0.04924381000433305,medium
osm,taipei,22,1001002,targeted,residual_sage,0.5880716597674565,0.04911469661724944,medium
osm,taipei,22,1001002,targeted,spectral,0.5880716597674565,0.11078890637366035,medium
osm,taipei,22,1001002,targeted,spectral_second_order,0.5880716597674565,0.11060264243918871,medium
osm,taipei,33,1001000,independent,direct_edge_mpnn,0.5880716597674565,0.15690220077579997,medium
osm,taipei,33,1001000,independent,direct_full,0.5880716597674565,0.1100627291476152,medium
osm,taipei,33,1001000,independent,direct_sage,0.5880716597674565,0.06822238820445822,medium
osm,taipei,33,1001000,independent,residual_edge_mpnn,0.5880716597674565,0.10793482395762417,medium
osm,taipei,33,1001000,independent,residual_full,0.5880716597674565,0.05254830014949822,medium
osm,taipei,33,1001000,independent,residual_sage,0.5880716597674565,0.056704392517564525,medium
osm,taipei,33,1001000,independent,spectral,0.5880716597674565,0.154283881280695,medium
osm,taipei,33,1001000,independent,spectral_second_order,0.5880716597674565,0.15424499294131847,medium
osm,taipei,33,1001001,spatial_cluster,direct_edge_mpnn,0.5880716597674565,0.3027650612760343,medium
osm,taipei,33,1001001,spatial_cluster,direct_full,0.5880716597674565,0.12442226825468158,medium
osm,taipei,33,1001001,spatial_cluster,direct_sage,0.5880716597674565,0.0784180367942891,medium
osm,taipei,33,1001001,spatial_cluster,residual_edge_mpnn,0.5880716597674565,0.24302085662446835,medium
osm,taipei,33,1001001,spatial_cluster,residual_full,0.5880716597674565,0.05276506127603432,medium
osm,taipei,33,1001001,spatial_cluster,residual_sage,0.5880716597674565,0.053082098381594625,medium
osm,taipei,33,1001001,spatial_cluster,spectral,0.5880716597674565,0.3009454757112486,medium
osm,taipei,33,1001001,spatial_cluster,spectral_second_order,0.5880716597674565,0.3008831099982515,medium
osm,taipei,33,1001002,targeted,direct_edge_mpnn,0.5880716597674565,0.012896630322097685,medium
osm,taipei,33,1001002,targeted,direct_full,0.5880716597674565,0.07558448615902762,medium
osm,taipei,33,1001002,targeted,direct_sage,0.5880716597674565,0.06886473781293827,medium
osm,taipei,33,1001002,targeted,residual_edge_mpnn,0.5880716597674565,0.04782362882707157,medium
osm,taipei,33,1001002,targeted,residual_full,0.5880716597674565,0.06186623474646309,medium
osm,taipei,33,1001002,targeted,residual_sage,0.5880716597674565,0.02160523858915964,medium
osm,taipei,33,1001002,targeted,spectral,0.5880716597674565,0.008195554756112985,medium
osm,taipei,33,1001002,targeted,spectral_second_order,0.5880716597674565,0.00809766375584205,medium
osm,taipei,44,1001000,independent,direct_edge_mpnn,0.5880716597674565,0.0611479437141997,medium
osm,taipei,44,1001000,independent,direct_full,0.5880716597674565,0.027667558227902362,medium
osm,taipei,44,1001000,independent,direct_sage,0.5880716597674565,0.12353175172352618,medium
osm,taipei,44,1001000,independent,residual_edge_mpnn,0.5880716597674565,0.017999854232409185,medium
osm,taipei,44,1001000,independent,residual_full,0.5880716597674565,0.015151216073395535,medium
osm,taipei,44,1001000,independent,residual_sage,0.5880716597674565,0.04752384097254888,medium
osm,taipei,44,1001000,independent,spectral,0.5880716597674565,0.10931507943846028,medium
osm,taipei,44,1001000,independent,spectral_second_order,0.5880716597674565,0.10919176454309831,medium
osm,taipei,44,1001001,spatial_cluster,direct_edge_mpnn,0.5880716597674565,0.15236620970250636,medium
osm,taipei,44,1001001,spatial_cluster,direct_full,0.5880716597674565,0.09299241688282758,medium
osm,taipei,44,1001001,spatial_cluster,direct_sage,0.5880716597674565,0.15958494033844745,medium
osm,taipei,44,1001001,spatial_cluster,residual_edge_mpnn,0.5880716597674565,0.07863812606961998,medium
osm,taipei,44,1001001,spatial_cluster,residual_full,0.5880716597674565,0.055840891486093655,medium
osm,taipei,44,1001001,spatial_cluster,residual_sage,0.5880716597674565,0.12869255162955792,medium
osm,taipei,44,1001001,spatial_cluster,spectral,0.5880716597674565,0.5030083704452387,medium
osm,taipei,44,1001001,spatial_cluster,spectral_second_order,0.5880716597674565,0.5029046085230865,medium
osm,taipei,44,1001002,targeted,direct_edge_mpnn,0.5880716597674565,0.1215675051330393,medium
osm,taipei,44,1001002,targeted,direct_full,0.5880716597674565,0.05063972237952809,medium
osm,taipei,44,1001002,targeted,direct_sage,0.5880716597674565,0.12712469594616346,medium
osm,taipei,44,1001002,targeted,residual_edge_mpnn,0.5880716597674565,0.03252409587745385,medium
osm,taipei,44,1001002,targeted,residual_full,0.5880716597674565,0.025212069898318507,medium
osm,taipei,44,1001002,targeted,residual_sage,0.5880716597674565,0.053256562328569665,medium
osm,taipei,44,1001002,targeted,spectral,0.5880716597674565,0.06882188112020611,medium
osm,taipei,44,1001002,targeted,spectral_second_order,0.5880716597674565,0.06868455726120226,medium
osm,taipei,55,1001000,independent,direct_edge_mpnn,0.5880716597674565,0.007148299889864515,medium
osm,taipei,55,1001000,independent,direct_full,0.5880716597674565,0.010653331059087046,medium
osm,taipei,55,1001000,independent,direct_sage,0.5880716597674565,0.02519172068970276,medium
osm,taipei,55,1001000,independent,residual_edge_mpnn,0.5880716597674565,0.15440972305549308,medium
osm,taipei,55,1001000,independent,residual_full,0.5880716597674565,0.004307962979134155,medium
osm,taipei,55,1001000,independent,residual_sage,0.5880716597674565,0.00231817002479844,medium
osm,taipei,55,1001000,independent,spectral,0.5880716597674565,0.1516744050605266,medium
osm,taipei,55,1001000,independent,spectral_second_order,0.5880716597674565,0.15163435893481353,medium
osm,taipei,55,1001001,spatial_cluster,direct_edge_mpnn,0.5880716597674565,0.0789827160910599,medium
osm,taipei,55,1001001,spatial_cluster,direct_full,0.5880716597674565,0.0580160688051915,medium
osm,taipei,55,1001001,spatial_cluster,direct_sage,0.5880716597674565,0.027891789796236872,medium
osm,taipei,55,1001001,spatial_cluster,residual_edge_mpnn,0.5880716597674565,0.3540656147986315,medium
osm,taipei,55,1001001,spatial_cluster,residual_full,0.5880716597674565,0.003877803333628927,medium
osm,taipei,55,1001001,spatial_cluster,residual_sage,0.5880716597674565,0.002554613156420197,medium
osm,taipei,55,1001001,spatial_cluster,spectral,0.5880716597674565,0.3523531383619049,medium
osm,taipei,55,1001001,spatial_cluster,spectral_second_order,0.5880716597674565,0.3522955026474789,medium
osm,taipei,55,1001002,targeted,direct_edge_mpnn,0.5880716597674565,0.039507408192576636,medium
osm,taipei,55,1001002,targeted,direct_full,0.5880716597674565,0.013961900132157146,medium
osm,taipei,55,1001002,targeted,direct_sage,0.5880716597674565,0.02173668860392458,medium
osm,taipei,55,1001002,targeted,residual_edge_mpnn,0.5880716597674565,0.0730880737972526,medium
osm,taipei,55,1001002,targeted,residual_full,0.5880716597674565,0.0219841812008141,medium
osm,taipei,55,1001002,targeted,residual_sage,0.5880716597674565,0.016662548345475155,medium
osm,taipei,55,1001002,targeted,spectral,0.5880716597674565,0.06582898882248539,medium
osm,taipei,55,1001002,targeted,spectral_second_order,0.5880716597674565,0.06553490641394334,medium
osm,tokyo,11,1001200,independent,direct_edge_mpnn,0.377395270031847,0.07418092642463252,low
osm,tokyo,11,1001200,independent,direct_full,0.377395270031847,0.11751019824478644,low
osm,tokyo,11,1001200,independent,direct_sage,0.377395270031847,0.1712199077431064,low
osm,tokyo,11,1001200,independent,residual_edge_mpnn,0.377395270031847,0.10075614899493564,low
osm,tokyo,11,1001200,independent,residual_full,0.377395270031847,0.18123251129425572,low
osm,tokyo,11,1001200,independent,residual_sage,0.377395270031847,0.13301163250636272,low
osm,tokyo,11,1001200,independent,spectral,0.377395270031847,0.1522582487177205,low
osm,tokyo,11,1001200,independent,spectral_second_order,0.377395270031847,0.15201074382596247,low
osm,tokyo,11,1001201,spatial_cluster,direct_edge_mpnn,0.377395270031847,0.0587177573311188,low
osm,tokyo,11,1001201,spatial_cluster,direct_full,0.377395270031847,0.02763441578728353,low
osm,tokyo,11,1001201,spatial_cluster,direct_sage,0.377395270031847,0.07049583164779924,low
osm,tokyo,11,1001201,spatial_cluster,residual_edge_mpnn,0.377395270031847,0.02620201475230254,low
osm,tokyo,11,1001201,spatial_cluster,residual_full,0.377395270031847,0.03569996883897562,low
osm,tokyo,11,1001201,spatial_cluster,residual_sage,0.377395270031847,0.061972974697185754,low
osm,tokyo,11,1001201,spatial_cluster,spectral,0.377395270031847,0.552961852175949,low
osm,tokyo,11,1001201,spatial_cluster,spectral_second_order,0.377395270031847,0.5529564970036931,low
osm,tokyo,11,1001202,targeted,direct_edge_mpnn,0.377395270031847,0.10250049898374274,low
osm,tokyo,11,1001202,targeted,direct_full,0.377395270031847,0.0573355256874058,low
osm,tokyo,11,1001202,targeted,direct_sage,0.377395270031847,0.1477600737844725,low
osm,tokyo,11,1001202,targeted,residual_edge_mpnn,0.377395270031847,0.047516144608383534,low
osm,tokyo,11,1001202,targeted,residual_full,0.377395270031847,0.1219382108559032,low
osm,tokyo,11,1001202,targeted,residual_sage,0.377395270031847,0.11545455639324184,low
osm,tokyo,11,1001202,targeted,spectral,0.377395270031847,0.07834248123619049,low
osm,tokyo,11,1001202,targeted,spectral_second_order,0.377395270031847,0.07815503765600515,low
osm,tokyo,22,1001200,independent,direct_edge_mpnn,0.377395270031847,0.02413847296309406,low
osm,tokyo,22,1001200,independent,direct_full,0.377395270031847,0.05152837118836155,low
osm,tokyo,22,1001200,independent,direct_sage,0.377395270031847,0.030085402417499928,low
osm,tokyo,22,1001200,independent,residual_edge_mpnn,0.377395270031847,0.033807923987079755,low
osm,tokyo,22,1001200,independent,residual_full,0.377395270031847,0.00650578898606783,low
osm,tokyo,22,1001200,independent,residual_sage,0.377395270031847,0.005063408364038539,low
osm,tokyo,22,1001200,independent,spectral,0.377395270031847,0.2530079308018724,low
osm,tokyo,22,1001200,independent,spectral_second_order,0.377395270031847,0.25294573829396294,low
osm,tokyo,22,1001201,spatial_cluster,direct_edge_mpnn,0.377395270031847,0.10548180629475419,low
osm,tokyo,22,1001201,spatial_cluster,direct_full,0.377395270031847,0.06750242276730824,low
osm,tokyo,22,1001201,spatial_cluster,direct_sage,0.377395270031847,0.03834614264461088,low
osm,tokyo,22,1001201,spatial_cluster,residual_edge_mpnn,0.377395270031847,0.0763676179409031,low
osm,tokyo,22,1001201,spatial_cluster,residual_full,0.377395270031847,0.00343789463249157,low
osm,tokyo,22,1001201,spatial_cluster,residual_sage,0.377395270031847,0.00527003652620738,low
osm,tokyo,22,1001201,spatial_cluster,spectral,0.377395270031847,0.500749023372036,low
osm,tokyo,22,1001201,spatial_cluster,spectral_second_order,0.377395270031847,0.5006604348620756,low
osm,tokyo,22,1001202,targeted,direct_edge_mpnn,0.377395270031847,0.05901271650529953,low
osm,tokyo,22,1001202,targeted,direct_full,0.377395270031847,0.05690827813855589,low
osm,tokyo,22,1001202,targeted,direct_sage,0.377395270031847,0.044206697199012844,low
osm,tokyo,22,1001202,targeted,residual_edge_mpnn,0.377395270031847,0.05375166155923603,low
osm,tokyo,22,1001202,targeted,residual_full,0.377395270031847,0.019247987056269268,low
osm,tokyo,22,1001202,targeted,residual_sage,0.377395270031847,0.013035700819043114,low
osm,tokyo,22,1001202,targeted,spectral,0.377395270031847,0.061089517702556106,low
osm,tokyo,22,1001202,targeted,spectral_second_order,0.377395270031847,0.060683457075300686,low
osm,tokyo,33,1001200,independent,direct_edge_mpnn,0.377395270031847,0.2053872920751171,low
osm,tokyo,33,1001200,independent,direct_full,0.377395270031847,0.1267732262432976,low
osm,tokyo,33,1001200,independent,direct_sage,0.377395270031847,0.03125845862631035,low
osm,tokyo,33,1001200,independent,residual_edge_mpnn,0.377395270031847,0.04860556384627058,low
osm,tokyo,33,1001200,independent,residual_full,0.377395270031847,0.0053872920751170785,low
osm,tokyo,33,1001200,independent,residual_sage,0.377395270031847,0.0029662542476874684,low
osm,tokyo,33,1001200,independent,spectral,0.377395270031847,0.2030798973041394,low
osm,tokyo,33,1001200,independent,spectral_second_order,0.377395270031847,0.2030469084912474,low
osm,tokyo,33,1001201,spatial_cluster,direct_edge_mpnn,0.377395270031847,0.6045268779725694,low
osm,tokyo,33,1001201,spatial_cluster,direct_full,0.377395270031847,0.08709702807358265,low
osm,tokyo,33,1001201,spatial_cluster,direct_sage,0.377395270031847,0.08209458961031198,low
osm,tokyo,33,1001201,spatial_cluster,residual_edge_mpnn,0.377395270031847,0.24063426627657175,low
osm,tokyo,33,1001201,spatial_cluster,residual_full,0.377395270031847,0.004696521732296933,low
osm,tokyo,33,1001201,spatial_cluster,residual_sage,0.377395270031847,0.04419665544898443,low
osm,tokyo,33,1001201,spatial_cluster,spectral,0.377395270031847,0.6029121265709446,low
osm,tokyo,33,1001201,spatial_cluster,spectral_second_order,0.377395270031847,0.6028433560349769,low
osm,tokyo,33,1001202,targeted,direct_edge_mpnn,0.377395270031847,0.06658798010533903,low
osm,tokyo,33,1001202,targeted,direct_full,0.377395270031847,0.13656269981080435,low
osm,tokyo,33,1001202,targeted,direct_sage,0.377395270031847,0.043073492628068824,low
osm,tokyo,33,1001202,targeted,residual_edge_mpnn,0.377395270031847,0.040936718899453974,low
osm,tokyo,33,1001202,targeted,residual_full,0.377395270031847,0.030447798216717385,low
osm,tokyo,33,1001202,targeted,residual_sage,0.377395270031847,0.017802347640358145,low
osm,tokyo,33,1001202,targeted,spectral,0.377395270031847,0.06003098531365638,low
osm,tokyo,33,1001202,targeted,spectral_second_order,0.377395270031847,0.05991031988515022,low
osm,tokyo,44,1001200,independent,direct_edge_mpnn,0.377395270031847,0.14097189936916338,low
osm,tokyo,44,1001200,independent,direct_full,0.377395270031847,0.13847239405046213,low
osm,tokyo,44,1001200,independent,direct_sage,0.377395270031847,0.1655943074835371,low
osm,tokyo,44,1001200,independent,residual_edge_mpnn,0.377395270031847,0.11057363724460445,low
osm,tokyo,44,1001200,independent,residual_full,0.377395270031847,0.10599995389451275,low
osm,tokyo,44,1001200,independent,residual_sage,0.377395270031847,0.12672520043457852,low
osm,tokyo,44,1001200,independent,spectral,0.377395270031847,0.3533419315115426,low
osm,tokyo,44,1001200,independent,spectral_second_order,0.377395270031847,0.353281417704499,low
osm,tokyo,44,1001201,spatial_cluster,direct_edge_mpnn,0.377395270031847,0.13143651243845772,low
osm,tokyo,44,1001201,spatial_cluster,direct_full,0.377395270031847,0.0700633512864525,low
osm,tokyo,44,1001201,spatial_cluster,direct_sage,0.377395270031847,0.11888744477729149,low
osm,tokyo,44,1001201,spatial_cluster,residual_edge_mpnn,0.377395270031847,0.031181106163066102,low
osm,tokyo,44,1001201,spatial_cluster,residual_full,0.377395270031847,0.0038753380944316594,low
osm,tokyo,44,1001201,spatial_cluster,residual_sage,0.377395270031847,0.09441123642573902,low
osm,tokyo,44,1001201,spatial_cluster,spectral,0.377395270031847,0.4504420956698526,low
osm,tokyo,44,1001201,spatial_cluster,spectral_second_order,0.377395270031847,0.45024192999499385,low
osm,tokyo,44,1001202,targeted,direct_edge_mpnn,0.377395270031847,0.09508690642192288,low
osm,tokyo,44,1001202,targeted,direct_full,0.377395270031847,0.06114103956147356,low
osm,tokyo,44,1001202,targeted,direct_sage,0.377395270031847,0.11096904551609679,low
osm,tokyo,44,1001202,targeted,residual_edge_mpnn,0.377395270031847,0.030746624127881213,low
osm,tokyo,44,1001202,targeted,residual_full,0.377395270031847,0.01718786951155139,low
osm,tokyo,44,1001202,targeted,residual_sage,0.377395270031847,0.03365607731352786,low
osm,tokyo,44,1001202,targeted,spectral,0.377395270031847,0.00975522386005505,low
osm,tokyo,44,1001202,targeted,spectral_second_order,0.377395270031847,0.00909807166111774,low
osm,tokyo,55,1001200,independent,direct_edge_mpnn,0.377395270031847,0.010591342160434756,low
osm,tokyo,55,1001200,independent,direct_full,0.377395270031847,0.02419346780183349,low
osm,tokyo,55,1001200,independent,direct_sage,0.377395270031847,0.12712756362410818,low
osm,tokyo,55,1001200,independent,residual_edge_mpnn,0.377395270031847,0.25296856942919455,low
osm,tokyo,55,1001200,independent,residual_full,0.377395270031847,0.00296856942919455,low
osm,tokyo,55,1001200,independent,residual_sage,0.377395270031847,0.002627134956134597,low
osm,tokyo,55,1001200,independent,spectral,0.377395270031847,0.2516632600628157,low
osm,tokyo,55,1001200,independent,spectral_second_order,0.377395270031847,0.2516378635741348,low
osm,tokyo,55,1001201,spatial_cluster,direct_edge_mpnn,0.377395270031847,0.11110344247163809,low
osm,tokyo,55,1001201,spatial_cluster,direct_full,0.377395270031847,0.10473897939070606,low
osm,tokyo,55,1001201,spatial_cluster,direct_sage,0.377395270031847,0.1330718443935511,low
osm,tokyo,55,1001201,spatial_cluster,residual_edge_mpnn,0.377395270031847,0.45915007570555827,low
osm,tokyo,55,1001201,spatial_cluster,residual_full,0.377395270031847,0.10863593579532975,low
osm,tokyo,55,1001201,spatial_cluster,residual_sage,0.377395270031847,0.10378253420694161,low
osm,tokyo,55,1001201,spatial_cluster,spectral,0.377395270031847,0.45711252278463393,low
osm,tokyo,55,1001201,spatial_cluster,spectral_second_order,0.377395270031847,0.4569740777060357,low
osm,tokyo,55,1001202,targeted,direct_edge_mpnn,0.377395270031847,0.07777183394590616,low
osm,tokyo,55,1001202,targeted,direct_full,0.377395270031847,0.0704526116377088,low
osm,tokyo,55,1001202,targeted,direct_sage,0.377395270031847,0.13400859519083325,low
osm,tokyo,55,1001202,targeted,residual_edge_mpnn,0.377395270031847,0.06320919391523773,low
osm,tokyo,55,1001202,targeted,residual_full,0.377395270031847,0.10333940456650606,low
osm,tokyo,55,1001202,targeted,residual_sage,0.377395270031847,0.06275005745619308,low
osm,tokyo,55,1001202,targeted,spectral,0.377395270031847,0.05710342413631876,low
osm,tokyo,55,1001202,targeted,spectral_second_order,0.377395270031847,0.05679195665350443,low
osm,viasm,11,1000100,independent,direct_edge_mpnn,0.8980443796700257,0.15026477749784906,high
osm,viasm,11,1000100,independent,direct_full,0.8980443796700257,0.13684036440197084,high
osm,viasm,11,1000100,independent,direct_sage,0.8980443796700257,0.15594769398560676,high
osm,viasm,11,1000100,independent,residual_edge_mpnn,0.8980443796700257,0.12558225686823135,high
osm,viasm,11,1000100,independent,residual_full,0.8980443796700257,0.12176762856995396,high
osm,viasm,11,1000100,independent,residual_sage,0.8980443796700257,0.1385377455627859,high
osm,viasm,11,1000100,independent,spectral,0.8980443796700257,0.22892956380752594,high
osm,viasm,11,1000100,independent,spectral_second_order,0.8980443796700257,0.2263872370644806,high
osm,viasm,11,1000101,spatial_cluster,direct_edge_mpnn,0.8980443796700257,0.08318909735960006,high
osm,viasm,11,1000101,spatial_cluster,direct_full,0.8980443796700257,0.06593173697094343,high
osm,viasm,11,1000101,spatial_cluster,direct_sage,0.8980443796700257,0.07604807514200829,high
osm,viasm,11,1000101,spatial_cluster,residual_edge_mpnn,0.8980443796700257,0.06090234857522921,high
osm,viasm,11,1000101,spatial_cluster,residual_full,0.8980443796700257,0.08359318593334722,high
osm,viasm,11,1000101,spatial_cluster,residual_sage,0.8980443796700257,0.07123266541461783,high
osm,viasm,11,1000101,spatial_cluster,spectral,0.8980443796700257,0.5045946364234328,high
osm,viasm,11,1000101,spatial_cluster,spectral_second_order,0.8980443796700257,0.5022062222809897,high
osm,viasm,11,1000102,targeted,direct_edge_mpnn,0.8980443796700257,0.13731578383195345,high
osm,viasm,11,1000102,targeted,direct_full,0.8980443796700257,0.1484631100207113,high
osm,viasm,11,1000102,targeted,direct_sage,0.8980443796700257,0.15846538683641462,high
osm,viasm,11,1000102,targeted,residual_edge_mpnn,0.8980443796700257,0.15074009934919957,high
osm,viasm,11,1000102,targeted,residual_full,0.8980443796700257,0.12872042460970165,high
osm,viasm,11,1000102,targeted,residual_sage,0.8980443796700257,0.14742400456060323,high
osm,viasm,11,1000102,targeted,spectral,0.8980443796700257,0.3257419515828586,high
osm,viasm,11,1000102,targeted,spectral_second_order,0.8980443796700257,0.3214479023709828,high
osm,viasm,22,1000100,independent,direct_edge_mpnn,0.8980443796700257,0.2514520515553799,high
osm,viasm,22,1000100,independent,direct_full,0.8980443796700257,0.06973959115924508,high
osm,viasm,22,1000100,independent,direct_sage,0.8980443796700257,0.04670195213602026,high
osm,viasm,22,1000100,independent,residual_edge_mpnn,0.8980443796700257,0.06201294709046653,high
osm,viasm,22,1000100,independent,residual_full,0.8980443796700257,0.03918182875626924,high
osm,viasm,22,1000100,independent,residual_sage,0.8980443796700257,0.02714200529287279,high
osm,viasm,22,1000100,independent,spectral,0.8980443796700257,0.23355555864855787,high
osm,viasm,22,1000100,independent,spectral_second_order,0.8980443796700257,0.2317597126747147,high
osm,viasm,22,1000101,spatial_cluster,direct_edge_mpnn,0.8980443796700257,0.1661896539052033,high
osm,viasm,22,1000101,spatial_cluster,direct_full,0.8980443796700257,0.0715313819368386,high
osm,viasm,22,1000101,spatial_cluster,direct_sage,0.8980443796700257,0.0679932666142487,high
osm,viasm,22,1000101,spatial_cluster,residual_edge_mpnn,0.8980443796700257,0.073460276160811,high
osm,viasm,22,1000101,spatial_cluster,residual_full,0.8980443796700257,0.053227947173545384,high
osm,viasm,22,1000101,spatial_cluster,residual_sage,0.8980443796700257,0.05118689289270585,high
osm,viasm,22,1000101,spatial_cluster,spectral,0.8980443796700257,0.5973375834276936,high
osm,viasm,22,1000101,spatial_cluster,spectral_second_order,0.8980443796700257,0.5964313243355394,high
osm,viasm,22,1000102,targeted,direct_edge_mpnn,0.8980443796700257,0.2389770310623663,high
osm,viasm,22,1000102,targeted,direct_full,0.8980443796700257,0.1540032573279096,high
osm,viasm,22,1000102,targeted,direct_sage,0.8980443796700257,0.15314155495293955,high
osm,viasm,22,1000102,targeted,residual_edge_mpnn,0.8980443796700257,0.11847319590858114,high
osm,viasm,22,1000102,targeted,residual_full,0.8980443796700257,0.18325446077900953,high
osm,viasm,22,1000102,targeted,residual_sage,0.8980443796700257,0.1662206520074887,high
osm,viasm,22,1000102,targeted,spectral,0.8980443796700257,0.27029738161663625,high
osm,viasm,22,1000102,targeted,spectral_second_order,0.8980443796700257,0.26600850848801894,high
osm,viasm,33,1000100,independent,direct_edge_mpnn,0.8980443796700257,0.3309901654524157,high
osm,viasm,33,1000100,independent,direct_full,0.8980443796700257,0.06573297056403511,high
osm,viasm,33,1000100,independent,direct_sage,0.8980443796700257,0.0677750905449879,high
osm,viasm,33,1000100,independent,residual_edge_mpnn,0.8980443796700257,0.09975403765546202,high
osm,viasm,33,1000100,independent,residual_full,0.8980443796700257,0.06784457257788705,high
osm,viasm,33,1000100,independent,residual_sage,0.8980443796700257,0.06489441088191449,high
osm,viasm,33,1000100,independent,spectral,0.8980443796700257,0.3181233692909595,high
osm,viasm,33,1000100,independent,spectral_second_order,0.8980443796700257,0.3163880446357771,high
osm,viasm,33,1000101,spatial_cluster,direct_edge_mpnn,0.8980443796700257,0.7328112755554544,high
osm,viasm,33,1000101,spatial_cluster,direct_full,0.8980443796700257,0.08658712254261067,high
osm,viasm,33,1000101,spatial_cluster,direct_sage,0.8980443796700257,0.08995135584270053,high
osm,viasm,33,1000101,spatial_cluster,residual_edge_mpnn,0.8980443796700257,0.25824092000694454,high
osm,viasm,33,1000101,spatial_cluster,residual_full,0.8980443796700257,0.07346340833481427,high
osm,viasm,33,1000101,spatial_cluster,residual_sage,0.8980443796700257,0.08372437103353904,high
osm,viasm,33,1000101,spatial_cluster,spectral,0.8980443796700257,0.7067434346289434,high
osm,viasm,33,1000101,spatial_cluster,spectral_second_order,0.8980443796700257,0.6999956323890631,high
osm,viasm,33,1000102,targeted,direct_edge_mpnn,0.8980443796700257,0.29555005292524855,high
osm,viasm,33,1000102,targeted,direct_full,0.8980443796700257,0.12266511223764284,high
osm,viasm,33,1000102,targeted,direct_sage,0.8980443796700257,0.1216631993736286,high
osm,viasm,33,1000102,targeted,residual_edge_mpnn,0.8980443796700257,0.11746711992342125,high
osm,viasm,33,1000102,targeted,residual_full,0.8980443796700257,0.11573656409629896,high
osm,viasm,33,1000102,targeted,residual_sage,0.8980443796700257,0.10787895765272246,high
osm,viasm,33,1000102,targeted,spectral,0.8980443796700257,0.2666056939451679,high
osm,viasm,33,1000102,targeted,spectral_second_order,0.8980443796700257,0.2620719729094393,high
osm,viasm,44,1000100,independent,direct_edge_mpnn,0.8980443796700257,0.0731837944750898,high
osm,viasm,44,1000100,independent,direct_full,0.8980443796700257,0.07227568942691813,high
osm,viasm,44,1000100,independent,direct_sage,0.8980443796700257,0.07223855177381319,high
osm,viasm,44,1000100,independent,residual_edge_mpnn,0.8980443796700257,0.03603723555627498,high
osm,viasm,44,1000100,independent,residual_full,0.8980443796700257,0.034991623400132496,high
osm,viasm,44,1000100,independent,residual_sage,0.8980443796700257,0.04188617809424632,high
osm,viasm,44,1000100,independent,spectral,0.8980443796700257,0.38329876519604705,high
osm,viasm,44,1000100,independent,spectral_second_order,0.8980443796700257,0.3804324561366524,high
osm,viasm,44,1000101,spatial_cluster,direct_edge_mpnn,0.8980443796700257,0.1681302910277495,high
osm,viasm,44,1000101,spatial_cluster,direct_full,0.8980443796700257,0.08305972759732394,high
osm,viasm,44,1000101,spatial_cluster,direct_sage,0.8980443796700257,0.07634077557483104,high
osm,viasm,44,1000101,spatial_cluster,residual_edge_mpnn,0.8980443796700257,0.050506769174511155,high
osm,viasm,44,1000101,spatial_cluster,residual_full,0.8980443796700257,0.055935522344621125,high
osm,viasm,44,1000101,spatial_cluster,residual_sage,0.8980443796700257,0.1152447125979641,high
osm,viasm,44,1000101,spatial_cluster,spectral,0.8980443796700257,0.6877207443055113,high
osm,viasm,44,1000101,spatial_cluster,spectral_second_order,0.8980443796700257,0.6832622354532514,high
osm,viasm,44,1000102,targeted,direct_edge_mpnn,0.8980443796700257,0.13180245285306302,high
osm,viasm,44,1000102,targeted,direct_full,0.8980443796700257,0.15776978323685967,high
osm,viasm,44,1000102,targeted,direct_sage,0.8980443796700257,0.15192657280396146,high
osm,viasm,44,1000102,targeted,residual_edge_mpnn,0.8980443796700257,0.09067945118569248,high
osm,viasm,44,1000102,targeted,residual_full,0.8980443796700257,0.13912998028259524,high
osm,viasm,44,1000102,targeted,residual_sage,0.8980443796700257,0.12382298484745116,high
osm,viasm,44,1000102,targeted,spectral,0.8980443796700257,0.19125144878931016,high
osm,viasm,44,1000102,targeted,spectral_second_order,0.8980443796700257,0.18379381312976664,high
osm,viasm,55,1000100,independent,direct_edge_mpnn,0.8980443796700257,0.015064068461413574,high
osm,viasm,55,1000100,independent,direct_full,0.8980443796700257,0.023485357578444648,high
osm,viasm,55,1000100,independent,direct_sage,0.8980443796700257,0.02637614135633969,high
osm,viasm,55,1000100,independent,residual_edge_mpnn,0.8980443796700257,0.3237200913176198,high
osm,viasm,55,1000100,independent,residual_full,0.8980443796700257,0.017631051750106815,high
osm,viasm,55,1000100,independent,residual_sage,0.8980443796700257,0.020278839893912184,high
osm,viasm,55,1000100,independent,spectral,0.8980443796700257,0.30814968419427297,high
osm,viasm,55,1000100,independent,spectral_second_order,0.8980443796700257,0.30560366644720466,high
osm,viasm,55,1000101,spatial_cluster,direct_edge_mpnn,0.8980443796700257,0.17040216225790883,high
osm,viasm,55,1000101,spatial_cluster,direct_full,0.8980443796700257,0.17981307427841034,high
osm,viasm,55,1000101,spatial_cluster,direct_sage,0.8980443796700257,0.14904863150301184,high
osm,viasm,55,1000101,spatial_cluster,residual_edge_mpnn,0.8980443796700257,0.7991224789823395,high
osm,viasm,55,1000101,spatial_cluster,residual_full,0.8980443796700257,0.09260215773357303,high
osm,viasm,55,1000101,spatial_cluster,residual_sage,0.8980443796700257,0.09144614958646502,high
osm,viasm,55,1000101,spatial_cluster,spectral,0.8980443796700257,0.7889440846015376,high
osm,viasm,55,1000101,spatial_cluster,spectral_second_order,0.8980443796700257,0.7852571657333545,high
osm,viasm,55,1000102,targeted,direct_edge_mpnn,0.8980443796700257,0.14625783857726024,high
osm,viasm,55,1000102,targeted,direct_full,0.8980443796700257,0.12925413222429577,high
osm,viasm,55,1000102,targeted,direct_sage,0.8980443796700257,0.1175700908471388,high
osm,viasm,55,1000102,targeted,residual_edge_mpnn,0.8980443796700257,0.20411756666889871,high
osm,viasm,55,1000102,targeted,residual_full,0.8980443796700257,0.11182107163640198,high
osm,viasm,55,1000102,targeted,residual_sage,0.8980443796700257,0.10504935095826395,high
osm,viasm,55,1000102,targeted,spectral,0.8980443796700257,0.1720978728035336,high
osm,viasm,55,1000102,targeted,spectral_second_order,0.8980443796700257,0.16706476818799346,high
synthetic,synthetic,11,14,independent,direct_edge_mpnn,1.0065132170717568,0.03217641351270622,medium
synthetic,synthetic,11,14,independent,direct_full,1.0065132170717568,0.10625246664862709,medium
synthetic,synthetic,11,14,independent,direct_sage,1.0065132170717568,0.09650122294555982,medium
synthetic,synthetic,11,14,independent,residual_edge_mpnn,1.0065132170717568,0.08397893316531536,medium
synthetic,synthetic,11,14,independent,residual_full,1.0065132170717568,0.06769680662094484,medium
synthetic,synthetic,11,14,independent,residual_sage,1.0065132170717568,0.03782393506542912,medium
synthetic,synthetic,11,14,independent,spectral,1.0065132170717568,0.020942842328626282,medium
synthetic,synthetic,11,14,independent,spectral_second_order,1.0065132170717568,0.013819127259612107,medium
synthetic,synthetic,11,14,spatial_cluster,direct_edge_mpnn,1.7022648337706376,0.08805701510463151,high
synthetic,synthetic,11,14,spatial_cluster,direct_full,1.7022648337706376,0.04621766332019363,high
synthetic,synthetic,11,14,spatial_cluster,direct_sage,1.7022648337706376,0.11164717712853348,high
synthetic,synthetic,11,14,spatial_cluster,residual_edge_mpnn,1.7022648337706376,0.05519689890969787,high
synthetic,synthetic,11,14,spatial_cluster,residual_full,1.7022648337706376,0.10856056380079546,high
synthetic,synthetic,11,14,spatial_cluster,residual_sage,1.7022648337706376,0.05396782214656476,high
synthetic,synthetic,11,14,spatial_cluster,spectral,1.7022648337706376,0.2229420198419981,high
synthetic,synthetic,11,14,spatial_cluster,spectral_second_order,1.7022648337706376,0.21664283853039726,high
synthetic,synthetic,11,14,targeted,direct_edge_mpnn,1.118313003916389,0.07454698264249385,medium
synthetic,synthetic,11,14,targeted,direct_full,1.118313003916389,0.0989039985451684,medium
synthetic,synthetic,11,14,targeted,direct_sage,1.118313003916389,0.18225987475228694,medium
synthetic,synthetic,11,14,targeted,residual_edge_mpnn,1.118313003916389,0.053868379665723234,medium
synthetic,synthetic,11,14,targeted,residual_full,1.118313003916389,0.1740615527091133,medium
synthetic,synthetic,11,14,targeted,residual_sage,1.118313003916389,0.11116404536943714,medium
synthetic,synthetic,11,14,targeted,spectral,1.118313003916389,0.1752411890286407,medium
synthetic,synthetic,11,14,targeted,spectral_second_order,1.118313003916389,0.15122232170692626,medium
synthetic,synthetic,11,17,independent,direct_edge_mpnn,1.714422095662881,0.057488020054430836,high
synthetic,synthetic,11,17,independent,direct_full,1.714422095662881,0.06545600530873166,high
synthetic,synthetic,11,17,independent,direct_sage,1.714422095662881,0.06155943897066278,high
synthetic,synthetic,11,17,independent,residual_edge_mpnn,1.714422095662881,0.038703750684386466,high
synthetic,synthetic,11,17,independent,residual_full,1.714422095662881,0.09082384779985811,high
synthetic,synthetic,11,17,independent,residual_sage,1.714422095662881,0.07569998920997587,high
synthetic,synthetic,11,17,independent,spectral,1.714422095662881,0.0132777410549197,high
synthetic,synthetic,11,17,independent,spectral_second_order,1.714422095662881,0.00890688894595369,high
synthetic,synthetic,11,17,spatial_cluster,direct_edge_mpnn,1.0508692988428527,0.05625422005798404,medium
synthetic,synthetic,11,17,spatial_cluster,direct_full,1.0508692988428527,0.05247881315594596,medium
synthetic,synthetic,11,17,spatial_cluster,direct_sage,1.0508692988428527,0.06737448299385054,medium
synthetic,synthetic,11,17,spatial_cluster,residual_edge_mpnn,1.0508692988428527,0.02750852602532839,medium
synthetic,synthetic,11,17,spatial_cluster,residual_full,1.0508692988428527,0.02996400551344065,medium
synthetic,synthetic,11,17,spatial_cluster,residual_sage,1.0508692988428527,0.04793763855593356,medium
synthetic,synthetic,11,17,spatial_cluster,spectral,1.0508692988428527,0.0722797556321346,medium
synthetic,synthetic,11,17,spatial_cluster,spectral_second_order,1.0508692988428527,0.05805199574429494,medium
synthetic,synthetic,11,17,targeted,direct_edge_mpnn,0.5447271395203375,0.036770451915356966,low
synthetic,synthetic,11,17,targeted,direct_full,0.5447271395203375,0.08217771721870704,low
synthetic,synthetic,11,17,targeted,direct_sage,0.5447271395203375,0.12324289252108803,low
synthetic,synthetic,11,17,targeted,residual_edge_mpnn,0.5447271395203375,0.021489559862362874,low
synthetic,synthetic,11,17,targeted,residual_full,0.5447271395203375,0.12035654829096346,low
synthetic,synthetic,11,17,targeted,residual_sage,0.5447271395203375,0.06457836211544396,low
synthetic,synthetic,11,17,targeted,spectral,0.5447271395203375,0.16652499440482232,low
synthetic,synthetic,11,17,targeted,spectral_second_order,0.5447271395203375,0.13298468391086837,low
synthetic,synthetic,11,19,independent,direct_edge_mpnn,0.3254857716511886,0.07914477876912515,low
synthetic,synthetic,11,19,independent,direct_full,0.3254857716511886,0.09326358348775957,low
synthetic,synthetic,11,19,independent,direct_sage,0.3254857716511886,0.08980108560624839,low
synthetic,synthetic,11,19,independent,residual_edge_mpnn,0.3254857716511886,0.03356807630327825,low
synthetic,synthetic,11,19,independent,residual_full,0.3254857716511886,0.0907346348998501,low
synthetic,synthetic,11,19,independent,residual_sage,0.3254857716511886,0.052388950622983974,low
synthetic,synthetic,11,19,independent,spectral,0.3254857716511886,0.1480595910954341,low
synthetic,synthetic,11,19,independent,spectral_second_order,0.3254857716511886,0.1268440201139288,low
synthetic,synthetic,11,19,spatial_cluster,direct_edge_mpnn,2.6678856005110765,0.17815389320171662,high
synthetic,synthetic,11,19,spatial_cluster,direct_full,2.6678856005110765,0.15367214753671968,high
synthetic,synthetic,11,19,spatial_cluster,direct_sage,2.6678856005110765,0.20013819652988993,high
synthetic,synthetic,11,19,spatial_cluster,residual_edge_mpnn,2.6678856005110765,0.1213270168184418,high
synthetic,synthetic,11,19,spatial_cluster,residual_full,2.6678856005110765,0.11479877269764267,high
synthetic,synthetic,11,19,spatial_cluster,residual_sage,2.6678856005110765,0.1191283561829017,high
synthetic,synthetic,11,19,spatial_cluster,spectral,2.6678856005110765,0.050185982549319996,high
synthetic,synthetic,11,19,spatial_cluster,spectral_second_order,2.6678856005110765,0.04419706580122844,high
synthetic,synthetic,11,19,targeted,direct_edge_mpnn,0.610588791094039,0.12084233756613125,low
synthetic,synthetic,11,19,targeted,direct_full,0.610588791094039,0.07018893918599593,low
synthetic,synthetic,11,19,targeted,direct_sage,0.610588791094039,0.16650381366427114,low
synthetic,synthetic,11,19,targeted,residual_edge_mpnn,0.610588791094039,0.0837701370450458,low
synthetic,synthetic,11,19,targeted,residual_full,0.610588791094039,0.10343431733083697,low
synthetic,synthetic,11,19,targeted,residual_sage,0.610588791094039,0.06573360858842181,low
synthetic,synthetic,11,19,targeted,spectral,0.610588791094039,0.07899520457990973,low
synthetic,synthetic,11,19,targeted,spectral_second_order,0.610588791094039,0.0575842965633974,low
synthetic,synthetic,22,0,independent,direct_edge_mpnn,1.983112929799161,0.015474476488196049,high
synthetic,synthetic,22,0,independent,direct_full,1.983112929799161,0.06834587735344465,high
synthetic,synthetic,22,0,independent,direct_sage,1.983112929799161,0.04791342039813097,high
synthetic,synthetic,22,0,independent,residual_edge_mpnn,1.983112929799161,0.0048737309591250794,high
synthetic,synthetic,22,0,independent,residual_full,1.983112929799161,0.00870996308154012,high
synthetic,synthetic,22,0,independent,residual_sage,1.983112929799161,0.015379407114612484,high
synthetic,synthetic,22,0,independent,spectral,1.983112929799161,0.003544033343452219,high
synthetic,synthetic,22,0,independent,spectral_second_order,1.983112929799161,0.002779354662342894,high
synthetic,synthetic,22,0,spatial_cluster,direct_edge_mpnn,1.983112929799161,0.031055376707569998,high
synthetic,synthetic,22,0,spatial_cluster,direct_full,1.983112929799161,0.07694106214963096,high
synthetic,synthetic,22,0,spatial_cluster,direct_sage,1.983112929799161,0.06247719378493923,high
synthetic,synthetic,22,0,spatial_cluster,residual_edge_mpnn,1.983112929799161,0.024965421042452002,high
synthetic,synthetic,22,0,spatial_cluster,residual_full,1.983112929799161,0.020177627870040345,high
synthetic,synthetic,22,0,spatial_cluster,residual_sage,1.983112929799161,0.02137242583365976,high
synthetic,synthetic,22,0,spatial_cluster,spectral,1.983112929799161,0.017416298749234276,high
synthetic,synthetic,22,0,spatial_cluster,spectral_second_order,1.983112929799161,0.015008249794090045,high
synthetic,synthetic,22,0,targeted,direct_edge_mpnn,1.983112929799161,0.06676388502166529,high
synthetic,synthetic,22,0,targeted,direct_full,1.983112929799161,0.08482860581650135,high
synthetic,synthetic,22,0,targeted,direct_sage,1.983112929799161,0.07153815680625551,high
synthetic,synthetic,22,0,targeted,residual_edge_mpnn,1.983112929799161,0.03776689776780866,high
synthetic,synthetic,22,0,targeted,residual_full,1.983112929799161,0.03514068842725175,high
synthetic,synthetic,22,0,targeted,residual_sage,1.983112929799161,0.02781527483110523,high
synthetic,synthetic,22,0,targeted,spectral,1.983112929799161,0.03138785702338069,high
synthetic,synthetic,22,0,targeted,spectral_second_order,1.983112929799161,0.017717551362191435,high
synthetic,synthetic,22,4,independent,direct_edge_mpnn,0.2872248724487267,0.03907338865439079,low
synthetic,synthetic,22,4,independent,direct_full,0.2872248724487267,0.113869816094516,low
synthetic,synthetic,22,4,independent,direct_sage,0.2872248724487267,0.10806354734289474,low
synthetic,synthetic,22,4,independent,residual_edge_mpnn,0.2872248724487267,0.06850535926294851,low
synthetic,synthetic,22,4,independent,residual_full,0.2872248724487267,0.07709691202145084,low
synthetic,synthetic,22,4,independent,residual_sage,0.2872248724487267,0.10433124378461153,low
synthetic,synthetic,22,4,independent,spectral,0.2872248724487267,0.03186943747653046,low
synthetic,synthetic,22,4,independent,spectral_second_order,0.2872248724487267,0.020174023874760205,low
synthetic,synthetic,22,4,spatial_cluster,direct_edge_mpnn,0.483569525485904,0.0877475400701028,low
synthetic,synthetic,22,4,spatial_cluster,direct_full,0.483569525485904,0.1449205184444929,low
synthetic,synthetic,22,4,spatial_cluster,direct_sage,0.483569525485904,0.08505989795420535,low
synthetic,synthetic,22,4,spatial_cluster,residual_edge_mpnn,0.483569525485904,0.04771716862892825,low
synthetic,synthetic,22,4,spatial_cluster,residual_full,0.483569525485904,0.06238888417111199,low
synthetic,synthetic,22,4,spatial_cluster,residual_sage,0.483569525485904,0.04069608854514539,low
synthetic,synthetic,22,4,spatial_cluster,spectral,0.483569525485904,0.07323711364751583,low
synthetic,synthetic,22,4,spatial_cluster,spectral_second_order,0.483569525485904,0.06413682004097605,low
synthetic,synthetic,22,4,targeted,direct_edge_mpnn,2.355167336350176,0.14034262912849887,high
synthetic,synthetic,22,4,targeted,direct_full,2.355167336350176,0.49505099361467036,high
synthetic,synthetic,22,4,targeted,direct_sage,2.355167336350176,0.48601240614133745,high
synthetic,synthetic,22,4,targeted,residual_edge_mpnn,2.355167336350176,0.09626302207854631,high
synthetic,synthetic,22,4,targeted,residual_full,2.355167336350176,0.23958946954018412,high
synthetic,synthetic,22,4,targeted,residual_sage,2.355167336350176,0.19816660446605622,high
synthetic,synthetic,22,4,targeted,spectral,2.355167336350176,0.34616329390529954,high
synthetic,synthetic,22,4,targeted,spectral_second_order,2.355167336350176,0.21808881346333817,high
synthetic,synthetic,22,7,independent,direct_edge_mpnn,0.2667110648838165,0.028327903322322844,low
synthetic,synthetic,22,7,independent,direct_full,0.2667110648838165,0.08388636266360348,low
synthetic,synthetic,22,7,independent,direct_sage,0.2667110648838165,0.09906588080885334,low
synthetic,synthetic,22,7,independent,residual_edge_mpnn,0.2667110648838165,0.03173591147162598,low
synthetic,synthetic,22,7,independent,residual_full,0.2667110648838165,0.049353829686252904,low
synthetic,synthetic,22,7,independent,residual_sage,0.2667110648838165,0.09011067959949823,low
synthetic,synthetic,22,7,independent,spectral,0.2667110648838165,0.07422125412902797,low
synthetic,synthetic,22,7,independent,spectral_second_order,0.2667110648838165,0.06285045047396312,low
synthetic,synthetic,22,7,spatial_cluster,direct_edge_mpnn,1.977998469154894,0.08103780151548028,high
synthetic,synthetic,22,7,spatial_cluster,direct_full,1.977998469154894,0.13602053263427855,high
synthetic,synthetic,22,7,spatial_cluster,direct_sage,1.977998469154894,0.12732945700379253,high
synthetic,synthetic,22,7,spatial_cluster,residual_edge_mpnn,1.977998469154894,0.06451239364656836,high
synthetic,synthetic,22,7,spatial_cluster,residual_full,1.977998469154894,0.05776914276617795,high
synthetic,synthetic,22,7,spatial_cluster,residual_sage,1.977998469154894,0.06908211914968646,high
synthetic,synthetic,22,7,spatial_cluster,spectral,1.977998469154894,0.039748105650482445,high
synthetic,synthetic,22,7,spatial_cluster,spectral_second_order,1.977998469154894,0.03265958739890064,high
synthetic,synthetic,22,7,targeted,direct_edge_mpnn,0.574437750777108,0.14075135177867532,low
synthetic,synthetic,22,7,targeted,direct_full,0.574437750777108,0.30236146189787566,low
synthetic,synthetic,22,7,targeted,direct_sage,0.574437750777108,0.2716659082054246,low
synthetic,synthetic,22,7,targeted,residual_edge_mpnn,0.574437750777108,0.04976291196929858,low
synthetic,synthetic,22,7,targeted,residual_full,0.574437750777108,0.13475373679304842,low
synthetic,synthetic,22,7,targeted,residual_sage,0.574437750777108,0.11398818290770149,low
synthetic,synthetic,22,7,targeted,spectral,0.574437750777108,0.11827699898539164,low
synthetic,synthetic,22,7,targeted,spectral_second_order,0.574437750777108,0.07703865421218191,low
synthetic,synthetic,33,5,independent,direct_edge_mpnn,2.34145302310743,0.06485258707953226,high
synthetic,synthetic,33,5,independent,direct_full,2.34145302310743,0.08905176175205884,high
synthetic,synthetic,33,5,independent,direct_sage,2.34145302310743,0.053979186242510656,high
synthetic,synthetic,33,5,independent,residual_edge_mpnn,2.34145302310743,0.07931477283882363,high
synthetic,synthetic,33,5,independent,residual_full,2.34145302310743,0.046794458484562124,high
synthetic,synthetic,33,5,independent,residual_sage,2.34145302310743,0.046044360372567,high
synthetic,synthetic,33,5,independent,spectral,2.34145302310743,0.052119700086883915,high
synthetic,synthetic,33,5,independent,spectral_second_order,2.34145302310743,0.049718069950723746,high
synthetic,synthetic,33,5,spatial_cluster,direct_edge_mpnn,0.4595435459710607,0.20281118113519514,low
synthetic,synthetic,33,5,spatial_cluster,direct_full,0.4595435459710607,0.05910847877212248,low
synthetic,synthetic,33,5,spatial_cluster,direct_sage,0.4595435459710607,0.0514490517341491,low
synthetic,synthetic,33,5,spatial_cluster,residual_edge_mpnn,0.4595435459710607,0.10755303370869825,low
synthetic,synthetic,33,5,spatial_cluster,residual_full,0.4595435459710607,0.039109882736388574,low
synthetic,synthetic,33,5,spatial_cluster,residual_sage,0.4595435459710607,0.03971140314074911,low
synthetic,synthetic,33,5,spatial_cluster,spectral,0.4595435459710607,0.18990063250122055,low
synthetic,synthetic,33,5,spatial_cluster,spectral_second_order,0.4595435459710607,0.18677626815697992,low
synthetic,synthetic,33,5,targeted,direct_edge_mpnn,3.2805274708984724,0.45960148355147157,high
synthetic,synthetic,33,5,targeted,direct_full,3.2805274708984724,0.24467135440634968,high
synthetic,synthetic,33,5,targeted,direct_sage,3.2805274708984724,0.24963249690907477,high
synthetic,synthetic,33,5,targeted,residual_edge_mpnn,3.2805274708984724,0.09752632839182403,high
synthetic,synthetic,33,5,targeted,residual_full,3.2805274708984724,0.12484860303784748,high
synthetic,synthetic,33,5,targeted,residual_sage,3.2805274708984724,0.14276758818119922,high
synthetic,synthetic,33,5,targeted,spectral,3.2805274708984724,0.29576566178750696,high
synthetic,synthetic,33,5,targeted,spectral_second_order,3.2805274708984724,0.2676132142846441,high
synthetic,synthetic,33,7,independent,direct_edge_mpnn,0.8756767606321074,0.0341529795196734,medium
synthetic,synthetic,33,7,independent,direct_full,0.8756767606321074,0.03361537628448725,medium
synthetic,synthetic,33,7,independent,direct_sage,0.8756767606321074,0.03393806933938637,medium
synthetic,synthetic,33,7,independent,residual_edge_mpnn,0.8756767606321074,0.04553354724823609,medium
synthetic,synthetic,33,7,independent,residual_full,0.8756767606321074,0.040650688993990866,medium
synthetic,synthetic,33,7,independent,residual_sage,0.8756767606321074,0.03939569153825792,medium
synthetic,synthetic,33,7,independent,spectral,0.8756767606321074,0.010971157378918172,medium
synthetic,synthetic,33,7,independent,spectral_second_order,0.8756767606321074,0.009150893587131611,medium
synthetic,synthetic,33,7,spatial_cluster,direct_edge_mpnn,1.0692724506721634,0.19486639087472568,medium
synthetic,synthetic,33,7,spatial_cluster,direct_full,1.0692724506721634,0.10581090538010049,medium
synthetic,synthetic,33,7,spatial_cluster,direct_sage,1.0692724506721634,0.08335700197324207,medium
synthetic,synthetic,33,7,spatial_cluster,residual_edge_mpnn,1.0692724506721634,0.10953759835029109,medium
synthetic,synthetic,33,7,spatial_cluster,residual_full,1.0692724506721634,0.08579143899777744,medium
synthetic,synthetic,33,7,spatial_cluster,residual_sage,1.0692724506721634,0.05382016736755383,medium
synthetic,synthetic,33,7,spatial_cluster,spectral,1.0692724506721634,0.1855957667317031,medium
synthetic,synthetic,33,7,spatial_cluster,spectral_second_order,1.0692724506721634,0.1803437975437829,medium
synthetic,synthetic,33,7,targeted,direct_edge_mpnn,0.4141600979145239,0.10817033582951888,low
synthetic,synthetic,33,7,targeted,direct_full,0.4141600979145239,0.08999633938272893,low
synthetic,synthetic,33,7,targeted,direct_sage,0.4141600979145239,0.08624138017178354,low
synthetic,synthetic,33,7,targeted,residual_edge_mpnn,0.4141600979145239,0.04625932197983372,low
synthetic,synthetic,33,7,targeted,residual_full,0.4141600979145239,0.03409078518681097,low
synthetic,synthetic,33,7,targeted,residual_sage,0.4141600979145239,0.03346208343721485,low
synthetic,synthetic,33,7,targeted,spectral,0.4141600979145239,0.05282277998730074,low
synthetic,synthetic,33,7,targeted,spectral_second_order,0.4141600979145239,0.03604736587953396,low
synthetic,synthetic,33,18,independent,direct_edge_mpnn,1.1118692869887086,0.05272476006286636,medium
synthetic,synthetic,33,18,independent,direct_full,1.1118692869887086,0.06767025053619037,medium
synthetic,synthetic,33,18,independent,direct_sage,1.1118692869887086,0.05524474261987443,medium
synthetic,synthetic,33,18,independent,residual_edge_mpnn,1.1118692869887086,0.03772174347057036,medium
synthetic,synthetic,33,18,independent,residual_full,1.1118692869887086,0.04999152262931712,medium
synthetic,synthetic,33,18,independent,residual_sage,1.1118692869887086,0.04653101906969816,medium
synthetic,synthetic,33,18,independent,spectral,1.1118692869887086,0.02251301262670491,medium
synthetic,synthetic,33,18,independent,spectral_second_order,1.1118692869887086,0.019224498614025275,medium
synthetic,synthetic,33,18,spatial_cluster,direct_edge_mpnn,0.7222693285747389,0.037712662703749684,medium
synthetic,synthetic,33,18,spatial_cluster,direct_full,0.7222693285747389,0.06422899220352807,medium
synthetic,synthetic,33,18,spatial_cluster,direct_sage,0.7222693285747389,0.05650022555356658,medium
synthetic,synthetic,33,18,spatial_cluster,residual_edge_mpnn,0.7222693285747389,0.0643497222011093,medium
synthetic,synthetic,33,18,spatial_cluster,residual_full,0.7222693285747389,0.01928959568677946,medium
synthetic,synthetic,33,18,spatial_cluster,residual_sage,0.7222693285747389,0.021231198311389362,medium
synthetic,synthetic,33,18,spatial_cluster,spectral,0.7222693285747389,0.016916592704175264,medium
synthetic,synthetic,33,18,spatial_cluster,spectral_second_order,0.7222693285747389,0.01350042641196737,medium
synthetic,synthetic,33,18,targeted,direct_edge_mpnn,1.0538217787607265,0.5579246755102096,medium
synthetic,synthetic,33,18,targeted,direct_full,1.0538217787607265,0.37546696398857576,medium
synthetic,synthetic,33,18,targeted,direct_sage,1.0538217787607265,0.2583794372328347,medium
synthetic,synthetic,33,18,targeted,residual_edge_mpnn,1.0538217787607265,0.09895949946366303,medium
synthetic,synthetic,33,18,targeted,residual_full,1.0538217787607265,0.21828896798802805,medium
synthetic,synthetic,33,18,targeted,residual_sage,1.0538217787607265,0.2420334704188098,medium
synthetic,synthetic,33,18,targeted,spectral,1.0538217787607265,0.34156586801989935,medium
synthetic,synthetic,33,18,targeted,spectral_second_order,1.0538217787607265,0.28200066555148906,medium
synthetic,synthetic,44,13,independent,direct_edge_mpnn,0.6879490080690902,0.06148028251027156,low
synthetic,synthetic,44,13,independent,direct_full,0.6879490080690902,0.08282730754347362,low
synthetic,synthetic,44,13,independent,direct_sage,0.6879490080690902,0.08945399474235095,low
synthetic,synthetic,44,13,independent,residual_edge_mpnn,0.6879490080690902,0.02496614454196609,low
synthetic,synthetic,44,13,independent,residual_full,0.6879490080690902,0.04152130000994084,low
synthetic,synthetic,44,13,independent,residual_sage,0.6879490080690902,0.03684913200234084,low
synthetic,synthetic,44,13,independent,spectral,0.6879490080690902,0.012744531195830444,low
synthetic,synthetic,44,13,independent,spectral_second_order,0.6879490080690902,0.009470771300622126,low
synthetic,synthetic,44,13,spatial_cluster,direct_edge_mpnn,1.4229769069719072,0.111189428952963,medium
synthetic,synthetic,44,13,spatial_cluster,direct_full,1.4229769069719072,0.11788351529927918,medium
synthetic,synthetic,44,13,spatial_cluster,direct_sage,1.4229769069719072,0.13094421107625254,medium
synthetic,synthetic,44,13,spatial_cluster,residual_edge_mpnn,1.4229769069719072,0.07921759290869106,medium
synthetic,synthetic,44,13,spatial_cluster,residual_full,1.4229769069719072,0.09277647148713225,medium
synthetic,synthetic,44,13,spatial_cluster,residual_sage,1.4229769069719072,0.08892017457937487,medium
synthetic,synthetic,44,13,spatial_cluster,spectral,1.4229769069719072,0.08492090538413709,medium
synthetic,synthetic,44,13,spatial_cluster,spectral_second_order,1.4229769069719072,0.081984620586505,medium
synthetic,synthetic,44,13,targeted,direct_edge_mpnn,1.6756840152036216,0.1386951382890929,medium
synthetic,synthetic,44,13,targeted,direct_full,1.6756840152036216,0.1902828042286035,medium
synthetic,synthetic,44,13,targeted,direct_sage,1.6756840152036216,0.17444079301513277,medium
synthetic,synthetic,44,13,targeted,residual_edge_mpnn,1.6756840152036216,0.11068185490175783,medium
synthetic,synthetic,44,13,targeted,residual_full,1.6756840152036216,0.12307737744327851,medium
synthetic,synthetic,44,13,targeted,residual_sage,1.6756840152036216,0.12044413775830339,medium
synthetic,synthetic,44,13,targeted,spectral,1.6756840152036216,0.19378976199540993,medium
synthetic,synthetic,44,13,targeted,spectral_second_order,1.6756840152036216,0.16737182935243852,medium
synthetic,synthetic,44,16,independent,direct_edge_mpnn,0.7066553627793074,0.10261288204597616,medium
synthetic,synthetic,44,16,independent,direct_full,0.7066553627793074,0.07436440732458954,medium
synthetic,synthetic,44,16,independent,direct_sage,0.7066553627793074,0.09337079992417426,medium
synthetic,synthetic,44,16,independent,residual_edge_mpnn,0.7066553627793074,0.043146202277811074,medium
synthetic,synthetic,44,16,independent,residual_full,0.7066553627793074,0.030092478051288625,medium
synthetic,synthetic,44,16,independent,residual_sage,0.7066553627793074,0.05182255633304245,medium
synthetic,synthetic,44,16,independent,spectral,0.7066553627793074,0.06430879685178408,medium
synthetic,synthetic,44,16,independent,spectral_second_order,0.7066553627793074,0.05146096461302446,medium
synthetic,synthetic,44,16,spatial_cluster,direct_edge_mpnn,0.4447456965927773,0.05763742933981828,low
synthetic,synthetic,44,16,spatial_cluster,direct_full,0.4447456965927773,0.09580579305291928,low
synthetic,synthetic,44,16,spatial_cluster,direct_sage,0.4447456965927773,0.10874413939417163,low
synthetic,synthetic,44,16,spatial_cluster,residual_edge_mpnn,0.4447456965927773,0.04212972017229358,low
synthetic,synthetic,44,16,spatial_cluster,residual_full,0.4447456965927773,0.05254043374558942,low
synthetic,synthetic,44,16,spatial_cluster,residual_sage,0.4447456965927773,0.05617410566882054,low
synthetic,synthetic,44,16,spatial_cluster,spectral,0.4447456965927773,0.09588870850573986,low
synthetic,synthetic,44,16,spatial_cluster,spectral_second_order,0.4447456965927773,0.06086678347650546,low
synthetic,synthetic,44,16,targeted,direct_edge_mpnn,2.6194670639976865,0.17554881943497927,high
synthetic,synthetic,44,16,targeted,direct_full,2.6194670639976865,0.4609993856224802,high
synthetic,synthetic,44,16,targeted,direct_sage,2.6194670639976865,0.4241802954870847,high
synthetic,synthetic,44,16,targeted,residual_edge_mpnn,2.6194670639976865,0.1313565603281942,high
synthetic,synthetic,44,16,targeted,residual_full,2.6194670639976865,0.23632880813537954,high
synthetic,synthetic,44,16,targeted,residual_sage,2.6194670639976865,0.2275775480839995,high
synthetic,synthetic,44,16,targeted,spectral,2.6194670639976865,0.29481565343964145,high
synthetic,synthetic,44,16,targeted,spectral_second_order,2.6194670639976865,0.19184562496834273,high
synthetic,synthetic,44,17,independent,direct_edge_mpnn,1.6524417003754213,0.1058676852441794,medium
synthetic,synthetic,44,17,independent,direct_full,1.6524417003754213,0.15515905307302538,medium
synthetic,synthetic,44,17,independent,direct_sage,1.6524417003754213,0.15400804988345995,medium
synthetic,synthetic,44,17,independent,residual_edge_mpnn,1.6524417003754213,0.07175744414026203,medium
synthetic,synthetic,44,17,independent,residual_full,1.6524417003754213,0.08843733196872121,medium
synthetic,synthetic,44,17,independent,residual_sage,1.6524417003754213,0.09208375314588471,medium
synthetic,synthetic,44,17,independent,spectral,1.6524417003754213,0.22148259834794554,medium
synthetic,synthetic,44,17,independent,spectral_second_order,1.6524417003754213,0.2013819035221382,medium
synthetic,synthetic,44,17,spatial_cluster,direct_edge_mpnn,2.480000935053988,0.05845023969431582,high
synthetic,synthetic,44,17,spatial_cluster,direct_full,2.480000935053988,0.148047829216916,high
synthetic,synthetic,44,17,spatial_cluster,direct_sage,2.480000935053988,0.16454304436464967,high
synthetic,synthetic,44,17,spatial_cluster,residual_edge_mpnn,2.480000935053988,0.03601943914090457,high
synthetic,synthetic,44,17,spatial_cluster,residual_full,2.480000935053988,0.05531177258175083,high
synthetic,synthetic,44,17,spatial_cluster,residual_sage,2.480000935053988,0.0820652550855762,high
synthetic,synthetic,44,17,spatial_cluster,spectral,2.480000935053988,0.03167203973522332,high
synthetic,synthetic,44,17,spatial_cluster,spectral_second_order,2.480000935053988,0.02414519512673375,high
synthetic,synthetic,44,17,targeted,direct_edge_mpnn,3.444098774605016,0.2931588154600395,high
synthetic,synthetic,44,17,targeted,direct_full,3.444098774605016,0.4691571228572746,high
synthetic,synthetic,44,17,targeted,direct_sage,3.444098774605016,0.44123603183716736,high
synthetic,synthetic,44,17,targeted,residual_edge_mpnn,3.444098774605016,0.16982866194039783,high
synthetic,synthetic,44,17,targeted,residual_full,3.444098774605016,0.21363831309586198,high
synthetic,synthetic,44,17,targeted,residual_sage,3.444098774605016,0.21287086032271585,high
synthetic,synthetic,44,17,targeted,spectral,3.444098774605016,0.3044032519977905,high
synthetic,synthetic,44,17,targeted,spectral_second_order,3.444098774605016,0.23009516411183606,high
synthetic,synthetic,55,2,independent,direct_edge_mpnn,0.7239164503612046,0.008473725439565245,medium
synthetic,synthetic,55,2,independent,direct_full,0.7239164503612046,0.02554028207958412,medium
synthetic,synthetic,55,2,independent,direct_sage,0.7239164503612046,0.042444246944533276,medium
synthetic,synthetic,55,2,independent,residual_edge_mpnn,0.7239164503612046,0.01265570080603507,medium
synthetic,synthetic,55,2,independent,residual_full,0.7239164503612046,0.017230425587387473,medium
synthetic,synthetic,55,2,independent,residual_sage,0.7239164503612046,0.024346879764261253,medium
synthetic,synthetic,55,2,independent,spectral,0.7239164503612046,0.002988238259132994,medium
synthetic,synthetic,55,2,independent,spectral_second_order,0.7239164503612046,0.0018959319276805932,medium
synthetic,synthetic,55,2,spatial_cluster,direct_edge_mpnn,0.6054380305506795,0.036002577547637235,low
synthetic,synthetic,55,2,spatial_cluster,direct_full,0.6054380305506795,0.06143761556330892,low
synthetic,synthetic,55,2,spatial_cluster,direct_sage,0.6054380305506795,0.09793988492517464,low
synthetic,synthetic,55,2,spatial_cluster,residual_edge_mpnn,0.6054380305506795,0.23020416709255728,low
synthetic,synthetic,55,2,spatial_cluster,residual_full,0.6054380305506795,0.039260207844994024,low
synthetic,synthetic,55,2,spatial_cluster,residual_sage,0.6054380305506795,0.04143104931228412,low
synthetic,synthetic,55,2,spatial_cluster,spectral,0.6054380305506795,0.1925483600644408,low
synthetic,synthetic,55,2,spatial_cluster,spectral_second_order,0.6054380305506795,0.1786058866226512,low
synthetic,synthetic,55,2,targeted,direct_edge_mpnn,1.3996425913561898,0.09450077124188425,medium
synthetic,synthetic,55,2,targeted,direct_full,1.3996425913561898,0.0835721298983326,medium
synthetic,synthetic,55,2,targeted,direct_sage,1.3996425913561898,0.14732534039804984,medium
synthetic,synthetic,55,2,targeted,residual_edge_mpnn,1.3996425913561898,0.12343662802021986,medium
synthetic,synthetic,55,2,targeted,residual_full,1.3996425913561898,0.05083796428462993,medium
synthetic,synthetic,55,2,targeted,residual_sage,1.3996425913561898,0.050284504160927154,medium
synthetic,synthetic,55,2,targeted,spectral,1.3996425913561898,0.0399587663246993,medium
synthetic,synthetic,55,2,targeted,spectral_second_order,1.3996425913561898,0.028150299384936815,medium
synthetic,synthetic,55,4,independent,direct_edge_mpnn,0.3988400832002559,0.054868910550321504,low
synthetic,synthetic,55,4,independent,direct_full,0.3988400832002559,0.07974483428184902,low
synthetic,synthetic,55,4,independent,direct_sage,0.3988400832002559,0.09411028893176163,low
synthetic,synthetic,55,4,independent,residual_edge_mpnn,0.3988400832002559,0.1465100070352602,low
synthetic,synthetic,55,4,independent,residual_full,0.3988400832002559,0.041594322610669955,low
synthetic,synthetic,55,4,independent,residual_sage,0.3988400832002559,0.04320659404259519,low
synthetic,synthetic,55,4,independent,spectral,0.3988400832002559,0.09355556326399564,low
synthetic,synthetic,55,4,independent,spectral_second_order,0.3988400832002559,0.0785798433161882,low
synthetic,synthetic,55,4,spatial_cluster,direct_edge_mpnn,2.6307898528340115,0.03664312140699459,high
synthetic,synthetic,55,4,spatial_cluster,direct_full,2.6307898528340115,0.04186195396245297,high
synthetic,synthetic,55,4,spatial_cluster,direct_sage,2.6307898528340115,0.057457010390019936,high
synthetic,synthetic,55,4,spatial_cluster,residual_edge_mpnn,2.6307898528340115,0.07258005811218185,high
synthetic,synthetic,55,4,spatial_cluster,residual_full,2.6307898528340115,0.03263122120431341,high
synthetic,synthetic,55,4,spatial_cluster,residual_sage,2.6307898528340115,0.04164159513693285,high
synthetic,synthetic,55,4,spatial_cluster,spectral,2.6307898528340115,0.06561634283686123,high
synthetic,synthetic,55,4,spatial_cluster,spectral_second_order,2.6307898528340115,0.06372664750988842,high
synthetic,synthetic,55,4,targeted,direct_edge_mpnn,0.5627742403727903,0.13502177376959926,low
synthetic,synthetic,55,4,targeted,direct_full,0.5627742403727903,0.25291031431646444,low
synthetic,synthetic,55,4,targeted,direct_sage,0.5627742403727903,0.34093750510604476,low
synthetic,synthetic,55,4,targeted,residual_edge_mpnn,0.5627742403727903,0.5197821583046032,low
synthetic,synthetic,55,4,targeted,residual_full,0.5627742403727903,0.14632888622821666,low
synthetic,synthetic,55,4,targeted,residual_sage,0.5627742403727903,0.20062334146590327,low
synthetic,synthetic,55,4,targeted,spectral,0.5627742403727903,0.35812177728388195,low
synthetic,synthetic,55,4,targeted,spectral_second_order,0.5627742403727903,0.2950386081075416,low
synthetic,synthetic,55,6,independent,direct_edge_mpnn,0.489746856422327,0.05622114445833289,low
synthetic,synthetic,55,6,independent,direct_full,0.489746856422327,0.09331892167573803,low
synthetic,synthetic,55,6,independent,direct_sage,0.489746856422327,0.07769624764410615,low
synthetic,synthetic,55,6,independent,residual_edge_mpnn,0.489746856422327,0.06842491718750672,low
synthetic,synthetic,55,6,independent,residual_full,0.489746856422327,0.06474585393464219,low
synthetic,synthetic,55,6,independent,residual_sage,0.489746856422327,0.06992529385375733,low
synthetic,synthetic,55,6,independent,spectral,0.489746856422327,0.0444695882558891,low
synthetic,synthetic,55,6,independent,spectral_second_order,0.489746856422327,0.024378951522572877,low
synthetic,synthetic,55,6,spatial_cluster,direct_edge_mpnn,0.8925546437351115,0.19850107761490104,medium
synthetic,synthetic,55,6,spatial_cluster,direct_full,0.8925546437351115,0.14484652751430105,medium
synthetic,synthetic,55,6,spatial_cluster,direct_sage,0.8925546437351115,0.22730638687803578,medium
synthetic,synthetic,55,6,spatial_cluster,residual_edge_mpnn,0.8925546437351115,0.6826969064431323,medium
synthetic,synthetic,55,6,spatial_cluster,residual_full,0.8925546437351115,0.12198774353905747,medium
synthetic,synthetic,55,6,spatial_cluster,residual_sage,0.8925546437351115,0.20775223658724853,medium
synthetic,synthetic,55,6,spatial_cluster,spectral,0.8925546437351115,0.6242332359228355,medium
synthetic,synthetic,55,6,spatial_cluster,spectral_second_order,0.8925546437351115,0.591557816447193,medium
synthetic,synthetic,55,6,targeted,direct_edge_mpnn,2.6509121205220336,0.030126236892564384,high
synthetic,synthetic,55,6,targeted,direct_full,2.6509121205220336,0.1989177419350934,high
synthetic,synthetic,55,6,targeted,direct_sage,2.6509121205220336,0.24233356232392148,high
synthetic,synthetic,55,6,targeted,residual_edge_mpnn,2.6509121205220336,0.2761407614381069,high
synthetic,synthetic,55,6,targeted,residual_full,2.6509121205220336,0.08243738431206572,high
synthetic,synthetic,55,6,targeted,residual_sage,2.6509121205220336,0.08315413234508211,high
synthetic,synthetic,55,6,targeted,spectral,2.6509121205220336,0.08874659862089615,high
synthetic,synthetic,55,6,targeted,spectral_second_order,2.6509121205220336,0.05260879974618463,high
