seed,domain,model,group,mae,rmse,r2,spearman,analysis
11,osm,deepsets,connected,0.07759862775797019,0.13652782402926883,0.1314561671258173,0.398961375111038,connectivity_group
11,osm,deepsets,disconnected,0.13346395899470037,0.30633219179827753,,0.0,connectivity_group
11,osm,direct_full,connected,0.07810368957028105,0.15417100339992013,-0.10752822215060975,0.6134828390761169,connectivity_group
11,osm,direct_full,disconnected,0.10388460013701584,0.30297420463822733,,0.0,connectivity_group
11,osm,direct_no_coordinates,connected,0.08030604260694622,0.15833154385117645,-0.16811149265007952,0.6145909959258093,connectivity_group
11,osm,direct_no_coordinates,disconnected,0.10413226210290477,0.307327897235811,,0.0,connectivity_group
11,osm,direct_no_fiedler,connected,0.07686577274458153,0.15096370210212728,-0.06192654976001499,0.6159218558846028,connectivity_group
11,osm,direct_no_fiedler,disconnected,0.09880707467200009,0.296730670122983,,0.0,connectivity_group
11,osm,residual_full,connected,0.06942561367808264,0.141124229160432,0.07199018526976952,0.7575347859981532,connectivity_group
11,osm,residual_full,disconnected,0.09750183367977625,0.2953400801392276,,0.0,connectivity_group
11,osm,residual_no_coordinates,connected,0.07194424036998447,0.14403921540422376,0.033257307485556886,0.7413894698530681,connectivity_group
11,osm,residual_no_coordinates,disconnected,0.10814791201569494,0.3135483833295742,,0.0,connectivity_group
11,osm,residual_no_fiedler,connected,0.06670835197725519,0.13968008758155082,0.09088588399095832,0.835154009479152,connectivity_group
11,osm,residual_no_fiedler,disconnected,0.10879260985583285,0.31061912139961234,,0.0,connectivity_group
11,osm,spectral,connected,0.07653609549133614,0.1512234625665299,-0.06558416880234308,0.8679967165952617,connectivity_group
11,osm,spectral,disconnected,0.9659860798174964,0.9673370691277369,,0.0,connectivity_group
11,osm,summary_mlp,connected,0.08041019283590416,0.1568451367567372,-0.14628212020865505,0.4592214494318564,connectivity_group
11,osm,summary_mlp,disconnected,0.6501615972696521,0.7302968747816845,,0.0,connectivity_group
11,synthetic,deepsets,connected,0.05667222000111529,0.10621363921915171,-0.4442499738491321,0.4090684159642925,connectivity_group
11,synthetic,deepsets,disconnected,0.2199990078806877,0.4142848215513253,,0.0,connectivity_group
11,synthetic,direct_full,connected,0.09059414526547226,0.20904811263365347,-4.5946676360393806,0.5354115585598345,connectivity_group
11,synthetic,direct_full,disconnected,0.11930581288678306,0.316495995788238,,0.0,connectivity_group
11,synthetic,direct_no_coordinates,connected,0.06746548920225076,0.13682588499532722,-1.3967256360550655,0.5280553648183159,connectivity_group
11,synthetic,direct_no_coordinates,disconnected,0.10047260352543422,0.26594066197933197,,0.0,connectivity_group
11,synthetic,direct_no_fiedler,connected,0.10014600282129826,0.2207051905923377,-5.236011160246087,0.5321004396979441,connectivity_group
11,synthetic,direct_no_fiedler,disconnected,0.11724626432572091,0.31116297100673296,,0.0,connectivity_group
11,synthetic,residual_full,connected,0.06885779221809114,0.13394295789439511,-1.2967914362526956,0.44823710400382044,connectivity_group
11,synthetic,residual_full,disconnected,0.12664244270750455,0.335330260633605,,0.0,connectivity_group
11,synthetic,residual_no_coordinates,connected,0.06062765373603238,0.16051651453815266,-2.2985360225938223,0.6755556730319221,connectivity_group
11,synthetic,residual_no_coordinates,disconnected,0.12538571442876542,0.33207287663513757,,0.0,connectivity_group
11,synthetic,residual_no_fiedler,connected,0.050959326087230965,0.11593892694261872,-0.7208394059693788,0.7123708094301338,connectivity_group
11,synthetic,residual_no_fiedler,disconnected,0.12159759338412966,0.32214203531908864,,0.0,connectivity_group
11,synthetic,spectral,connected,0.02650382518108568,0.06775535397319471,0.4122819533134312,0.9464098029859312,connectivity_group
11,synthetic,spectral,disconnected,0.8779357688656537,0.9125634535941874,,0.0,connectivity_group
11,synthetic,summary_mlp,connected,0.04274997080269732,0.08600351636158965,0.05307800135369889,0.48778550603207205,connectivity_group
11,synthetic,summary_mlp,disconnected,0.3382029490811484,0.4763619525692318,,0.0,connectivity_group
22,osm,deepsets,connected,0.09491646732178102,0.1528055836455005,0.03060043014054148,0.3458965053078205,connectivity_group
22,osm,deepsets,disconnected,0.17914435534697512,0.3557394213953779,,0.0,connectivity_group
22,osm,direct_full,connected,0.08554674929065047,0.1655639259270682,-0.13803549220646505,0.6065149556670981,connectivity_group
22,osm,direct_full,disconnected,0.09202728112754614,0.2887952436008925,,0.0,connectivity_group
22,osm,direct_no_coordinates,connected,0.08387841222931633,0.16169459388184867,-0.08546387505554387,0.6055780300243453,connectivity_group
22,osm,direct_no_coordinates,disconnected,0.09078446453423712,0.28543554410435434,,0.0,connectivity_group
22,osm,direct_no_fiedler,connected,0.0866782182348161,0.16669978901670207,-0.15370420349452285,0.6026245760072658,connectivity_group
22,osm,direct_no_fiedler,disconnected,0.10843913981933957,0.31602395669550193,,0.0,connectivity_group
22,osm,residual_full,connected,0.08454835480594805,0.15696024558808047,-0.02283060337086984,0.7407287954436916,connectivity_group
22,osm,residual_full,disconnected,0.09382221535813279,0.2933828862819126,,0.0,connectivity_group
22,osm,residual_no_coordinates,connected,0.07823847239385873,0.14881565701506327,0.0805637406277554,0.7642929106064849,connectivity_group
22,osm,residual_no_coordinates,disconnected,0.08942481634659234,0.27918549779308927,,0.0,connectivity_group
22,osm,residual_no_fiedler,connected,0.08216648602259778,0.15585287779045115,-0.00844920126751969,0.7461859242587101,connectivity_group
22,osm,residual_no_fiedler,disconnected,0.1010239420638359,0.30120076443023125,,0.0,connectivity_group
22,osm,spectral,connected,0.08604636024803174,0.16188562804538462,-0.08803023391310649,0.8438850026945487,connectivity_group
22,osm,spectral,disconnected,0.9682987112264785,0.9693644074595548,,0.0,connectivity_group
22,osm,summary_mlp,connected,0.08578155182945513,0.15049096293943195,0.059745941127922864,0.4407747825749175,connectivity_group
22,osm,summary_mlp,disconnected,0.414996064045345,0.5044505134398712,,0.0,connectivity_group
22,synthetic,deepsets,connected,0.06945315249970754,0.09639753157074074,-0.5075229379059087,0.30849563603304464,connectivity_group
22,synthetic,deepsets,disconnected,0.23619463880147254,0.44192892109781173,,0.0,connectivity_group
22,synthetic,direct_full,connected,0.05782289472159311,0.09323516772228845,-0.41023541041864364,0.4737752437012879,connectivity_group
22,synthetic,direct_full,disconnected,0.18678589165210724,0.3781396518315028,,0.0,connectivity_group
22,synthetic,direct_no_coordinates,connected,0.048167705807092565,0.0803245890648343,-0.04671663773852486,0.4655707403209042,connectivity_group
22,synthetic,direct_no_coordinates,disconnected,0.2516670844384602,0.4716686337308243,,0.0,connectivity_group
22,synthetic,direct_no_fiedler,connected,0.04841775289747028,0.07787609140660258,0.016123936182782184,0.4723329537072798,connectivity_group
22,synthetic,direct_no_fiedler,disconnected,0.17241056369883673,0.36856970692958535,,0.0,connectivity_group
22,synthetic,residual_full,connected,0.029362080252444554,0.057089336006780726,0.47126009788184386,0.7027965644928464,connectivity_group
22,synthetic,residual_full,disconnected,0.16351973158972605,0.32078469121274295,,0.0,connectivity_group
22,synthetic,residual_no_coordinates,connected,0.028976160407161264,0.05789999421814636,0.45613746417232337,0.7470740724780153,connectivity_group
22,synthetic,residual_no_coordinates,disconnected,0.15041557380131312,0.3041860606947403,,0.0,connectivity_group
22,synthetic,residual_no_fiedler,connected,0.03054741597294912,0.05406357833269559,0.5258216982206774,0.7093145661000952,connectivity_group
22,synthetic,residual_no_fiedler,disconnected,0.18735867525850022,0.35850215498328075,,0.0,connectivity_group
22,synthetic,spectral,connected,0.020512409977785768,0.054813987070427374,0.5125670445067849,0.9706532253746837,connectivity_group
22,synthetic,spectral,disconnected,0.8513066840128726,0.8658103758278789,,0.0,connectivity_group
22,synthetic,summary_mlp,connected,0.05145402262678507,0.08478010703907252,-0.1660576531648117,0.30522054535195015,connectivity_group
22,synthetic,summary_mlp,disconnected,0.2981257728700127,0.45852996136204044,,0.0,connectivity_group
33,osm,deepsets,connected,0.09614799915949093,0.1720363222996041,-0.09448142537562432,0.22952267690310887,connectivity_group
33,osm,deepsets,disconnected,0.19030766090430268,0.3467947496870422,,0.0,connectivity_group
33,osm,direct_full,connected,0.09442751542728944,0.1727134467514724,-0.1031140046790473,0.29579078352863386,connectivity_group
33,osm,direct_full,disconnected,0.1042086952593881,0.2853331674356774,,0.0,connectivity_group
33,osm,direct_no_coordinates,connected,0.08805184022323324,0.1711841281731896,-0.08366509885140005,0.5694152927078301,connectivity_group
33,osm,direct_no_coordinates,disconnected,0.14385239426958393,0.3416466507754454,,0.0,connectivity_group
33,osm,direct_no_fiedler,connected,0.08828889387342397,0.17232083686261032,-0.09810453698804533,0.5470557631438286,connectivity_group
33,osm,direct_no_fiedler,disconnected,0.09476861170773114,0.28988216350560664,,0.0,connectivity_group
33,osm,residual_full,connected,0.0746000821524055,0.1574895174467239,0.08278446808285833,0.7950672837918916,connectivity_group
33,osm,residual_full,disconnected,0.09627250703116813,0.2853249228381417,,0.0,connectivity_group
33,osm,residual_no_coordinates,connected,0.07808910738995462,0.16431178733604873,0.001597786110291377,0.8303061458034322,connectivity_group
33,osm,residual_no_coordinates,disconnected,0.15948821952846554,0.38138093665719386,,0.0,connectivity_group
33,osm,residual_no_fiedler,connected,0.0733683959000871,0.1546351023715415,0.11573126875907436,0.8389058271804479,connectivity_group
33,osm,residual_no_fiedler,disconnected,0.0805555247356529,0.26998817240267176,,0.0,connectivity_group
33,osm,spectral,connected,0.08571017779221685,0.1716249934400834,-0.08925399898995745,0.8982240813527775,connectivity_group
33,osm,spectral,disconnected,0.9675154348872221,0.9686132547348165,,0.0,connectivity_group
33,osm,summary_mlp,connected,0.09308757736559713,0.1671804230363864,-0.03356771594626484,0.37850432326523,connectivity_group
33,osm,summary_mlp,disconnected,0.47582431087413657,0.5779035873351114,,0.0,connectivity_group
33,synthetic,deepsets,connected,0.06808838968019362,0.13011490586245472,-0.08029915035855306,0.23167937076642486,connectivity_group
33,synthetic,deepsets,disconnected,0.3814745350430409,0.5326183958279376,,0.0,connectivity_group
33,synthetic,direct_full,connected,0.07663955587855026,0.1290954532960305,-0.06343714169258208,0.11052987920037058,connectivity_group
33,synthetic,direct_full,disconnected,0.20842780967553456,0.39370009387551613,,0.0,connectivity_group
33,synthetic,direct_no_coordinates,connected,0.06670034835645183,0.11204311534955312,0.19894878678640493,0.6056852008488969,connectivity_group
33,synthetic,direct_no_coordinates,disconnected,0.1578520428389311,0.3540249693731568,,0.0,connectivity_group
33,synthetic,direct_no_fiedler,connected,0.0735063920461074,0.11981904754892661,0.08390258667352624,0.5775260785071809,connectivity_group
33,synthetic,direct_no_fiedler,disconnected,0.12904732736448446,0.3313987790903017,,0.0,connectivity_group
33,synthetic,residual_full,connected,0.05333024466414073,0.11965208527087508,0.08645388627448991,0.8124103883146038,connectivity_group
33,synthetic,residual_full,disconnected,0.1164906273285548,0.2803307987883123,,0.0,connectivity_group
33,synthetic,residual_no_coordinates,connected,0.03770715393310236,0.09399368133516597,0.43624909813663315,0.816800698122269,connectivity_group
33,synthetic,residual_no_coordinates,disconnected,0.13794826418161393,0.32546139863460793,,0.0,connectivity_group
33,synthetic,residual_no_fiedler,connected,0.057047575666013164,0.10293101470162959,0.32394436188987363,0.7883813367974006,connectivity_group
33,synthetic,residual_no_fiedler,disconnected,0.09951166609923044,0.2722629553174659,,0.0,connectivity_group
33,synthetic,spectral,connected,0.038963697462504776,0.10905024211629459,0.2411722593412181,0.9635352923454694,connectivity_group
33,synthetic,spectral,disconnected,0.9044104633919136,0.9115794976379276,,0.0,connectivity_group
33,synthetic,summary_mlp,connected,0.09154986432654316,0.16548013470226086,-0.7473570731468924,0.5114539401457185,connectivity_group
33,synthetic,summary_mlp,disconnected,0.23882566044727963,0.42344529273302645,,0.0,connectivity_group
44,osm,deepsets,connected,0.07927870757737555,0.1421669677991304,-0.013810065431869356,0.30279096517347764,connectivity_group
44,osm,deepsets,disconnected,0.14869900993643362,0.3322226373510856,,0.0,connectivity_group
44,osm,direct_full,connected,0.07126372824618864,0.14490001322083879,-0.05316410236261526,0.6510981977625662,connectivity_group
44,osm,direct_full,disconnected,0.09812097210894552,0.2986512537111865,,0.0,connectivity_group
44,osm,direct_no_coordinates,connected,0.07125537667916183,0.1433430409647198,-0.030652888075435536,0.6511242115044563,connectivity_group
44,osm,direct_no_coordinates,disconnected,0.09785135118127392,0.2986044811460611,,0.0,connectivity_group
44,osm,direct_no_fiedler,connected,0.07391548121645145,0.13777662816971972,0.04783919232379896,0.661989209856862,connectivity_group
44,osm,direct_no_fiedler,disconnected,0.09843825475035006,0.2957279520637586,,0.0,connectivity_group
44,osm,residual_full,connected,0.0564898946160047,0.12719232906241867,0.18851398969301125,0.8333685883240151,connectivity_group
44,osm,residual_full,disconnected,0.0925961686772082,0.28667905969899216,,0.0,connectivity_group
44,osm,residual_no_coordinates,connected,0.057535103282648756,0.1319753596584968,0.12633506431352493,0.8417057207190449,connectivity_group
44,osm,residual_no_coordinates,disconnected,0.0953971958670177,0.29506686697487616,,0.0,connectivity_group
44,osm,residual_no_fiedler,connected,0.0584838719470397,0.13369083977422697,0.10347480309334423,0.8335561242236029,connectivity_group
44,osm,residual_no_fiedler,disconnected,0.11731816977916057,0.3027488912287309,,0.0,connectivity_group
44,osm,spectral,connected,0.07159713714896188,0.1475691241073357,-0.09232078201864802,0.876996431762274,connectivity_group
44,osm,spectral,disconnected,0.9680132165424399,0.9691995629167987,,0.0,connectivity_group
44,osm,summary_mlp,connected,0.08173511904973445,0.13609812190886533,0.07089785717812702,0.4869173410784548,connectivity_group
44,osm,summary_mlp,disconnected,0.31528693569595356,0.41724146005948676,,0.0,connectivity_group
44,synthetic,deepsets,connected,0.04242453712359694,0.07395191168332886,-0.43581649018737467,0.07345351714386708,connectivity_group
44,synthetic,deepsets,disconnected,0.3553018140990068,0.5640734252485636,,0.0,connectivity_group
44,synthetic,direct_full,connected,0.04611472627119242,0.0718537805792139,-0.35549953651343547,0.5209349094766692,connectivity_group
44,synthetic,direct_full,disconnected,0.32400633339934487,0.5259347687488636,,0.0,connectivity_group
44,synthetic,direct_no_coordinates,connected,0.049125263338734446,0.07105658973620538,-0.32558886435808754,0.5229144109292102,connectivity_group
44,synthetic,direct_no_coordinates,disconnected,0.29200271517038345,0.5009862792907568,,0.0,connectivity_group
44,synthetic,direct_no_fiedler,connected,0.06273895921794506,0.07739074307561157,-0.5724547609209065,0.5292221842817941,connectivity_group
44,synthetic,direct_no_fiedler,disconnected,0.33529910675304775,0.5369462933516121,,0.0,connectivity_group
44,synthetic,residual_full,connected,0.044609111369017844,0.060245687364868336,0.04708962796232319,0.708422132765017,connectivity_group
44,synthetic,residual_full,disconnected,0.26500967999591546,0.4513679297652744,,0.0,connectivity_group
44,synthetic,residual_no_coordinates,connected,0.035467167108571444,0.047348176835442055,0.4114184444497906,0.7146187029620402,connectivity_group
44,synthetic,residual_no_coordinates,disconnected,0.27343679493402734,0.4641728001043953,,0.0,connectivity_group
44,synthetic,residual_no_fiedler,connected,0.03194699050406143,0.047391431418278306,0.41034256443808526,0.6985190781542998,connectivity_group
44,synthetic,residual_no_fiedler,disconnected,0.29626759086899895,0.4807170998570196,,0.0,connectivity_group
44,synthetic,spectral,connected,0.013734119513509037,0.04008789586860326,0.5780833639716964,0.9679766084279668,connectivity_group
44,synthetic,spectral,disconnected,0.8580004560945191,0.88305171035829,,0.0,connectivity_group
44,synthetic,summary_mlp,connected,0.06364364320372527,0.09645495572956253,-1.4425823727712013,0.3275293681598698,connectivity_group
44,synthetic,summary_mlp,disconnected,0.3433389725054012,0.5259368599876879,,0.0,connectivity_group
55,osm,deepsets,connected,0.10163935080712602,0.1584745034281217,-0.31036394380332966,0.3147275459201741,connectivity_group
55,osm,deepsets,disconnected,0.14330788341239228,0.2914626977933831,,0.0,connectivity_group
55,osm,direct_full,connected,0.07499444625859711,0.1475710496906559,-0.13625411278620336,0.6216425206211056,connectivity_group
55,osm,direct_full,disconnected,0.2132721444265334,0.4395789496187306,,0.0,connectivity_group
55,osm,direct_no_coordinates,connected,0.07364102959269493,0.14516280841562004,-0.09947120254533504,0.621598675101931,connectivity_group
55,osm,direct_no_coordinates,disconnected,0.1829809057584602,0.40623009118007947,,0.0,connectivity_group
55,osm,direct_no_fiedler,connected,0.07158319278257354,0.14103427519970477,-0.037821054729849424,0.6216601096617118,connectivity_group
55,osm,direct_no_fiedler,disconnected,0.1338292739998836,0.34807688681773924,,0.0,connectivity_group
55,osm,residual_full,connected,0.06718970168601865,0.13685838131386122,0.02272692542317889,0.7879123473667069,connectivity_group
55,osm,residual_full,disconnected,0.17991296184159256,0.39966175170800256,,0.0,connectivity_group
55,osm,residual_no_coordinates,connected,0.06142841708239155,0.131204748790773,0.10180166973767868,0.8068318137744078,connectivity_group
55,osm,residual_no_coordinates,disconnected,0.1318083038978022,0.3321428092798659,,0.0,connectivity_group
55,osm,residual_no_fiedler,connected,0.0593815497031629,0.1286156482947222,0.13690071355048028,0.8122942557258389,connectivity_group
55,osm,residual_no_fiedler,disconnected,0.102450174117071,0.2955033082132611,,0.0,connectivity_group
55,osm,spectral,connected,0.07306847295386479,0.14505656561502478,-0.09786241369913018,0.8750389491951386,connectivity_group
55,osm,spectral,disconnected,0.9652954492797677,0.9664997678951773,,0.0,connectivity_group
55,osm,summary_mlp,connected,0.07763449331093336,0.1467056198376418,-0.12296607545210914,0.4175206993622935,connectivity_group
55,osm,summary_mlp,disconnected,0.6247828804264312,0.7216645958274345,,0.0,connectivity_group
55,synthetic,deepsets,connected,0.08036134832835,0.14332583479093597,-1.3197757227175333,-0.04676769998178113,connectivity_group
55,synthetic,deepsets,disconnected,0.20086389935264984,0.34733601942297176,,0.0,connectivity_group
55,synthetic,direct_full,connected,0.04767450479449137,0.0925808018734344,0.03208122249458578,0.4445190664078707,connectivity_group
55,synthetic,direct_full,disconnected,0.161010486073792,0.3596767555468307,,0.0,connectivity_group
55,synthetic,direct_no_coordinates,connected,0.05221899224399381,0.09632978863993029,-0.0478961721019342,0.44250784572552,connectivity_group
55,synthetic,direct_no_coordinates,disconnected,0.17594524457429847,0.3914316281017813,,0.0,connectivity_group
55,synthetic,direct_no_fiedler,connected,0.0603309084808485,0.1018158369965938,-0.17065172862906142,0.44250784572552,connectivity_group
55,synthetic,direct_no_fiedler,disconnected,0.12144644216944774,0.3228712541112854,,0.0,connectivity_group
55,synthetic,residual_full,connected,0.030256799173327558,0.05815984108040109,0.6180175046751852,0.6819412483413053,connectivity_group
55,synthetic,residual_full,disconnected,0.1830142643302679,0.366896424550555,,0.0,connectivity_group
55,synthetic,residual_no_coordinates,connected,0.038534560025125134,0.061303287651409,0.5756105577288753,0.6751537955409065,connectivity_group
55,synthetic,residual_no_coordinates,disconnected,0.14561330061405897,0.33107669388371247,,0.0,connectivity_group
55,synthetic,residual_no_fiedler,connected,0.04625323525706098,0.07245246483287357,0.40720658776370167,0.6515639061881979,connectivity_group
55,synthetic,residual_no_fiedler,disconnected,0.1724109910428524,0.36136501780972835,,0.0,connectivity_group
55,synthetic,spectral,connected,0.01974963205092383,0.05873210264748521,0.6104635182637788,0.9716190614547227,connectivity_group
55,synthetic,spectral,disconnected,0.9035297046097864,0.9214700497503934,,0.0,connectivity_group
55,synthetic,summary_mlp,connected,0.0815209927075595,0.1701736619291427,-2.2702558259007084,0.2260586367702692,connectivity_group
55,synthetic,summary_mlp,disconnected,0.20511677907779813,0.393847466635943,,0.0,connectivity_group
11,osm,deepsets,1,0.11821222268151572,0.2719939830122341,0.5664114469165358,0.5596326824695913,failure_count_group
11,osm,deepsets,2-3,0.1095441665975767,0.24201408590714546,0.7194191083895625,0.7189100327171529,failure_count_group
11,osm,deepsets,4-5,0.11161331763526873,0.24831540438341138,0.6833985370664246,0.775874900541262,failure_count_group
11,osm,deepsets,6+,0.10031792023550351,0.2309326408815658,0.6394096162612195,0.7109557243158168,failure_count_group
11,osm,direct_full,1,0.11430586648188484,0.2919705944646257,0.5003827290876285,0.7166611718072815,failure_count_group
11,osm,direct_full,2-3,0.11166283719764772,0.2749400186621806,0.637879827312647,0.7940691547678673,failure_count_group
11,osm,direct_full,4-5,0.08726251299553699,0.2393122028556376,0.7059404542565131,0.878104886570675,failure_count_group
11,osm,direct_full,6+,0.07302521717473061,0.20828199372865813,0.7066764388319495,0.8370408311555321,failure_count_group
11,osm,direct_no_coordinates,1,0.1137370333473999,0.29569167497749266,0.48756662312533805,0.7222061579779049,failure_count_group
11,osm,direct_no_coordinates,2-3,0.11266881315634523,0.27580077816630666,0.6356088861701468,0.8130446326487072,failure_count_group
11,osm,direct_no_coordinates,4-5,0.09178031776745063,0.25032007804238215,0.6782659957245882,0.8953742137126386,failure_count_group
11,osm,direct_no_coordinates,6+,0.07231295054201113,0.2095541783483855,0.7030822600869444,0.890550530585662,failure_count_group
11,osm,direct_no_fiedler,1,0.11592652847341234,0.29178376748281615,0.5010219175852675,0.7222061579779049,failure_count_group
11,osm,direct_no_fiedler,2-3,0.11058550087380123,0.271753336808586,0.6462254607608146,0.7992924059541243,failure_count_group
11,osm,direct_no_fiedler,4-5,0.08376113818131557,0.23440758710105733,0.7178702253341915,0.8919426164139234,failure_count_group
11,osm,direct_no_fiedler,6+,0.0662104480648093,0.1981835012079998,0.7344303202758355,0.8899220592094751,failure_count_group
11,osm,residual_full,1,0.1064864625305635,0.2869460048220357,0.5174308224713603,0.7603804376496753,failure_count_group
11,osm,residual_full,2-3,0.11021349044009826,0.26948246034414797,0.6521133119553837,0.8749112989397901,failure_count_group
11,osm,residual_full,4-5,0.08086973566196176,0.22653271709725933,0.7365079834258641,0.9066251562518589,failure_count_group
11,osm,residual_full,6+,0.06061095336264261,0.19750154611852788,0.7362548414606179,0.8990536421732455,failure_count_group
11,osm,residual_no_coordinates,1,0.10867323374273424,0.29188839148229584,0.5006640193883076,0.7207532196953257,failure_count_group
11,osm,residual_no_coordinates,2-3,0.11286301262995342,0.2750580201883639,0.6375689238432284,0.8643600023839693,failure_count_group
11,osm,residual_no_coordinates,4-5,0.08745893245986001,0.24018169137470904,0.7037997704376666,0.9060103228086159,failure_count_group
11,osm,residual_no_coordinates,6+,0.07287843747503438,0.22219801568243638,0.6661711633363746,0.877524250658037,failure_count_group
11,osm,residual_no_fiedler,1,0.1053683963505342,0.28915233909137533,0.5099813220001155,0.847580269414538,failure_count_group
11,osm,residual_no_fiedler,2-3,0.10721543022933167,0.2706170276660937,0.6491778203718157,0.9015794626015845,failure_count_group
11,osm,residual_no_fiedler,4-5,0.08397350041998512,0.23450510966548335,0.7176354228441242,0.9063255092205368,failure_count_group
11,osm,residual_no_fiedler,6+,0.07512721414271634,0.22210498929485142,0.6664506292880694,0.8553671232576232,failure_count_group
11,osm,spectral,1,0.25154680950615743,0.48038296284896354,-0.3524910734315705,0.38704099288383886,failure_count_group
11,osm,spectral,2-3,0.41820767717055785,0.615977382410084,-0.8176335697522885,0.28064494148722474,failure_count_group
11,osm,spectral,4-5,0.634293282459447,0.7683608131373957,-2.0313494773155885,0.19622871872003547,failure_count_group
11,osm,spectral,6+,0.7344563496944747,0.8285035192835285,-3.6412206053583382,-0.0027185161040772813,failure_count_group
11,osm,summary_mlp,1,0.19427931305007165,0.384544266853225,0.13333372634372986,0.6997660184711105,failure_count_group
11,osm,summary_mlp,2-3,0.2678460892194334,0.44446332803282107,0.053656789058355914,0.7492365592514264,failure_count_group
11,osm,summary_mlp,4-5,0.41352081337442465,0.5717220248829673,-0.6783225874678989,0.7863106988948371,failure_count_group
11,osm,summary_mlp,6+,0.5427210672574536,0.6488612210272617,-1.8467356201427907,0.717331166377374,failure_count_group
11,synthetic,deepsets,1,0.019812505388489415,0.03423442229592368,-5.593034659539843,-0.0990695128626163,failure_count_group
11,synthetic,deepsets,2-3,0.03312022193826743,0.05323544487097483,-5.781607189039905,0.29501585402860125,failure_count_group
11,synthetic,deepsets,4-5,0.05867384196675859,0.09208664590260819,0.8518730600662966,0.42326268268500095,failure_count_group
11,synthetic,deepsets,6+,0.10501033422393902,0.21177369356865766,0.542736066731668,0.5415360791520238,failure_count_group
11,synthetic,direct_full,1,0.018913086998266455,0.020195592766558804,-1.2944181066446552,0.27539010065526726,failure_count_group
11,synthetic,direct_full,2-3,0.041290339762231947,0.12302657557460885,-35.21835544032617,0.3066425085478827,failure_count_group
11,synthetic,direct_full,4-5,0.09127952513393853,0.19931617257996254,0.3060537722727469,0.4313490232271958,failure_count_group
11,synthetic,direct_full,6+,0.1461542028496854,0.2914618043383176,0.1338637337065529,0.5023119786402731,failure_count_group
11,synthetic,direct_no_coordinates,1,0.013777583234401298,0.01604826216575482,-0.44882313591097334,0.27539010065526726,failure_count_group
11,synthetic,direct_no_coordinates,2-3,0.03504123844438759,0.08210883660887404,-15.132833534567265,0.2947193079867909,failure_count_group
11,synthetic,direct_no_coordinates,4-5,0.06887616275300959,0.13686857933083565,0.6727736559437283,0.3924011690509152,failure_count_group
11,synthetic,direct_no_coordinates,6+,0.10742941232219046,0.19814044670912112,0.5997151061875445,0.5179908378898817,failure_count_group
11,synthetic,direct_no_fiedler,1,0.02320397761210335,0.024272328540292817,-2.314226881468852,0.27539010065526726,failure_count_group
11,synthetic,direct_no_fiedler,2-3,0.05309511770459041,0.13815049184058467,-44.670495767233334,0.29495309623308685,failure_count_group
11,synthetic,direct_no_fiedler,4-5,0.08735802778010969,0.18145832257198205,0.42483225227169963,0.42888786340562984,failure_count_group
11,synthetic,direct_no_fiedler,6+,0.16237216220228848,0.3130803311848647,0.0006111626068651121,0.49428512430371707,failure_count_group
11,synthetic,residual_full,1,0.013546312987665935,0.024309605428343428,-2.3244145264083524,0.1604726108119967,failure_count_group
11,synthetic,residual_full,2-3,0.029676519152219062,0.052244774302186596,-5.531554724289839,0.18371446936916044,failure_count_group
11,synthetic,residual_full,4-5,0.06851036239597036,0.11699324707491761,0.7609094941506952,0.3671742808798646,failure_count_group
11,synthetic,residual_full,6+,0.11822150343780853,0.2214163157871583,0.5001471582777404,0.4578860611226443,failure_count_group
11,synthetic,residual_no_coordinates,1,0.005071502799846987,0.01020442994829093,0.41421688514058763,0.22930204969045,failure_count_group
11,synthetic,residual_no_coordinates,2-3,0.02369766223547646,0.12208341473513908,-34.665161227285076,0.5440043163204644,failure_count_group
11,synthetic,residual_no_coordinates,4-5,0.05603533727772579,0.1279476863284076,0.7140397846997341,0.6738762588519669,failure_count_group
11,synthetic,residual_no_coordinates,6+,0.1122845898310433,0.24137893021807338,0.4059518584325321,0.6871374135909417,failure_count_group
11,synthetic,residual_no_fiedler,1,0.003002147737412555,0.005347632733086242,0.8391272456313665,0.5242238024519449,failure_count_group
11,synthetic,residual_no_fiedler,2-3,0.008351355617319046,0.014247054818819903,0.5142855254256293,0.7185609504632268,failure_count_group
11,synthetic,residual_no_fiedler,4-5,0.0608080396705338,0.1425390346187415,0.6450980646527745,0.6860790647592677,failure_count_group
11,synthetic,residual_no_fiedler,6+,0.09595281667507032,0.18636487262341433,0.6458795243917093,0.6866469014662081,failure_count_group
11,synthetic,spectral,1,0.0019642071503143694,0.004826360213843936,0.86896152925231,0.9896004378762999,failure_count_group
11,synthetic,spectral,2-3,0.004569858963188373,0.00991492929416463,0.7647605809628162,0.9684385867500509,failure_count_group
11,synthetic,spectral,4-5,0.09081829118065146,0.2408450066732679,-0.013248652554067153,0.7898914094994381,failure_count_group
11,synthetic,spectral,6+,0.13356720934241914,0.3133101408370891,-0.0008565341473361077,0.7075817408999333,failure_count_group
11,synthetic,summary_mlp,1,0.011188385190063977,0.020462151183383907,-1.3553851351786443,0.2803175577246457,failure_count_group
11,synthetic,summary_mlp,2-3,0.019973367286312778,0.036431547316305775,-2.1760409188037375,0.12510593529910283,failure_count_group
11,synthetic,summary_mlp,4-5,0.06251101074646531,0.11832129920212442,0.755450600447219,0.4287999515914113,failure_count_group
11,synthetic,summary_mlp,6+,0.0976736064214362,0.20381867347320964,0.5764439723145891,0.529600627889962,failure_count_group
22,osm,deepsets,1,0.10576743658156916,0.2592594340826502,0.593168883028899,0.45147561984231904,failure_count_group
22,osm,deepsets,2-3,0.14181163067133135,0.2835103902900389,0.6060587764692555,0.6791341551457764,failure_count_group
22,osm,deepsets,4-5,0.13733796741118742,0.2717575907778032,0.6002664800255314,0.7613246300459898,failure_count_group
22,osm,deepsets,6+,0.1572480502938885,0.3003141160353972,0.3099722441427508,0.7036030085128889,failure_count_group
22,osm,direct_full,1,0.09506563012295959,0.26655389264105805,0.5699538302140713,0.679090066045639,failure_count_group
22,osm,direct_full,2-3,0.12506225021464096,0.2893723263871912,0.589599896816895,0.8116765745369595,failure_count_group
22,osm,direct_full,4-5,0.07828139872686368,0.2263982128762837,0.7225701486768159,0.8333337549501572,failure_count_group
22,osm,direct_full,6+,0.06481533995856444,0.1937737872765757,0.7127201782395378,0.8136886394569848,failure_count_group
22,osm,direct_no_coordinates,1,0.09428884534411107,0.26693568846786614,0.5687210031923294,0.6547004098293772,failure_count_group
22,osm,direct_no_coordinates,2-3,0.12238359508589114,0.2836473309904862,0.6056781229374821,0.7822719233779019,failure_count_group
22,osm,direct_no_coordinates,4-5,0.07832146651267864,0.22404230150870144,0.7283140053438351,0.8742710758563572,failure_count_group
22,osm,direct_no_coordinates,6+,0.0630325136860615,0.19028279388765704,0.7229780981856249,0.8852130458758668,failure_count_group
22,osm,direct_no_fiedler,1,0.09623166271756906,0.26591189109311647,0.5720228888861458,0.6407537226163382,failure_count_group
22,osm,direct_no_fiedler,2-3,0.12802747537373904,0.2965321572637087,0.5690398994314598,0.8099501329290782,failure_count_group
22,osm,direct_no_fiedler,4-5,0.07947455365343363,0.23062984372043058,0.7121022903459833,0.8252119324931254,failure_count_group
22,osm,direct_no_fiedler,6+,0.08979422265577935,0.2459661697485529,0.5371227629077081,0.7995106963809243,failure_count_group
22,osm,residual_full,1,0.09329474475279413,0.2695106069736502,0.560360454806378,0.6315311119647767,failure_count_group
22,osm,residual_full,2-3,0.12636580354714697,0.28779263235677616,0.5940684445632773,0.8728441047109986,failure_count_group
22,osm,residual_full,4-5,0.07936517857810133,0.22536859699834916,0.7250878067815375,0.8908857218382196,failure_count_group
22,osm,residual_full,6+,0.0651132807547799,0.19704481247405667,0.7029393826740608,0.8894617103882347,failure_count_group
22,osm,residual_no_coordinates,1,0.08966739665300957,0.2645666698502544,0.5763421213552473,0.7725463143406536,failure_count_group
22,osm,residual_no_coordinates,2-3,0.12089811480424124,0.2784266599212954,0.6200599244404622,0.8654245382836178,failure_count_group
22,osm,residual_no_coordinates,4-5,0.07146190892076153,0.20818930502536298,0.7654021480072647,0.8941681295555903,failure_count_group
22,osm,residual_no_coordinates,6+,0.06157334196072568,0.18267448932127944,0.7446882094669579,0.8760304881944136,failure_count_group
22,osm,residual_no_fiedler,1,0.09268752399216991,0.26883981645509253,0.5625461872563167,0.7010581595608919,failure_count_group
22,osm,residual_no_fiedler,2-3,0.12589612551528007,0.2897158826080905,0.5886248263361422,0.8758975966917382,failure_count_group
22,osm,residual_no_fiedler,4-5,0.07871787156434583,0.22628605426597373,0.7228449603783209,0.8890435120803313,failure_count_group
22,osm,residual_no_fiedler,6+,0.07504097663869982,0.2120282758698332,0.6560442047112237,0.8610485335784251,failure_count_group
22,osm,spectral,1,0.2391880820331206,0.47059675389735894,-0.3404261135153994,0.37246991692589354,failure_count_group
22,osm,spectral,2-3,0.41051959965436546,0.6064336665107442,-0.8024369279058992,0.2608908144332499,failure_count_group
22,osm,spectral,4-5,0.657958118639013,0.7823411402505847,-2.312832955864529,0.14657769014682498,failure_count_group
22,osm,spectral,6+,0.7655607867159566,0.8465713877236799,-4.483302934546499,-0.019994546497755717,failure_count_group
22,osm,summary_mlp,1,0.15209315071309307,0.3190242451906436,0.38398341438753747,0.5961328111272347,failure_count_group
22,osm,summary_mlp,2-3,0.22476508552692379,0.366036325179224,0.34333806371223174,0.7464743020665306,failure_count_group
22,osm,summary_mlp,4-5,0.2890665181183273,0.40540342701726667,0.11042610116265417,0.7762846118364668,failure_count_group
22,osm,summary_mlp,6+,0.32876396645332956,0.41423395743373836,-0.31282386664863093,0.7101874117790916,failure_count_group
22,synthetic,deepsets,1,0.06058364273704921,0.09482355067161737,-0.11995425087730038,0.188168449197861,failure_count_group
22,synthetic,deepsets,2-3,0.07168745056694026,0.12660310187245086,0.6566941653052132,0.38079359845399174,failure_count_group
22,synthetic,deepsets,4-5,0.07524664771736579,0.12832183774051703,0.5132986801419221,0.06749378274266579,failure_count_group
22,synthetic,deepsets,6+,0.09411300345716707,0.17247047878009283,0.6687985873392868,0.4307910377952828,failure_count_group
22,synthetic,direct_full,1,0.03517252903352025,0.08897485006295686,0.013942171905788281,0.3755954986427349,failure_count_group
22,synthetic,direct_full,2-3,0.046473538988483644,0.13260562043730523,0.6233687465613756,0.3063841614332151,failure_count_group
22,synthetic,direct_full,4-5,0.054980272498625186,0.10305255277499126,0.6861089798677873,0.3144337774870342,failure_count_group
22,synthetic,direct_full,6+,0.09695464991812468,0.15210916809538094,0.7423836487503614,0.5660437827132406,failure_count_group
22,synthetic,direct_no_coordinates,1,0.03279655853974676,0.08937051175345888,0.005152884275566927,0.3755954986427349,failure_count_group
22,synthetic,direct_no_coordinates,2-3,0.03965536129243728,0.12894941624487524,0.6438513907932051,0.3018825983865817,failure_count_group
22,synthetic,direct_no_coordinates,4-5,0.05252994306077328,0.12761639008147235,0.5186352394183537,0.2901204551733938,failure_count_group
22,synthetic,direct_no_coordinates,6+,0.08960731036249521,0.16380362289014538,0.7012488068558856,0.5576897006224435,failure_count_group
22,synthetic,direct_no_fiedler,1,0.037927581158305274,0.08881711367102142,0.017435278872573012,0.3255347593582888,failure_count_group
22,synthetic,direct_no_fiedler,2-3,0.04390018103459459,0.1287949177154773,0.6447043062181688,0.3218895452605083,failure_count_group
22,synthetic,direct_no_fiedler,4-5,0.04337356693734493,0.06893064781859094,0.8595615256765635,0.3173235895105983,failure_count_group
22,synthetic,direct_no_fiedler,6+,0.07894396540312129,0.14108512229874212,0.7783717687534295,0.5686339129684661,failure_count_group
22,synthetic,residual_full,1,0.013394941538544073,0.03604430726872442,0.8381766370972475,0.5670309199427515,failure_count_group
22,synthetic,residual_full,2-3,0.025878431237667417,0.09949937089722691,0.7879524975592967,0.6446193833079528,failure_count_group
22,synthetic,residual_full,4-5,0.026950732323787252,0.06462109148700924,0.8765730602819914,0.698575876179552,failure_count_group
22,synthetic,residual_full,6+,0.06107268384884367,0.12175833209982254,0.8349330893712072,0.8032559924910996,failure_count_group
22,synthetic,residual_no_coordinates,1,0.011542410037423834,0.03201132205068442,0.8723634440896012,0.6239965206265261,failure_count_group
22,synthetic,residual_no_coordinates,2-3,0.02540960134523534,0.09921801203135211,0.7891500346005819,0.6832470005883419,failure_count_group
22,synthetic,residual_no_coordinates,4-5,0.028773250412744998,0.06816811734029327,0.8626514805213642,0.7374958319439812,failure_count_group
22,synthetic,residual_no_coordinates,6+,0.05773057067267843,0.1149597859516542,0.8528519417598536,0.8328271990014502,failure_count_group
22,synthetic,residual_no_fiedler,1,0.01267456719592551,0.03435466996798202,0.8529925253526995,0.5670309199427515,failure_count_group
22,synthetic,residual_no_fiedler,2-3,0.023688960308532396,0.09783106933351644,0.7950036667165589,0.6423175706723081,failure_count_group
22,synthetic,residual_no_fiedler,4-5,0.031277644166046614,0.0753847512594781,0.8320312868493088,0.7029198238285922,failure_count_group
22,synthetic,residual_no_fiedler,6+,0.06678713192603705,0.131556862571589,0.8072964754815818,0.7953615120702329,failure_count_group
22,synthetic,spectral,1,0.008464786092174485,0.02922868602183679,0.8935890207860695,0.9939839572192513,failure_count_group
22,synthetic,spectral,2-3,0.05395130800033754,0.20597681514067886,0.09128191926164919,0.9687673683960865,failure_count_group
22,synthetic,spectral,4-5,0.03817627306014328,0.14296193500931914,0.395909204854069,0.9729774790107805,failure_count_group
22,synthetic,spectral,6+,0.12352994743091025,0.2911284783676145,0.0563041971672974,0.8199955637827411,failure_count_group
22,synthetic,summary_mlp,1,0.03440406465146482,0.08930600334386055,0.006588544485448988,0.22196222940822485,failure_count_group
22,synthetic,summary_mlp,2-3,0.05014250755551339,0.11849944945882165,0.6992364812478697,0.28804045837522463,failure_count_group
22,synthetic,summary_mlp,4-5,0.06198656418710608,0.12435668816605201,0.5429121496217499,-0.03578921044567868,failure_count_group
22,synthetic,summary_mlp,6+,0.09125622408940341,0.1706752282632339,0.6756576737315239,0.28692960755983987,failure_count_group
33,osm,deepsets,1,0.1290299223627979,0.3014668391776733,0.3139655834089503,0.13173826388631277,failure_count_group
33,osm,deepsets,2-3,0.14420602278021752,0.3038220719201905,0.5810283928308857,0.6462492589279552,failure_count_group
33,osm,deepsets,4-5,0.13190958232633854,0.24670709149181436,0.6409734960098374,0.7521158533543495,failure_count_group
33,osm,deepsets,6+,0.17784209052020006,0.2941591765566679,0.3519644646083492,0.7144030383114487,failure_count_group
33,osm,direct_full,1,0.13470448538337823,0.2903025500929157,0.3638368477525715,0.4822672132002176,failure_count_group
33,osm,direct_full,2-3,0.13023116612458416,0.30262362641490165,0.5843271941635688,0.6783069020110208,failure_count_group
33,osm,direct_full,4-5,0.0720702978074584,0.19581821805529362,0.7738120669414623,0.7716747771189147,failure_count_group
33,osm,direct_full,6+,0.08643481681742932,0.206165288583356,0.6816791311194623,0.7190096515247155,failure_count_group
33,osm,direct_no_coordinates,1,0.12550983464458332,0.2942056968903164,0.3466152937724907,0.6019483040403691,failure_count_group
33,osm,direct_no_coordinates,2-3,0.12523947700030766,0.30053844288310755,0.5900357237907677,0.7629943904845925,failure_count_group
33,osm,direct_no_coordinates,4-5,0.09428399924975038,0.23488946736761063,0.6745454632957051,0.779674425275041,failure_count_group
33,osm,direct_no_coordinates,6+,0.13496459045099968,0.29675340537840994,0.34048383948185235,0.7044116413751523,failure_count_group
33,osm,direct_no_fiedler,1,0.12405649554317556,0.29292494202423824,0.3522916228821271,0.578736607868951,failure_count_group
33,osm,direct_no_fiedler,2-3,0.12309907783478466,0.29741510788064895,0.5985125244026372,0.7721533307431373,failure_count_group
33,osm,direct_no_fiedler,4-5,0.059151182549576686,0.18142700810907733,0.8058367105454421,0.8088026527918801,failure_count_group
33,osm,direct_no_fiedler,6+,0.08285401232915277,0.2301080805645752,0.6034501786028018,0.7458029458997647,failure_count_group
33,osm,residual_full,1,0.11376924526326322,0.2905333138065602,0.36282506388081526,0.8170473710574563,failure_count_group
33,osm,residual_full,2-3,0.11749974378450691,0.2970592405570239,0.5994727365200343,0.8898782445473861,failure_count_group
33,osm,residual_full,4-5,0.05938356871105975,0.17995161665520382,0.8089817997503139,0.9079724825686609,failure_count_group
33,osm,residual_full,6+,0.07616032321851682,0.20838847768026397,0.67477687154225,0.8583894564755171,failure_count_group
33,osm,residual_no_coordinates,1,0.11632355214961425,0.2961429733930696,0.3379821890507483,0.7668821923755724,failure_count_group
33,osm,residual_no_coordinates,2-3,0.12289803675288916,0.30687402211674336,0.5725688180251574,0.8932993543012082,failure_count_group
33,osm,residual_no_coordinates,4-5,0.10682923038181645,0.279869983622246,0.5379639223335881,0.8795954880637468,failure_count_group
33,osm,residual_no_coordinates,6+,0.14405786121816533,0.3341007775197436,0.1640332737304513,0.751830679991326,failure_count_group
33,osm,residual_no_fiedler,1,0.11444669386647081,0.2862251236727953,0.3815817291100072,0.8782233728665302,failure_count_group
33,osm,residual_no_fiedler,2-3,0.11613526824880228,0.29331145964529365,0.6095153082176388,0.9060417275773719,failure_count_group
33,osm,residual_no_fiedler,4-5,0.053375852279363055,0.1757820012895773,0.817731318122155,0.9475835420350625,failure_count_group
33,osm,residual_no_fiedler,6+,0.05352082430095964,0.17797541038168727,0.7627785123655513,0.9203059839926062,failure_count_group
33,osm,spectral,1,0.1956027289219133,0.4103172504237621,-0.2708853117829866,0.5652025995661343,failure_count_group
33,osm,spectral,2-3,0.45765754127334335,0.6508432204501963,-0.9226433105882266,0.33753525778660753,failure_count_group
33,osm,spectral,4-5,0.6985526977496507,0.808161161191057,-2.8526467826055915,0.15309905460502418,failure_count_group
33,osm,spectral,6+,0.7608743547786312,0.8445184563688418,-4.341365653645493,-0.061476152020040566,failure_count_group
33,osm,summary_mlp,1,0.1491147443255533,0.3208996571940463,0.22267020401037008,0.5730578138861268,failure_count_group
33,osm,summary_mlp,2-3,0.2448470778297763,0.3969862090854139,0.2846858919435963,0.7275150070517624,failure_count_group
33,osm,summary_mlp,4-5,0.31092982765565597,0.4461894078319881,-0.1743613679585616,0.7656919422615996,failure_count_group
33,osm,summary_mlp,6+,0.4295853261170367,0.5300364274398415,-1.1039986420671726,0.7207409089109871,failure_count_group
33,synthetic,deepsets,1,0.024013412029092258,0.029890803455235582,-10.715414840048833,0.07081807081807082,failure_count_group
33,synthetic,deepsets,2-3,0.05608909314490776,0.1462169758419183,0.5506290230352988,0.21403939483635337,failure_count_group
33,synthetic,deepsets,4-5,0.12291222678034897,0.23984294779217186,0.44612934736660703,0.457006409356582,failure_count_group
33,synthetic,deepsets,6+,0.15692051653776679,0.2835471378181934,0.501771644125001,0.5882380154461072,failure_count_group
33,synthetic,direct_full,1,0.054997043410718656,0.056271550125623834,-40.52027789163005,0.09218559218559218,failure_count_group
33,synthetic,direct_full,2-3,0.06356172347156737,0.13364582796445643,0.6245775523235735,0.11233853546572127,failure_count_group
33,synthetic,direct_full,4-5,0.11911533393655321,0.24276882960756827,0.4325334103659141,0.31525230452723113,failure_count_group
33,synthetic,direct_full,6+,0.10445244990822607,0.1853214959168034,0.7871716393286898,0.5571784290755194,failure_count_group
33,synthetic,direct_no_coordinates,1,0.02644126023762019,0.02760015301720609,-8.98861958359901,0.08519084366602625,failure_count_group
33,synthetic,direct_no_coordinates,2-3,0.0484318070701433,0.12827637134150688,0.6541380725058317,0.5735577775885133,failure_count_group
33,synthetic,direct_no_coordinates,4-5,0.10646213489686417,0.2253345877391156,0.5111111128057899,0.5387438498230315,failure_count_group
33,synthetic,direct_no_coordinates,6+,0.0918915994486682,0.14842743084602544,0.8634768670409498,0.7558579471378688,failure_count_group
33,synthetic,direct_no_fiedler,1,0.02752108309358725,0.029166730746266384,-10.154702669727904,-0.09769500953388734,failure_count_group
33,synthetic,direct_no_fiedler,2-3,0.053685947193807045,0.12972099304472826,0.6463041579633957,0.5010301750996662,failure_count_group
33,synthetic,direct_no_fiedler,4-5,0.11604808319009935,0.22863057537173928,0.4967044779798573,0.4866139065398201,failure_count_group
33,synthetic,direct_no_fiedler,6+,0.08659352618272219,0.13950644802564602,0.8793946792344836,0.7794199477433928,failure_count_group
33,synthetic,residual_full,1,0.010713341717424432,0.011410005959910338,-0.7070814229251527,0.6709401709401709,failure_count_group
33,synthetic,residual_full,2-3,0.043201502663852386,0.14385336767470344,0.5650398278622613,0.8557609418612006,failure_count_group
33,synthetic,residual_full,4-5,0.08927965364146137,0.19022320709875723,0.6515973523791965,0.8094239522729036,failure_count_group
33,synthetic,residual_full,6+,0.06674220905816844,0.13830012432945887,0.8814714295277558,0.8929380888334043,failure_count_group
33,synthetic,residual_no_coordinates,1,0.002526384656091451,0.0040428017522857775,0.7856875583493607,0.685670730149218,failure_count_group
33,synthetic,residual_no_coordinates,2-3,0.02462908744340305,0.1171395180921809,0.7115860309749589,0.8894409215593728,failure_count_group
33,synthetic,residual_no_coordinates,4-5,0.07335766600907168,0.18684621842629837,0.6638577730301422,0.8584438308006168,failure_count_group
33,synthetic,residual_no_coordinates,6+,0.06429267959392437,0.14553836525133282,0.8687398517669078,0.9000564650640825,failure_count_group
33,synthetic,residual_no_fiedler,1,0.017944253500746573,0.01819143968433108,-3.339269615170106,0.7924297924297924,failure_count_group
33,synthetic,residual_no_fiedler,2-3,0.03831088392858905,0.1135381112676468,0.7290477537048661,0.8606707102592842,failure_count_group
33,synthetic,residual_no_fiedler,4-5,0.09162809101248522,0.18614593088481682,0.6663727298839649,0.8237221754671873,failure_count_group
33,synthetic,residual_no_fiedler,6+,0.06912544649593809,0.1221679338320582,0.9075105145440243,0.8765859335457667,failure_count_group
33,synthetic,spectral,1,0.0014499119300596512,0.0030123393238081263,0.8810155311825947,0.9902319902319903,failure_count_group
33,synthetic,spectral,2-3,0.05503163815949041,0.20000908720991972,0.15916867904379672,0.9661581640210053,failure_count_group
33,synthetic,spectral,4-5,0.14323894123189232,0.32642816964251736,-0.025958295702871892,0.7908534346507067,failure_count_group
33,synthetic,spectral,6+,0.2619279786801119,0.45783252380823736,-0.2989462718317777,0.630051347130577,failure_count_group
33,synthetic,summary_mlp,1,0.02594040702969202,0.03255126177885526,-12.893707421346726,0.2198137714512465,failure_count_group
33,synthetic,summary_mlp,2-3,0.05679681090132568,0.12664378037619659,0.6628857141250664,0.3759424870528195,failure_count_group
33,synthetic,summary_mlp,4-5,0.13173934698108328,0.24311864878890155,0.4308968434250662,0.5625690943882219,failure_count_group
33,synthetic,summary_mlp,6+,0.1561557642897229,0.26764833097500224,0.5560776768884047,0.6375463817432827,failure_count_group
44,osm,deepsets,1,0.10001646569384372,0.2513694610406953,0.6034606592695961,0.421191238185684,failure_count_group
44,osm,deepsets,2-3,0.12160814724180075,0.2865259362757777,0.6346712839250761,0.745598472754013,failure_count_group
44,osm,deepsets,4-5,0.1274860081517051,0.26897663788222365,0.6099464709500344,0.7572008401549144,failure_count_group
44,osm,deepsets,6+,0.11802782774145164,0.2581742474056102,0.5063438707934346,0.6916617844569302,failure_count_group
44,osm,direct_full,1,0.09052869266525516,0.25370857364631566,0.5960463471665003,0.6403875541056013,failure_count_group
44,osm,direct_full,2-3,0.1173207691412524,0.30184530691297007,0.5945616875363595,0.818162156662904,failure_count_group
44,osm,direct_full,4-5,0.08870018422096779,0.23783785877513014,0.6950300400561089,0.8017787875154728,failure_count_group
44,osm,direct_full,6+,0.05874849998557042,0.1899660604173848,0.7327296842668937,0.7049307394528973,failure_count_group
44,osm,direct_no_coordinates,1,0.09239592343973113,0.2521261509661431,0.6010696850462538,0.6413958484873608,failure_count_group
44,osm,direct_no_coordinates,2-3,0.11717973635154968,0.30040373870576886,0.5984250659243637,0.8374287753742773,failure_count_group
44,osm,direct_no_coordinates,4-5,0.0878911176502866,0.23897523934566844,0.6921062305606769,0.837338933486453,failure_count_group
44,osm,direct_no_coordinates,6+,0.05819489246008144,0.18979974616770057,0.7331974668137631,0.7711445475830663,failure_count_group
44,osm,direct_no_fiedler,1,0.10237171166104657,0.24722122859010084,0.6164404742326932,0.6326701075205752,failure_count_group
44,osm,direct_no_fiedler,2-3,0.1177591269700321,0.2938139065280782,0.6158501879667637,0.8246332850728293,failure_count_group
44,osm,direct_no_fiedler,4-5,0.08815581233986149,0.24115990593064948,0.6864510854535272,0.8003066421962393,failure_count_group
44,osm,direct_no_fiedler,6+,0.05745559304369768,0.18494710646039755,0.7466658274185706,0.7104048579993428,failure_count_group
44,osm,residual_full,1,0.08338667007088024,0.24688105656647977,0.617495290231475,0.839507504440007,failure_count_group
44,osm,residual_full,2-3,0.10682082852487232,0.2860154584397639,0.6359718718336205,0.9101885554423517,failure_count_group
44,osm,residual_full,4-5,0.07959139155279894,0.2275138497314813,0.7209315319200267,0.9140209075294007,failure_count_group
44,osm,residual_full,6+,0.0485881809092384,0.17388980272307486,0.7760521364212795,0.9233696368554477,failure_count_group
44,osm,residual_no_coordinates,1,0.08251083444246406,0.25072534831093995,0.6054902518485012,0.8565335921455016,failure_count_group
44,osm,residual_no_coordinates,2-3,0.11032152275171044,0.29606321067955815,0.6099459253834618,0.912632755841103,failure_count_group
44,osm,residual_no_coordinates,4-5,0.082431819876442,0.2354872447236213,0.7010284474245587,0.9148946217774948,failure_count_group
44,osm,residual_no_coordinates,6+,0.05017206557683481,0.17858298922976057,0.7638005562543382,0.9193205747764495,failure_count_group
44,osm,residual_no_fiedler,1,0.08268980315989677,0.25130084667398234,0.6036771102434727,0.8102190886851254,failure_count_group
44,osm,residual_no_fiedler,2-3,0.11115879957391112,0.29465223735868956,0.6136548931613727,0.9066688433199358,failure_count_group
44,osm,residual_no_fiedler,4-5,0.09967751658482077,0.2414228192169381,0.6857670487658698,0.8661704920511,failure_count_group
44,osm,residual_no_fiedler,6+,0.07474536339795365,0.1968089682210126,0.7131278004932502,0.8090796607083961,failure_count_group
44,osm,spectral,1,0.2308499125537219,0.4609897635354492,-0.3336559776829242,0.38305681674429004,failure_count_group
44,osm,spectral,2-3,0.4853544117206796,0.6758827549061837,-1.0328187651830798,0.2697455022403362,failure_count_group
44,osm,spectral,4-5,0.653771575607622,0.7796261500064532,-2.276935441134659,0.14885503018259905,failure_count_group
44,osm,spectral,6+,0.7617532003839984,0.8454241230593267,-4.293561530589633,-0.0325237374044172,failure_count_group
44,osm,summary_mlp,1,0.14028201928586007,0.2895987615923554,0.4736742075874296,0.527394250928952,failure_count_group
44,osm,summary_mlp,2-3,0.2238326133763892,0.35673987758791403,0.43368345757111026,0.7741972239145541,failure_count_group
44,osm,summary_mlp,4-5,0.23035456702154997,0.33528732189027716,0.39392083606672745,0.7750293873591327,failure_count_group
44,osm,summary_mlp,6+,0.22929382557439532,0.31279146608940356,0.27538305534009744,0.706003276181662,failure_count_group
44,synthetic,deepsets,1,0.04618124790123125,0.16165948287501977,0.07716877941934897,0.13307868601986247,failure_count_group
44,synthetic,deepsets,2-3,0.07541004731598139,0.21682358707449303,0.5092582067909561,0.29040706092299357,failure_count_group
44,synthetic,deepsets,4-5,0.10929468261691332,0.24772427479196593,0.4093344695290626,0.3467566942171275,failure_count_group
44,synthetic,deepsets,6+,0.09422483552715478,0.22979962428054387,0.6714209316383384,0.36419365077523574,failure_count_group
44,synthetic,direct_full,1,0.045640543015876646,0.16807263965563143,0.002497597809807628,0.22847100776040105,failure_count_group
44,synthetic,direct_full,2-3,0.0692340792730662,0.19703550096875927,0.5947444601368839,0.4812823444603473,failure_count_group
44,synthetic,direct_full,4-5,0.09763118011400858,0.23128661563892924,0.4851206211070962,0.6324007152547294,failure_count_group
44,synthetic,direct_full,6+,0.10208158793841315,0.21427267818337048,0.7143232732844603,0.6615940671896723,failure_count_group
44,synthetic,direct_no_coordinates,1,0.05025217120073863,0.1677009467829414,0.006904675142650696,0.22847100776040105,failure_count_group
44,synthetic,direct_no_coordinates,2-3,0.06643376340787997,0.18767966595035346,0.632316247734843,0.4813083928106741,failure_count_group
44,synthetic,direct_no_coordinates,4-5,0.1000856062536017,0.2305985711353358,0.4881794491283542,0.6454942183405115,failure_count_group
44,synthetic,direct_no_coordinates,6+,0.0954892536839239,0.19663770903066846,0.7594114931691791,0.6656274759290522,failure_count_group
44,synthetic,direct_no_fiedler,1,0.07085225724232039,0.16833967271024708,-0.0006745748249710193,0.22847100776040105,failure_count_group
44,synthetic,direct_no_fiedler,2-3,0.08698990773498719,0.19248325939757635,0.6132539170115219,0.4812823444603473,failure_count_group
44,synthetic,direct_no_fiedler,4-5,0.11803400249954236,0.2387089785889884,0.4515437309288637,0.6417600364872612,failure_count_group
44,synthetic,direct_no_fiedler,6+,0.11059141303079209,0.22552667319256078,0.6835266877638295,0.6589149728199859,failure_count_group
44,synthetic,residual_full,1,0.019064942004491485,0.0358246475295875,0.9546806407710364,0.5559969442322383,failure_count_group
44,synthetic,residual_full,2-3,0.06393119898877885,0.17316433353766586,0.6869909553530783,0.7781449206503769,failure_count_group
44,synthetic,residual_full,4-5,0.09630126165670877,0.2172359293510863,0.5457783731003129,0.8237017325668353,failure_count_group
44,synthetic,residual_full,6+,0.09085923562638867,0.18678503894071388,0.7829171873627598,0.8281438454167473,failure_count_group
44,synthetic,residual_no_coordinates,1,0.013805910221963442,0.03509310446001329,0.9565125956348749,0.5728036669213139,failure_count_group
44,synthetic,residual_no_coordinates,2-3,0.05164701745680494,0.16708795116812877,0.7085726796677072,0.7980001610288371,failure_count_group
44,synthetic,residual_no_coordinates,4-5,0.09060623406952038,0.2234130800905632,0.5195793261193136,0.8517814238201883,failure_count_group
44,synthetic,residual_no_coordinates,6+,0.08642945127332728,0.18879863109997164,0.7782115389193714,0.8330856113895065,failure_count_group
44,synthetic,residual_no_fiedler,1,0.008875472618313923,0.03566983339334465,0.9550714844025032,0.5696516545179416,failure_count_group
44,synthetic,residual_no_fiedler,2-3,0.051379178161072715,0.17496824353630097,0.680435550379598,0.7657985711786799,failure_count_group
44,synthetic,residual_no_fiedler,4-5,0.09005413560177605,0.22510491968715168,0.5122756154960157,0.8165586532129122,failure_count_group
44,synthetic,residual_no_fiedler,6+,0.08928405807094555,0.19820909508717846,0.7555509111136571,0.8249294444496638,failure_count_group
44,synthetic,spectral,1,0.008956822206244516,0.03738834610962769,0.9506380375706542,0.9920550038197096,failure_count_group
44,synthetic,spectral,2-3,0.1046116164186222,0.3019823304770453,0.04807428199166952,0.9189064192486915,failure_count_group
44,synthetic,spectral,4-5,0.11556170872477489,0.3079935760768271,0.08696418677550122,0.9288818450878944,failure_count_group
44,synthetic,spectral,6+,0.2068870340099251,0.4183754728278363,-0.08911489523904947,0.8090159895677,failure_count_group
44,synthetic,summary_mlp,1,0.050239817499022454,0.16409861441171747,0.049111190399050986,0.16699770817417878,failure_count_group
44,synthetic,summary_mlp,2-3,0.0856607713734035,0.2147661916155806,0.5185271222968433,0.3936829591580072,failure_count_group
44,synthetic,summary_mlp,4-5,0.12431264968472597,0.23977908086532068,0.4466153883545714,0.44028833206065354,failure_count_group
44,synthetic,summary_mlp,6+,0.11994070605304286,0.220804828735387,0.6966399420352507,0.4305095095731144,failure_count_group
55,osm,deepsets,1,0.06980231013740694,0.16538467904843643,0.8022716006684038,0.4290215254885489,failure_count_group
55,osm,deepsets,2-3,0.1494746280252788,0.2872276035324579,0.6196157162273122,0.6536199445009331,failure_count_group
55,osm,deepsets,4-5,0.1333187549075094,0.24617751896393855,0.6677895103313953,0.7487720406599605,failure_count_group
55,osm,deepsets,6+,0.1189670225689482,0.22137814514698934,0.6478737431049899,0.6943744492106518,failure_count_group
55,osm,direct_full,1,0.05576173834958288,0.18297520601662728,0.7579734608391614,0.6305670834499262,failure_count_group
55,osm,direct_full,2-3,0.126301126088081,0.3065732988577118,0.5666499313103981,0.7904508793025629,failure_count_group
55,osm,direct_full,4-5,0.16599962553357692,0.35475621541386443,0.3101151835839696,0.773588752447871,failure_count_group
55,osm,direct_full,6+,0.19978056102973513,0.4034453444438717,-0.16949491583686926,0.6608992119748235,failure_count_group
55,osm,direct_no_coordinates,1,0.056004519984282054,0.1824545631063722,0.7593488398214869,0.630709195844438,failure_count_group
55,osm,direct_no_coordinates,2-3,0.12462091213674886,0.3045945420461469,0.5722259360265756,0.7917281658375767,failure_count_group
55,osm,direct_no_coordinates,4-5,0.1431141775949984,0.32367180922995964,0.42571653610232607,0.7827761797469442,failure_count_group
55,osm,direct_no_coordinates,6+,0.166582377467062,0.36370067238705067,0.04957658010200494,0.6932131655970929,failure_count_group
55,osm,direct_no_fiedler,1,0.05704579155619067,0.1811645893625565,0.7627396706423886,0.630709195844438,failure_count_group
55,osm,direct_no_fiedler,2-3,0.11981148141988975,0.2952482514465191,0.5980751261821058,0.7924686076572983,failure_count_group
55,osm,direct_no_fiedler,4-5,0.10699585151649763,0.26649887506131237,0.6106794567507172,0.7961943554745015,failure_count_group
55,osm,direct_no_fiedler,6+,0.11357075970921532,0.2977471063144463,0.36302260495886307,0.7157608345960855,failure_count_group
55,osm,residual_full,1,0.051560450682431175,0.177784814242928,0.7715096695990717,0.6665789723808456,failure_count_group
55,osm,residual_full,2-3,0.12139805993156863,0.2982915235582058,0.5897467404882338,0.8668740489055654,failure_count_group
55,osm,residual_full,4-5,0.14658914071695392,0.327962357183139,0.41039038271428185,0.8228842134238807,failure_count_group
55,osm,residual_full,6+,0.1544997873451259,0.34909209035772903,0.12439357607549972,0.7464559945085812,failure_count_group
55,osm,residual_no_coordinates,1,0.050294951807688504,0.17487726408813106,0.7789221657120629,0.7359032798465144,failure_count_group
55,osm,residual_no_coordinates,2-3,0.11526061594878484,0.289697134599546,0.6130466465077904,0.8718292806195005,failure_count_group
55,osm,residual_no_coordinates,4-5,0.1091936936350492,0.26506492821199257,0.6148578086623946,0.854758070863512,failure_count_group
55,osm,residual_no_coordinates,6+,0.10133408351685307,0.2665785978250034,0.48940156408057,0.7952847711437131,failure_count_group
55,osm,residual_no_fiedler,1,0.050085067075887155,0.1732165432861678,0.7831011565970305,0.7878352981142169,failure_count_group
55,osm,residual_no_fiedler,2-3,0.11168821065875154,0.2842584239142659,0.6274394182767982,0.8594685796863633,failure_count_group
55,osm,residual_no_fiedler,4-5,0.09350592134213744,0.2443960121269607,0.6725803117113404,0.8148449683597829,failure_count_group
55,osm,residual_no_fiedler,6+,0.06481861217945992,0.20670060966069098,0.6930183354083025,0.7538780162472727,failure_count_group
55,osm,spectral,1,0.19106207293412855,0.416072832773982,-0.2514607133256894,0.5728997288736712,failure_count_group
55,osm,spectral,2-3,0.44328003961703233,0.6385623272763747,-0.8800820458355072,0.2513308832088214,failure_count_group
55,osm,spectral,4-5,0.6571500611356376,0.7805078650396505,-2.339420646250176,0.1272665425059965,failure_count_group
55,osm,spectral,6+,0.7559326197696727,0.8420239494740904,-4.094221330128605,0.0618119848714072,failure_count_group
55,osm,summary_mlp,1,0.11339176203986172,0.2831571578180949,0.42039304256034915,0.6435742967531214,failure_count_group
55,osm,summary_mlp,2-3,0.2742110687627324,0.45707729199433295,0.036726734911646686,0.7287238637660913,failure_count_group
55,osm,summary_mlp,4-5,0.40142748003132483,0.565623610055105,-0.7537658904906503,0.7395145584044488,failure_count_group
55,osm,summary_mlp,6+,0.5628545892572081,0.6673702526443299,-2.2000930792434414,0.6687661749148633,failure_count_group
55,synthetic,deepsets,1,0.07484107753527129,0.18547554985598408,0.011727766870098022,0.06305418719211821,failure_count_group
55,synthetic,deepsets,2-3,0.06961919619550726,0.14884684974213772,0.6704859511462558,0.32508059899116054,failure_count_group
55,synthetic,deepsets,4-5,0.12583549066611163,0.21727507538053115,0.5460039176263037,0.16778827175793037,failure_count_group
55,synthetic,deepsets,6+,0.09148173000872115,0.15465712676780707,0.7825252836901648,0.19985185759545618,failure_count_group
55,synthetic,direct_full,1,0.05587272034452461,0.1892658326737076,-0.029076589356049842,0.08547850785368927,failure_count_group
55,synthetic,direct_full,2-3,0.05105629500545072,0.1573468532539271,0.6317771250686925,0.4471897972229209,failure_count_group
55,synthetic,direct_full,4-5,0.07309761531469612,0.16108441965390027,0.7504604656789396,0.3998109670165252,failure_count_group
55,synthetic,direct_full,6+,0.056070658451350786,0.09630724336181003,0.9156690870383852,0.5379322901522421,failure_count_group
55,synthetic,direct_no_coordinates,1,0.056750141822269944,0.18898373404471253,-0.02601122097332942,0.08547850785368927,failure_count_group
55,synthetic,direct_no_coordinates,2-3,0.04908923222462479,0.15376694532384352,0.6483419088462912,0.44638382293336115,failure_count_group
55,synthetic,direct_no_coordinates,4-5,0.08769110537263143,0.1954007652483621,0.6328151050333546,0.3805657535235205,failure_count_group
55,synthetic,direct_no_coordinates,6+,0.06237343102646487,0.09994619648003454,0.9091758293870869,0.5350584271927218,failure_count_group
55,synthetic,direct_no_fiedler,1,0.05960393844694482,0.18821937663995564,-0.017728462418859836,0.08547850785368927,failure_count_group
55,synthetic,direct_no_fiedler,2-3,0.054389851443483773,0.1520087561513457,0.6563377326031661,0.44638382293336115,failure_count_group
55,synthetic,direct_no_fiedler,4-5,0.08039997596219448,0.1558277553981835,0.7664811642872109,0.3937481685461856,failure_count_group
55,synthetic,direct_no_fiedler,6+,0.06765738518810069,0.09622870746243978,0.9158065700235589,0.5351838952275552,failure_count_group
55,synthetic,residual_full,1,0.03330025169036547,0.1432421940147089,0.410552421758998,0.5287311701103931,failure_count_group
55,synthetic,residual_full,2-3,0.03848137853015904,0.1455015471539549,0.6851310302537683,0.6648157387206023,failure_count_group
55,synthetic,residual_full,4-5,0.05981440781724924,0.15897238161818658,0.7569611800193334,0.6809801988290649,failure_count_group
55,synthetic,residual_full,6+,0.04480217672404234,0.07770574067431217,0.9450996508212972,0.7946804378782969,failure_count_group
55,synthetic,residual_no_coordinates,1,0.03242497188107077,0.14087650820806838,0.4298614378939004,0.39435185385599214,failure_count_group
55,synthetic,residual_no_coordinates,2-3,0.03247227550465569,0.1082464471620563,0.8257302763809167,0.6661040284634876,failure_count_group
55,synthetic,residual_no_coordinates,4-5,0.07500412220264971,0.17416183946835948,0.7082987482805805,0.6539479047319542,failure_count_group
55,synthetic,residual_no_coordinates,6+,0.04903743350748042,0.060007327844133346,0.9672600905774652,0.7780773759748794,failure_count_group
55,synthetic,residual_no_fiedler,1,0.03325258445822579,0.13917054587448416,0.4435861646054706,0.4239990255150015,failure_count_group
55,synthetic,residual_no_fiedler,2-3,0.047857640256789034,0.1508611584527092,0.6615071362429692,0.6315232772220005,failure_count_group
55,synthetic,residual_no_fiedler,4-5,0.08128439023772546,0.16939248024133102,0.7240562634867223,0.6360137004158648,failure_count_group
55,synthetic,residual_no_fiedler,6+,0.05977528697843409,0.08027458920745424,0.9414097863742692,0.7368641109658353,failure_count_group
55,synthetic,spectral,1,0.030597876624085023,0.1417400042855006,0.42285074148474877,0.9847290640394086,failure_count_group
55,synthetic,spectral,2-3,0.07146647067847015,0.2393000054067664,0.1483129233714796,0.9307626509427707,failure_count_group
55,synthetic,spectral,4-5,0.12288819393152105,0.3130929249577004,0.057288522929955676,0.776486526444887,failure_count_group
55,synthetic,spectral,6+,0.14897845161325332,0.35329916407461553,-0.13489091026779398,0.689314198125189,failure_count_group
55,synthetic,summary_mlp,1,0.058964248489157566,0.18664303858374437,-0.0007528864530466084,0.06478630422340138,failure_count_group
55,synthetic,summary_mlp,2-3,0.06585553775029894,0.17540084372225218,0.5424295216912254,0.3801883971311357,failure_count_group
55,synthetic,summary_mlp,4-5,0.1316815547533843,0.2469865082769644,0.4133504423140292,0.222957633900412,failure_count_group
55,synthetic,summary_mlp,6+,0.09929704821115555,0.1954570735107711,0.6526464979327915,0.2691395165400642,failure_count_group
11,osm,deepsets,Q1,0.08078803712078425,0.1727877221362859,0.8563027214647994,0.7671783440975527,density_quartile
11,osm,deepsets,Q2,0.12249099736574057,0.26644689128198645,0.6553033945906699,0.8078518593622511,density_quartile
11,osm,deepsets,Q3,0.08289628176529336,0.2027768120466536,0.8105773311373868,0.8314258922560096,density_quartile
11,osm,deepsets,Q4,0.15372637239226888,0.3170958734366733,0.2652259081567969,0.6752835449387261,density_quartile
11,osm,direct_full,Q1,0.0719657002146305,0.20282504454750258,0.811907383334237,0.8918378193472299,density_quartile
11,osm,direct_full,Q2,0.07646536369651331,0.22291043524847678,0.7609924860518444,0.8937672731454064,density_quartile
11,osm,direct_full,Q3,0.036640823188159255,0.09151376668639108,0.9601102480981556,0.9132826190728099,density_quartile
11,osm,direct_full,Q4,0.20386274638465765,0.4052295800846018,-0.9663283028930787,0.6839645886045637,density_quartile
11,osm,direct_no_coordinates,Q1,0.0740581668367617,0.20830640164043113,0.7938287293863576,0.8642939758930506,density_quartile
11,osm,direct_no_coordinates,Q2,0.07223131751255855,0.20964049703597543,0.7842996500577333,0.9371767440792997,density_quartile
11,osm,direct_no_coordinates,Q3,0.035629681950313664,0.09007158038391952,0.9613576047279221,0.9204077953531717,density_quartile
11,osm,direct_no_coordinates,Q4,0.2119685961154547,0.4189185084091049,-1.101419937447206,0.691750449989736,density_quartile
11,osm,direct_no_fiedler,Q1,0.07130743513855968,0.20106604870220313,0.8151556948956193,0.8952482079809665,density_quartile
11,osm,direct_no_fiedler,Q2,0.06606832546092206,0.20505951318554297,0.7977397224416944,0.9273279058050191,density_quartile
11,osm,direct_no_fiedler,Q3,0.032839411896961296,0.08449265483685361,0.965996283604641,0.9227293162843337,density_quartile
11,osm,direct_no_fiedler,Q4,0.2027060103497577,0.4025715862978404,-0.940617704261866,0.6899333315091005,density_quartile
11,osm,residual_full,Q1,0.05377121371420044,0.16663804092449241,0.8663493464343521,0.9003167824979472,density_quartile
11,osm,residual_full,Q2,0.07477649577628942,0.2208283204791468,0.7644143188560735,0.918243381055855,density_quartile
11,osm,residual_full,Q3,0.02704307033427419,0.07939050574888525,0.9699789685150897,0.9559226299207683,density_quartile
11,osm,residual_full,Q4,0.19340887339398333,0.38953097253870594,-0.8169281001225859,0.6644379609145941,density_quartile
11,osm,residual_no_coordinates,Q1,0.054456790644946525,0.1686256256239046,0.8631420808832395,0.896824753157396,density_quartile
11,osm,residual_no_coordinates,Q2,0.09156229726592333,0.2472834368673344,0.7031030421490715,0.8995767391640113,density_quartile
11,osm,residual_no_coordinates,Q3,0.05663716024114596,0.18241383499307098,0.8472428582342508,0.9341975000905266,density_quartile
11,osm,residual_no_coordinates,Q4,0.19926381704955012,0.3991947067706396,-0.9081973980392837,0.6613267513993454,density_quartile
11,osm,residual_no_fiedler,Q1,0.05354118766563152,0.17010792282510567,0.8607254168160736,0.9327658808862332,density_quartile
11,osm,residual_no_fiedler,Q2,0.08914520866439216,0.24924884804106592,0.7016154989841309,0.8986812480153334,density_quartile
11,osm,residual_no_fiedler,Q3,0.04456412829034195,0.1466731656866386,0.9016680490193925,0.9540019565526712,density_quartile
11,osm,residual_no_fiedler,Q4,0.1943265907970603,0.39153180359593515,-0.8356413885742702,0.658535424895918,density_quartile
11,osm,spectral,Q1,0.3790713666236681,0.5911658993052707,-0.6820601932420154,0.3904027337191762,density_quartile
11,osm,spectral,Q2,0.5937396278840772,0.7450902780625442,-1.6954636835350003,0.2578495629120586,density_quartile
11,osm,spectral,Q3,0.6058248775406618,0.7573783460590703,-1.7591576993735059,0.18789751595383716,density_quartile
11,osm,spectral,Q4,0.6161215313093458,0.7510745363578009,-1.8834630723603025,0.3465052293335853,density_quartile
11,osm,summary_mlp,Q1,0.35847627470591015,0.5496932676206993,-0.45433220184769296,0.7675211821438765,density_quartile
11,osm,summary_mlp,Q2,0.5335096469733515,0.6639198021535215,-1.1401634146742925,0.8477528765936951,density_quartile
11,osm,summary_mlp,Q3,0.5100011305570064,0.6341115477880288,-0.9341140474258203,0.8336118362769512,density_quartile
11,osm,summary_mlp,Q4,0.2777426230236923,0.428248629847893,0.06256690556511335,0.8157793608350927,density_quartile
11,synthetic,deepsets,Q1,0.08886893233871045,0.1978951491839493,0.6714323641200864,0.6152673407038158,density_quartile
11,synthetic,deepsets,Q2,0.06029999577908386,0.11028357160538843,0.6694167358132896,0.46360744110393914,density_quartile
11,synthetic,deepsets,Q3,0.06810651240316962,0.159907202977135,0.4798233232351903,0.45598532914696477,density_quartile
11,synthetic,deepsets,Q4,0.047523023322064165,0.0751346343142594,0.6994466660795225,0.4803534715360609,density_quartile
11,synthetic,direct_full,Q1,0.09382279233462482,0.21473562965143755,0.6131320918812244,0.7384668348362943,density_quartile
11,synthetic,direct_full,Q2,0.0756736439922663,0.1497875964800709,0.3901669988134574,0.6409458445636166,density_quartile
11,synthetic,direct_full,Q3,0.1586279191654186,0.34158010568192393,-1.3735586045236476,0.6285984226668273,density_quartile
11,synthetic,direct_full,Q4,0.04095161468121843,0.052495498918378354,0.8532813470474553,0.5467933755696343,density_quartile
11,synthetic,direct_no_coordinates,Q1,0.07610798311996188,0.1741449232456885,0.7455654282075379,0.7276954393485193,density_quartile
11,synthetic,direct_no_coordinates,Q2,0.05900453877367972,0.10650794487746962,0.6916647141818452,0.6367223318236126,density_quartile
11,synthetic,direct_no_coordinates,Q3,0.1022688808807493,0.2033433002653634,0.15884785293436132,0.6317661452459105,density_quartile
11,synthetic,direct_no_coordinates,Q4,0.040182214043354994,0.06324916217704385,0.7870141507756153,0.5545181727242414,density_quartile
11,synthetic,direct_no_fiedler,Q1,0.10771191097628649,0.24668782688443622,0.4894363124104947,0.7383833356464666,density_quartile
11,synthetic,direct_no_fiedler,Q2,0.07093472845180339,0.115193920630866,0.6393230919520031,0.6408902720275639,density_quartile
11,synthetic,direct_no_fiedler,Q3,0.17987311317705248,0.3589398897417627,-1.6209472010872825,0.6297742277092679,density_quartile
11,synthetic,direct_no_fiedler,Q4,0.046054319697749264,0.05573867603804788,0.8345927683286744,0.549071912859842,density_quartile
11,synthetic,residual_full,Q1,0.08737390061528488,0.2160664656000425,0.6083219618629392,0.7113854263785574,density_quartile
11,synthetic,residual_full,Q2,0.050592949738088616,0.08987235933185177,0.7804610896343462,0.7917746622979829,density_quartile
11,synthetic,residual_full,Q3,0.0942616887952807,0.18041130979832132,0.33787140931429205,0.5414460515462917,density_quartile
11,synthetic,residual_full,Q4,0.05668571483790682,0.08064854069195668,0.6537145671284887,0.2921839074746096,density_quartile
11,synthetic,residual_no_coordinates,Q1,0.060874318328770244,0.1740403352547979,0.7458709531602177,0.7971072853286686,density_quartile
11,synthetic,residual_no_coordinates,Q2,0.05199076504076257,0.09019020486875097,0.77890548665419,0.7804999304903725,density_quartile
11,synthetic,residual_no_coordinates,Q3,0.11738904994513208,0.2870997520770435,-0.6767968790543215,0.6978342218452659,density_quartile
11,synthetic,residual_no_coordinates,Q4,0.027366695791102333,0.043930517358269805,0.8972518924794264,0.7034494302083654,density_quartile
11,synthetic,residual_no_fiedler,Q1,0.06288635535985246,0.1706719921829796,0.7556124931711589,0.8245728121496095,density_quartile
11,synthetic,residual_no_fiedler,Q2,0.05518076493554001,0.09556126446525859,0.7517878743427716,0.8096098344052779,density_quartile
11,synthetic,residual_no_fiedler,Q3,0.07086455963622386,0.1854327334569627,0.3005001549949827,0.73026900957616,density_quartile
11,synthetic,residual_no_fiedler,Q4,0.03138788678658394,0.04689359660206846,0.8829238905330441,0.6879204223700397,density_quartile
11,synthetic,spectral,Q1,0.15219021900846438,0.3691323892399632,-0.14319098903161143,0.7678253773462052,density_quartile
11,synthetic,spectral,Q2,0.0756918738274837,0.20074224991132789,-0.09530934556213899,0.7644451854750718,density_quartile
11,synthetic,spectral,Q3,0.0494855987127543,0.1781363253822308,0.3544649899654977,0.9547071260713843,density_quartile
11,synthetic,spectral,Q4,0.027315062702039546,0.0575910229594514,0.8234162313606144,0.9628209403134377,density_quartile
11,synthetic,summary_mlp,Q1,0.09209347528949788,0.18384238724966237,0.716439465176792,0.629834049044977,density_quartile
11,synthetic,summary_mlp,Q2,0.055871761353683456,0.09960392223957341,0.7303427510163798,0.5336834354979538,density_quartile
11,synthetic,summary_mlp,Q3,0.06244494651257412,0.1870407434528816,0.2883159016921669,0.6730021128543258,density_quartile
11,synthetic,summary_mlp,Q4,0.029528728320005762,0.045885794022777066,0.887902042808959,0.5432922085139491,density_quartile
22,osm,deepsets,Q1,0.14759710280225133,0.267885407050957,0.6630896119662868,0.6983687639738714,density_quartile
22,osm,deepsets,Q2,0.1467069919922173,0.28965432703115157,0.5496792483649808,0.8290659191247709,density_quartile
22,osm,deepsets,Q3,0.10695117791780025,0.23146305260135755,0.7527060520109186,0.8238523669802618,density_quartile
22,osm,deepsets,Q4,0.18046612112625737,0.3488996868588626,-0.00809420410462236,0.6509202753415345,density_quartile
22,osm,direct_full,Q1,0.08834001857138915,0.23388604959690004,0.7436755320611018,0.8882170295911757,density_quartile
22,osm,direct_full,Q2,0.05520578913247396,0.18012537100804324,0.8453877435713657,0.8833060141563756,density_quartile
22,osm,direct_full,Q3,0.03524897454915466,0.0921124593829757,0.9582214731427704,0.8709624857220954,density_quartile
22,osm,direct_full,Q4,0.17848521349867752,0.3758427536508634,-0.7979500910618629,0.6660691655096379,density_quartile
22,osm,direct_no_coordinates,Q1,0.08596205014110157,0.2264590512629992,0.7587103557490076,0.8477490317868085,density_quartile
22,osm,direct_no_coordinates,Q2,0.07609470058485228,0.22328305877906443,0.7489183254803663,0.9138767223743803,density_quartile
22,osm,direct_no_coordinates,Q3,0.035035753435571165,0.0899960960413709,0.9601192141668445,0.8834342681159837,density_quartile
22,osm,direct_no_coordinates,Q4,0.1627987233727234,0.35210949528928387,-0.5780499396108958,0.6743523639367649,density_quartile
22,osm,direct_no_fiedler,Q1,0.09025053214821162,0.23746213903405172,0.735777268138599,0.8820315234854341,density_quartile
22,osm,direct_no_fiedler,Q2,0.09179230791541121,0.2556654208115291,0.6885142899025949,0.8789604329667932,density_quartile
22,osm,direct_no_fiedler,Q3,0.03614465418587209,0.0941485402307148,0.9563540905142104,0.8686519001509012,density_quartile
22,osm,direct_no_fiedler,Q4,0.18501320834965873,0.3884404919494849,-0.9204997736663385,0.6602410628041196,density_quartile
22,osm,residual_full,Q1,0.06999335164239431,0.20513252518622382,0.8024462209186005,0.8697152673946685,density_quartile
22,osm,residual_full,Q2,0.08327681292799224,0.22708680785289231,0.7402258508942899,0.9153602569349384,density_quartile
22,osm,residual_full,Q3,0.03655816095478686,0.09054278227834614,0.9596332265015689,0.9246682742390759,density_quartile
22,osm,residual_full,Q4,0.17523249070060448,0.37327540307595414,-0.7734706910578482,0.6657693302255606,density_quartile
22,osm,residual_no_coordinates,Q1,0.06741489353139482,0.196588535991742,0.818560154940172,0.862165143475123,density_quartile
22,osm,residual_no_coordinates,Q2,0.10031634477804045,0.24614725897885079,0.674798958962257,0.9215139815111588,density_quartile
22,osm,residual_no_coordinates,Q3,0.04521737130099624,0.14297213073939335,0.9057967186138599,0.9289072742525898,density_quartile
22,osm,residual_no_coordinates,Q4,0.16390069036741065,0.3530107845092509,-0.5861388989344289,0.6612563448621883,density_quartile
22,osm,residual_no_fiedler,Q1,0.07063376682621379,0.21011579389830784,0.7927313176937087,0.8734103303907177,density_quartile
22,osm,residual_no_fiedler,Q2,0.10254529209605684,0.2595636133657107,0.659476118011777,0.9071724531757616,density_quartile
22,osm,residual_no_fiedler,Q3,0.04276250996854051,0.11822712044610303,0.9359245705731787,0.9312418854002378,density_quartile
22,osm,residual_no_fiedler,Q4,0.17428353886369627,0.3723268512239608,-0.7644688040343783,0.6740715230057951,density_quartile
22,osm,spectral,Q1,0.41040221207421934,0.6165849433048184,-0.784851628975995,0.3136483882541771,density_quartile
22,osm,spectral,Q2,0.6414074520123392,0.770954763097664,-2.190213225472084,0.18878628493628058,density_quartile
22,osm,spectral,Q3,0.5955799911973328,0.7489066375883111,-1.6726956154891361,0.3355809792856058,density_quartile
22,osm,spectral,Q4,0.6089293173283902,0.7472536684804241,-1.8360898561454255,0.29900635576053197,density_quartile
22,osm,summary_mlp,Q1,0.3261511853517506,0.4741201318568551,-0.055341660052677266,0.7453524172173499,density_quartile
22,osm,summary_mlp,Q2,0.4101311788052009,0.4923050456904229,-0.30085980021634473,0.834736515968859,density_quartile
22,osm,summary_mlp,Q3,0.2828698958799455,0.36666910097786454,0.3593176363983913,0.8327904487779862,density_quartile
22,osm,summary_mlp,Q4,0.15919377641311738,0.2751982599745159,0.6153415810799379,0.820132439530897,density_quartile
22,synthetic,deepsets,Q1,0.08914198678564453,0.17786196183741707,0.5933999325029571,0.256510752285302,density_quartile
22,synthetic,deepsets,Q2,0.05780932296411469,0.07315977432196409,0.9146321101031121,0.6486035910880494,density_quartile
22,synthetic,deepsets,Q3,0.0815848809825765,0.15262336474539304,0.6394854770620126,0.5254967398232654,density_quartile
22,synthetic,deepsets,Q4,0.08818276607023964,0.14244592613912813,-0.22738543448325577,0.30712162049515124,density_quartile
22,synthetic,direct_full,Q1,0.08059629551898043,0.15971842193971428,0.6721227295627785,0.5258637592832446,density_quartile
22,synthetic,direct_full,Q2,0.0582971535811067,0.09494282825574708,0.8562280503579511,0.7685936631461923,density_quartile
22,synthetic,direct_full,Q3,0.07237521698995052,0.11960336459001357,0.7786051516699033,0.41408443019717667,density_quartile
22,synthetic,direct_full,Q4,0.05011427874678812,0.13144590593000366,-0.04514134056594221,0.40502389701087044,density_quartile
22,synthetic,direct_no_coordinates,Q1,0.08031772622670331,0.18151372075336458,0.576532379832041,0.5324790970235802,density_quartile
22,synthetic,direct_no_coordinates,Q2,0.04141780604850443,0.06492916740087952,0.9327597220123742,0.7643690939410782,density_quartile
22,synthetic,direct_no_coordinates,Q3,0.07164857948003932,0.14793875398041112,0.6612770446425553,0.41250034881991227,density_quartile
22,synthetic,direct_no_coordinates,Q4,0.046769899820442294,0.13101049578313212,-0.038228817161241935,0.38157163513675035,density_quartile
22,synthetic,direct_no_fiedler,Q1,0.0687306720133361,0.14778094065063543,0.719302759649242,0.5421519438035669,density_quartile
22,synthetic,direct_no_fiedler,Q2,0.043166906475048866,0.06521976370836373,0.9321564953488652,0.7564758198999443,density_quartile
22,synthetic,direct_no_fiedler,Q3,0.0625810342112481,0.10783701374034041,0.8200232428669622,0.4214768099577437,density_quartile
22,synthetic,direct_no_fiedler,Q4,0.04812405474390026,0.12968751037271675,-0.01736596582937522,0.4023173747533968,density_quartile
22,synthetic,residual_full,Q1,0.051085014777094026,0.11334880012584858,0.8348665158701362,0.7015078849043377,density_quartile
22,synthetic,residual_full,Q2,0.025788596872756496,0.04929751569532195,0.9612385602193907,0.8553025295763511,density_quartile
22,synthetic,residual_full,Q3,0.044896130211818625,0.10571222705776252,0.8270457806474933,0.7102132676446197,density_quartile
22,synthetic,residual_full,Q4,0.02698203112680809,0.09916490311636986,0.40516449577911584,0.6816188111805317,density_quartile
22,synthetic,residual_no_coordinates,Q1,0.049041243463564456,0.1096592424877971,0.8454418991139934,0.7406249931473659,density_quartile
22,synthetic,residual_no_coordinates,Q2,0.02369197131875269,0.04145563547640046,0.9725894981959257,0.8793129561459782,density_quartile
22,synthetic,residual_no_coordinates,Q3,0.0437571840314332,0.1031530621531596,0.8353184422552622,0.7824772977093798,density_quartile
22,synthetic,residual_no_coordinates,Q4,0.027750105940196813,0.09916285742308407,0.40518903749513724,0.7301518659363597,density_quartile
22,synthetic,residual_no_fiedler,Q1,0.05747990849690997,0.12274098931112487,0.8063664852572215,0.6864555039686308,density_quartile
22,synthetic,residual_no_fiedler,Q2,0.025473285801306582,0.04288760350271819,0.9706631560418687,0.8578953800075295,density_quartile
22,synthetic,residual_no_fiedler,Q3,0.04722119035674794,0.11962883454451494,0.778510848016379,0.7308593267494112,density_quartile
22,synthetic,residual_no_fiedler,Q4,0.02860457307012725,0.09890707444568655,0.40825361838667995,0.6963356113948039,density_quartile
22,synthetic,spectral,Q1,0.09009244739770467,0.24086483280959078,0.25432757753695745,0.8715362075425523,density_quartile
22,synthetic,spectral,Q2,0.08219567827739604,0.24118585136451817,0.07220188230596603,0.9264693711775698,density_quartile
22,synthetic,spectral,Q3,0.08348528392888624,0.2460029843099126,0.06338422494092943,0.9429762492026897,density_quartile
22,synthetic,spectral,Q4,0.020128227582009696,0.09760319175951664,0.42375265346596036,0.9856622856984075,density_quartile
22,synthetic,summary_mlp,Q1,0.08437524211072868,0.18029167944905541,0.5822151778398426,0.35295590456940623,density_quartile
22,synthetic,summary_mlp,Q2,0.04989129109454067,0.0735367404687005,0.9137501032107862,0.7014589479967671,density_quartile
22,synthetic,summary_mlp,Q3,0.07347145326789319,0.15210118702123837,0.641948148677951,0.3122134252731035,density_quartile
22,synthetic,summary_mlp,Q4,0.055634845757397515,0.12281815952169073,0.08755631712695522,0.24491497175177085,density_quartile
33,osm,deepsets,Q1,0.11780197621505435,0.21730852105417922,0.7853750636221459,0.765728840463509,density_quartile
33,osm,deepsets,Q2,0.14455002507485928,0.25829625527565153,0.6410307630753296,0.8205262334224429,density_quartile
33,osm,deepsets,Q3,0.12511233660197485,0.2539394747744455,0.7018076808180186,0.7939079815727799,density_quartile
33,osm,deepsets,Q4,0.21499043043539737,0.3800103419687231,-0.09653501402994458,0.5877747988850667,density_quartile
33,osm,direct_full,Q1,0.08781835700650388,0.20869055837396094,0.7977785703620951,0.8334582848864923,density_quartile
33,osm,direct_full,Q2,0.08114376225930701,0.20521676772185346,0.788833540834058,0.7850326704814581,density_quartile
33,osm,direct_full,Q3,0.045991251720502134,0.07669643899378877,0.9715050273566483,0.894642927204177,density_quartile
33,osm,direct_full,Q4,0.19734002346343246,0.4019741825438018,-0.8336002632268649,0.5559722742642595,density_quartile
33,osm,direct_no_coordinates,Q1,0.09021598876969605,0.2281663135515229,0.7616617530869156,0.8468927338324642,density_quartile
33,osm,direct_no_coordinates,Q2,0.12316866853651141,0.2876798758943177,0.5765779889045859,0.8232672282680238,density_quartile
33,osm,direct_no_coordinates,Q3,0.04612747206507684,0.1098108568687085,0.9415871488459806,0.8851524740279685,density_quartile
33,osm,direct_no_coordinates,Q4,0.22540615772263742,0.41782051368266043,-0.9810154315203037,0.5779550699649357,density_quartile
33,osm,direct_no_fiedler,Q1,0.07642939261395196,0.2068967591237285,0.8012400174563103,0.8668723313313779,density_quartile
33,osm,direct_no_fiedler,Q2,0.09580108090569622,0.2601434912888243,0.6606677156421781,0.8388109827697344,density_quartile
33,osm,direct_no_fiedler,Q3,0.034212137235750645,0.07324216689566475,0.9740139533855237,0.8910850897895551,density_quartile
33,osm,direct_no_fiedler,Q4,0.1771044590038876,0.3810841785492895,-0.6479733275746671,0.6084397239314004,density_quartile
33,osm,residual_full,Q1,0.05078070176346297,0.1696512050328251,0.8691901147238046,0.9275953957181593,density_quartile
33,osm,residual_full,Q2,0.08874498233416435,0.22945372427651048,0.7267303724865476,0.9195089543405877,density_quartile
33,osm,residual_full,Q3,0.024404274301330516,0.06100095558504046,0.9819743422616187,0.9670510294435751,density_quartile
33,osm,residual_full,Q4,0.18230860518216652,0.3848520871460883,-0.6807225756706434,0.6338148491930485,density_quartile
33,osm,residual_no_coordinates,Q1,0.07123104381217152,0.22402365849405667,0.771905697187518,0.9055625941608892,density_quartile
33,osm,residual_no_coordinates,Q2,0.10357749175394547,0.25088935502496246,0.6613231731434184,0.939094143049311,density_quartile
33,osm,residual_no_coordinates,Q3,0.10134843625721601,0.27488189268113006,0.6500736771772224,0.8867375560763645,density_quartile
33,osm,residual_no_coordinates,Q4,0.24574158958536535,0.4577284979325104,-1.3775203651129484,0.6151866850760245,density_quartile
33,osm,residual_no_fiedler,Q1,0.04933882692469743,0.17112648268518996,0.866905191653245,0.9330400660253494,density_quartile
33,osm,residual_no_fiedler,Q2,0.08551362606426695,0.22851481246980407,0.7310123650738923,0.9497352612149872,density_quartile
33,osm,residual_no_fiedler,Q3,0.024409713924025463,0.07638154642812675,0.972984956614649,0.9648787371813806,density_quartile
33,osm,residual_no_fiedler,Q4,0.17317333106301766,0.3785279810108607,-0.6259392607786465,0.6703781168921553,density_quartile
33,osm,spectral,Q1,0.4198905235046957,0.6256542069346968,-0.7790797050323706,0.4627534145988601,density_quartile
33,osm,spectral,Q2,0.6390751320291055,0.7687479151853281,-2.1797202597961274,0.2163613288806373,density_quartile
33,osm,spectral,Q3,0.6466798284721794,0.7838297492454406,-2.080652674538087,0.2827027775280534,density_quartile
33,osm,spectral,Q4,0.6224342201234093,0.7581271855991726,-1.9250164269250263,0.34041928757125645,density_quartile
33,osm,summary_mlp,Q1,0.33583365764337175,0.4863650894073381,-0.07510642156468217,0.8123110218128379,density_quartile
33,osm,summary_mlp,Q2,0.4766775330159871,0.5611426946123014,-0.6942115519720187,0.8336123598132944,density_quartile
33,osm,summary_mlp,Q3,0.46095260210362143,0.5562392205867966,-0.5513952861344702,0.7991050855345302,density_quartile
33,osm,summary_mlp,Q4,0.1433005759497142,0.27761376523013925,0.6077832273357837,0.7762997215731794,density_quartile
33,synthetic,deepsets,Q1,0.18626108345996475,0.3090206692137928,0.4523677566748776,0.6887918263865442,density_quartile
33,synthetic,deepsets,Q2,0.09438279946635567,0.19360065623489972,0.5584146289942569,0.22979433905881655,density_quartile
33,synthetic,deepsets,Q3,0.06362914156217551,0.14229284723765326,0.6131415187512719,0.4336445488523785,density_quartile
33,synthetic,deepsets,Q4,0.08477360691370217,0.21880024191674155,0.5208032585278972,0.33535408641044756,density_quartile
33,synthetic,direct_full,Q1,0.1538149928227046,0.29072798444776315,0.5152836960288596,0.5226147773632172,density_quartile
33,synthetic,direct_full,Q2,0.08302487880831179,0.14828146236270084,0.7409552778952134,0.18060034049397555,density_quartile
33,synthetic,direct_full,Q3,0.06952191576693048,0.10928303388511067,0.7718126998592877,0.42225186238374623,density_quartile
33,synthetic,direct_full,Q4,0.06609056301474633,0.13182061165901768,0.8260658314620625,0.48006243348175515,density_quartile
33,synthetic,direct_no_coordinates,Q1,0.1313025250297175,0.2720713684734893,0.5754981031605515,0.8167378029336221,density_quartile
33,synthetic,direct_no_coordinates,Q2,0.0649894114116006,0.12677406455896748,0.8106515053903351,0.6174905369571074,density_quartile
33,synthetic,direct_no_coordinates,Q3,0.0706154356719008,0.1146580902168026,0.7488140226772277,0.554573747660885,density_quartile
33,synthetic,direct_no_coordinates,Q4,0.045469868553828056,0.057997222089906014,0.9663308117716068,0.7236074025980078,density_quartile
33,synthetic,direct_no_fiedler,Q1,0.1375385518749145,0.2709450983750242,0.5790053756350969,0.8081573127823076,density_quartile
33,synthetic,direct_no_fiedler,Q2,0.07400355529457983,0.14266386072197873,0.7602111568246495,0.6868173315856609,density_quartile
33,synthetic,direct_no_fiedler,Q3,0.059387237559717185,0.08452349386021785,0.8634974184586244,0.5678003787805653,density_quartile
33,synthetic,direct_no_fiedler,Q4,0.05086669111440664,0.06520924345323398,0.9574365734121805,0.6788099660834669,density_quartile
33,synthetic,residual_full,Q1,0.11966278563619269,0.24699528773610663,0.6501424193956747,0.8942736774637825,density_quartile
33,synthetic,residual_full,Q2,0.06034939172145271,0.14898739746001416,0.7384828979097745,0.8169006333243409,density_quartile
33,synthetic,residual_full,Q3,0.036902111782318725,0.06905033493459747,0.9089001708722401,0.8175616540620402,density_quartile
33,synthetic,residual_full,Q4,0.027986880848805833,0.03780195944864284,0.9856963496840373,0.9057077236628424,density_quartile
33,synthetic,residual_no_coordinates,Q1,0.10160509356929696,0.2351694625301127,0.6828419008525367,0.9193769715025081,density_quartile
33,synthetic,residual_no_coordinates,Q2,0.035919772117670126,0.10257007976720763,0.8760511750737712,0.8003337756765168,density_quartile
33,synthetic,residual_no_coordinates,Q3,0.04647457299788712,0.13172167115804032,0.6684870887079193,0.7976096393823827,density_quartile
33,synthetic,residual_no_coordinates,Q4,0.01694973217181102,0.026617802990776596,0.9929080988561089,0.9021075580910641,density_quartile
33,synthetic,residual_no_fiedler,Q1,0.11332636493894842,0.22963610873147236,0.6975912792487763,0.8974259625355752,density_quartile
33,synthetic,residual_no_fiedler,Q2,0.057821399822042915,0.12084312073963988,0.827953876397417,0.7732554906866832,density_quartile
33,synthetic,residual_no_fiedler,Q3,0.04389057114756954,0.07195229149655258,0.9010820191722981,0.7994219974434503,density_quartile
33,synthetic,residual_no_fiedler,Q4,0.03438401197210038,0.04040299692278244,0.9836602494778746,0.8866447261687068,density_quartile
33,synthetic,spectral,Q1,0.2914644183190686,0.48736439385213626,-0.36213937523136797,0.5205424649891479,density_quartile
33,synthetic,spectral,Q2,0.1064745597882396,0.28472749172352024,0.04487583750366109,0.9453585690307919,density_quartile
33,synthetic,spectral,Q3,0.07841187854803687,0.2156640784519504,0.11132776567543134,0.9629320899609333,density_quartile
33,synthetic,spectral,Q4,0.11222731615937838,0.3033243184349554,0.07905706329774886,0.9653526089407212,density_quartile
33,synthetic,summary_mlp,Q1,0.15517900453048802,0.26600571661630307,0.5942150898017793,0.821083767671714,density_quartile
33,synthetic,summary_mlp,Q2,0.09881405266419704,0.1827118310054255,0.6066905629435345,0.5656832560061219,density_quartile
33,synthetic,summary_mlp,Q3,0.09662006859263884,0.19883071444371872,0.2446418325697549,0.566022008209852,density_quartile
33,synthetic,summary_mlp,Q4,0.08922422957921698,0.2044981978760349,0.581401921102602,0.6133698539006345,density_quartile
44,osm,deepsets,Q1,0.1055468179360938,0.20906348591401278,0.8045141906223334,0.80896617417281,density_quartile
44,osm,deepsets,Q2,0.08795555262794494,0.23100232545476748,0.7299746246200134,0.7885645284614,density_quartile
44,osm,deepsets,Q3,0.09504000366101142,0.23065348473027902,0.7544117280295554,0.7849349797383484,density_quartile
44,osm,deepsets,Q4,0.18753521811150758,0.36643477195999635,0.011918182824072643,0.634935398480391,density_quartile
44,osm,direct_full,Q1,0.05764999458116516,0.1813459884128283,0.8508981286275616,0.8720191714851022,density_quartile
44,osm,direct_full,Q2,0.07912637326242379,0.234982148503565,0.7461949487970772,0.8293249527910768,density_quartile
44,osm,direct_full,Q3,0.04838104607625116,0.14713885836388105,0.8962507733432687,0.856017151861084,density_quartile
44,osm,direct_full,Q4,0.1900543777387951,0.39585485885988597,-0.7706751500483173,0.5683622097521953,density_quartile
44,osm,direct_no_coordinates,Q1,0.05024099130685891,0.15744177367083037,0.8901638213217714,0.8993403295302356,density_quartile
44,osm,direct_no_coordinates,Q2,0.07470924120079292,0.224976312167703,0.7586029555345071,0.881954617632495,density_quartile
44,osm,direct_no_coordinates,Q3,0.04743990852138952,0.1458689753895482,0.8980338624064823,0.8636545041824744,density_quartile
44,osm,direct_no_coordinates,Q4,0.19109309097047786,0.3968097869715982,-0.7792283199553669,0.614252080862256,density_quartile
44,osm,direct_no_fiedler,Q1,0.060561437356705765,0.17325368058490195,0.8639081469780576,0.8731096057414314,density_quartile
44,osm,direct_no_fiedler,Q2,0.07697613308824,0.22755187689675604,0.7619921043994001,0.8332494893675517,density_quartile
44,osm,direct_no_fiedler,Q3,0.04871314940401414,0.1418242168893497,0.9036102414401551,0.8586174830112715,density_quartile
44,osm,direct_no_fiedler,Q4,0.1926551534482026,0.39765730124425397,-0.7868366591111176,0.5743932988669332,density_quartile
44,osm,residual_full,Q1,0.037663327899348044,0.12991990502987877,0.9245063800320226,0.9526476664131625,density_quartile
44,osm,residual_full,Q2,0.06552484890506316,0.21302783584294274,0.7842387389394513,0.9203891993201312,density_quartile
44,osm,residual_full,Q3,0.03673819351215675,0.12828668325416592,0.9211333746687342,0.9547415838294688,density_quartile
44,osm,residual_full,Q4,0.17990113493282237,0.3806717815106878,-0.6374509575362506,0.6581748269256533,density_quartile
44,osm,residual_no_coordinates,Q1,0.03755184143455149,0.13410857700954149,0.9195600169497737,0.957712638047506,density_quartile
44,osm,residual_no_coordinates,Q2,0.06384205820843131,0.20263407923444368,0.7922232975846308,0.9640318002474524,density_quartile
44,osm,residual_no_coordinates,Q3,0.054102532369700335,0.18993533837074641,0.8337037012300916,0.9092230101684677,density_quartile
44,osm,residual_no_coordinates,Q4,0.1859835158963118,0.39291827265978,-0.7445016504819539,0.6622237143803176,density_quartile
44,osm,residual_no_fiedler,Q1,0.05315956553150914,0.15046481550139615,0.8987421327980797,0.9283936781266485,density_quartile
44,osm,residual_no_fiedler,Q2,0.07652724802494557,0.232922060545152,0.7362212145750301,0.9119911969456734,density_quartile
44,osm,residual_no_fiedler,Q3,0.062371141078289616,0.17028963191386817,0.8657924786552194,0.9066553668787569,density_quartile
44,osm,residual_no_fiedler,Q4,0.19858995937038101,0.39004240651734423,-0.7190582266541983,0.6242689281236061,density_quartile
44,osm,spectral,Q1,0.45981809066905754,0.6579756574285196,-0.9363261698423047,0.3270122163621461,density_quartile
44,osm,spectral,Q2,0.6545878643760047,0.7869372833451357,-2.1336617615633275,0.403067381111365,density_quartile
44,osm,spectral,Q3,0.5472527629513844,0.7167089976504748,-1.3611100719177247,0.35560091601299504,density_quartile
44,osm,spectral,Q4,0.6255563970098875,0.7609490646877897,-1.954936915075725,0.26681906228376734,density_quartile
44,osm,summary_mlp,Q1,0.28718735441982857,0.3895653040474206,0.3212350593134359,0.8518098744433554,density_quartile
44,osm,summary_mlp,Q2,0.27950480225964225,0.3449532631541738,0.39786705476160933,0.822991777693341,density_quartile
44,osm,summary_mlp,Q3,0.2354183174759002,0.3314611053282656,0.4949950105516383,0.8038939571884425,density_quartile
44,osm,summary_mlp,Q4,0.1360938992675128,0.2787123972372168,0.6035854267689168,0.781956759424861,density_quartile
44,synthetic,deepsets,Q1,0.17202029036655883,0.37014667905696336,0.344652107911405,0.7179359951727788,density_quartile
44,synthetic,deepsets,Q2,0.0710257452983793,0.16068685923452736,0.4997471895043718,0.00783594532720561,density_quartile
44,synthetic,deepsets,Q3,0.05274970125128049,0.1291091638241605,0.47570989392391405,0.40889703945373496,density_quartile
44,synthetic,deepsets,Q4,0.05119953519756811,0.13992796553665962,0.8560209402412904,0.35132517043720013,density_quartile
44,synthetic,direct_full,Q1,0.17342155313291516,0.3562948079168793,0.3927840376264736,0.7096398957911627,density_quartile
44,synthetic,direct_full,Q2,0.06841395078909626,0.14255530364033164,0.6062726608278866,0.5946509209750412,density_quartile
44,synthetic,direct_full,Q3,0.04270557813313273,0.08913502085919497,0.7501068990782751,0.59525695000118,density_quartile
44,synthetic,direct_full,Q4,0.057389733735578624,0.1387707043654321,0.8583926228628476,0.6441379204948079,density_quartile
44,synthetic,direct_no_coordinates,Q1,0.1755939284969624,0.35754328576740485,0.38852114146049166,0.7103708216205051,density_quartile
44,synthetic,direct_no_coordinates,Q2,0.059000657732099095,0.09185269845969407,0.8365395643404449,0.6067746688646031,density_quartile
44,synthetic,direct_no_coordinates,Q3,0.04006660092683438,0.06578944013051405,0.8638649652800203,0.59525695000118,density_quartile
44,synthetic,direct_no_coordinates,Q4,0.05947042223697639,0.13769086155066249,0.8605878810217983,0.6448819825825997,density_quartile
44,synthetic,direct_no_fiedler,Q1,0.18753261453358955,0.3652537220081224,0.36186363711992364,0.7168364205439,density_quartile
44,synthetic,direct_no_fiedler,Q2,0.08332815140032832,0.14995943815232704,0.5643111737357346,0.5861479685536224,density_quartile
44,synthetic,direct_no_fiedler,Q3,0.05955695534083117,0.07992085933360774,0.7991009814243788,0.5984245405487286,density_quartile
44,synthetic,direct_no_fiedler,Q4,0.0749888658669228,0.147154048207811,0.8407663971761307,0.6441379204948079,density_quartile
44,synthetic,residual_full,Q1,0.16292122432228057,0.33306292974303314,0.4693883411951929,0.8449408302180899,density_quartile
44,synthetic,residual_full,Q2,0.056298851845223076,0.08626672458656828,0.8558165441594139,0.8267870795650175,density_quartile
44,synthetic,residual_full,Q3,0.0441430593724642,0.0822185218636749,0.787383553833479,0.7531919032666753,density_quartile
44,synthetic,residual_full,Q4,0.03996696549134552,0.05270091750438338,0.9795766657137239,0.7912623020325821,density_quartile
44,synthetic,residual_no_coordinates,Q1,0.16255329498639354,0.3434315082018649,0.4358371734074562,0.8477691787158407,density_quartile
44,synthetic,residual_no_coordinates,Q2,0.04463244557324386,0.06359781124994007,0.9216366214587544,0.8463494276195235,density_quartile
44,synthetic,residual_no_coordinates,Q3,0.02895816497533145,0.04429609797317639,0.9382853219867817,0.7606940914056064,density_quartile
44,synthetic,residual_no_coordinates,Q4,0.040574218667075286,0.07639989857335946,0.9570784044850223,0.7917084134823344,density_quartile
44,synthetic,residual_no_fiedler,Q1,0.15922451075995703,0.3393666170270854,0.44911311813138977,0.8412074102010587,density_quartile
44,synthetic,residual_no_fiedler,Q2,0.05005102900250942,0.09872344840338289,0.8111706724414801,0.8181199232755287,density_quartile
44,synthetic,residual_no_fiedler,Q3,0.027529551972241703,0.06052128287902732,0.8847943507301461,0.7450631869383436,density_quartile
44,synthetic,residual_no_fiedler,Q4,0.04076454382166883,0.10041232679397283,0.925857990080262,0.7877880265524094,density_quartile
44,synthetic,spectral,Q1,0.2970203943636791,0.5177254965369277,-0.28210412935588547,0.813205248996147,density_quartile
44,synthetic,spectral,Q2,0.06543441197755409,0.1993926219588803,0.22972290930380834,0.9776036471693182,density_quartile
44,synthetic,spectral,Q3,0.03372011392851114,0.1534484382807567,0.2594021091925548,0.9654204699524342,density_quartile
44,synthetic,spectral,Q4,0.13717914851353086,0.3406603700428126,0.1466375652850086,0.8928365944547126,density_quartile
44,synthetic,summary_mlp,Q1,0.18336204721158014,0.3438767472527354,0.43437341635343196,0.7267457187035705,density_quartile
44,synthetic,summary_mlp,Q2,0.08779102369348432,0.15994701555104593,0.5043431701021943,0.24235856434002603,density_quartile
44,synthetic,summary_mlp,Q3,0.06926390308274114,0.1399479294463313,0.3839861450649569,0.4243459898435336,density_quartile
44,synthetic,summary_mlp,Q4,0.07265161876471188,0.15895898365017572,0.8141936944705448,0.621551736331148,density_quartile
55,osm,deepsets,Q1,0.11147724793799178,0.20503164304034116,0.8045169932233778,0.7347025202838754,density_quartile
55,osm,deepsets,Q2,0.1046428606109581,0.20663436480233058,0.7932913997374101,0.8425359612179049,density_quartile
55,osm,deepsets,Q3,0.10834501870054355,0.20104413386540157,0.8130885566931778,0.8117281664629261,density_quartile
55,osm,deepsets,Q4,0.17514912911395858,0.331475324290719,0.19436350164225946,0.6597252096129155,density_quartile
55,osm,direct_full,Q1,0.12368628724016997,0.3056268745067099,0.5801998474758512,0.8626462184413621,density_quartile
55,osm,direct_full,Q2,0.18580558624363244,0.3931185600606781,0.275148416048677,0.8561653092468976,density_quartile
55,osm,direct_full,Q3,0.10784449221622396,0.2617611087166302,0.6688954400608272,0.8624269258609953,density_quartile
55,osm,direct_full,Q4,0.22043574473217112,0.4221599048650598,-0.8449055846200313,0.6666716837257571,density_quartile
55,osm,direct_no_coordinates,Q1,0.08795703736499859,0.24479542898608656,0.7246780193500578,0.8387938417544937,density_quartile
55,osm,direct_no_coordinates,Q2,0.1460618548764477,0.34401113832037616,0.4231254463866462,0.8705220746213893,density_quartile
55,osm,direct_no_coordinates,Q3,0.09361440872765069,0.23637961827611617,0.7299930315038627,0.8763935533766266,density_quartile
55,osm,direct_no_coordinates,Q4,0.21464115037910625,0.41209285742555873,-0.7579655222567636,0.6639307885495858,density_quartile
55,osm,direct_no_fiedler,Q1,0.08535097073269256,0.24349714688779575,0.7335306482169075,0.8710520987662183,density_quartile
55,osm,direct_no_fiedler,Q2,0.11422330541192402,0.2973006036019378,0.5854340991020488,0.8695700695739365,density_quartile
55,osm,direct_no_fiedler,Q3,0.07802595615400709,0.21003171998089923,0.7868306815619412,0.8787803204684109,density_quartile
55,osm,direct_no_fiedler,Q4,0.16894255788393303,0.3625072314510319,-0.36035898013401857,0.6778580060595052,density_quartile
55,osm,residual_full,Q1,0.09222376085460826,0.2499158067004355,0.7095611710165864,0.8601997029069332,density_quartile
55,osm,residual_full,Q2,0.1312905729238166,0.3189654780839557,0.5160979543080857,0.8878594830953005,density_quartile
55,osm,residual_full,Q3,0.08214852516001284,0.22436439243913675,0.7567444339866944,0.9229994754331999,density_quartile
55,osm,residual_full,Q4,0.21405658870266805,0.4140880107054035,-0.7750291582937927,0.670267411112763,density_quartile
55,osm,residual_no_coordinates,Q1,0.06648345573415101,0.20694871970470446,0.8008443120994334,0.9021636713901,density_quartile
55,osm,residual_no_coordinates,Q2,0.08534835946869204,0.24330489084863405,0.7134138981275768,0.9241311196743497,density_quartile
55,osm,residual_no_coordinates,Q3,0.07940134985352347,0.2245482336302056,0.7663598240950535,0.9091531090393891,density_quartile
55,osm,residual_no_coordinates,Q4,0.19321935415114055,0.3787224521992607,-0.48478059886666025,0.67689419412989,density_quartile
55,osm,residual_no_fiedler,Q1,0.06894565194675671,0.2047757941392853,0.8050045560857969,0.8918846026168018,density_quartile
55,osm,residual_no_fiedler,Q2,0.0892000440066436,0.25143696089617446,0.69846980673986,0.8693964950786257,density_quartile
55,osm,residual_no_fiedler,Q3,0.03211229727996216,0.10071946084005176,0.9531015972715394,0.9236808938884854,density_quartile
55,osm,residual_no_fiedler,Q4,0.16637038987602223,0.35855276016306864,-0.33084145071900517,0.6186526602325053,density_quartile
55,osm,spectral,Q1,0.4110642737461383,0.6170747278903658,-0.7706908668736272,0.3884121591150088,density_quartile
55,osm,spectral,Q2,0.6273779605288352,0.7707562238653647,-1.8759910339170718,0.385458162964079,density_quartile
55,osm,spectral,Q3,0.5823222169817923,0.7403520882333052,-1.570861064123728,0.329606249425852,density_quartile
55,osm,spectral,Q4,0.6191761561717288,0.7530933364157189,-1.921659808251023,0.3183211950689782,density_quartile
55,osm,summary_mlp,Q1,0.4101608508315324,0.6059812421220955,-0.7075978071963691,0.7722254296233838,density_quartile
55,osm,summary_mlp,Q2,0.5582787747652027,0.6836254192499854,-1.2625065883444608,0.8481700909071985,density_quartile
55,osm,summary_mlp,Q3,0.5047016401280231,0.6363447106787438,-0.8992707185749726,0.8225899003724908,density_quartile
55,osm,summary_mlp,Q4,0.22215547140886244,0.3630434117934015,0.3210322343299514,0.8166555002143328,density_quartile
55,synthetic,deepsets,Q1,0.0948436353708063,0.18275345061784282,0.7850117715901308,0.5912396752212885,density_quartile
55,synthetic,deepsets,Q2,0.13692558500610894,0.22982654395435526,0.5172410247413053,0.02283856015228428,density_quartile
55,synthetic,deepsets,Q3,0.06624729384817185,0.14788873257305116,0.4522768615958821,0.04954222759894058,density_quartile
55,synthetic,deepsets,Q4,0.07162989949803288,0.11882358613217443,0.6787564684415002,0.4611879125141202,density_quartile
55,synthetic,direct_full,Q1,0.03180859075112942,0.051567418399466686,0.9828827383382196,0.7073295081254884,density_quartile
55,synthetic,direct_full,Q2,0.10760353675615983,0.23874426251349132,0.47905020562969547,0.33116361682104095,density_quartile
55,synthetic,direct_full,Q3,0.0416686275643491,0.09774437458178269,0.7607375980946195,0.7901581038650696,density_quartile
55,synthetic,direct_full,Q4,0.05495165661804743,0.11572078749429035,0.6953144613523916,0.42600903095462894,density_quartile
55,synthetic,direct_no_coordinates,Q1,0.04185297349887634,0.12256968873545784,0.9032948337460617,0.7007624248995565,density_quartile
55,synthetic,direct_no_coordinates,Q2,0.11299880331371873,0.23745358236076552,0.4846676145741303,0.33119122797822415,density_quartile
55,synthetic,direct_no_coordinates,Q3,0.04574013156780413,0.09993181037563742,0.7499087919488719,0.7901581038650696,density_quartile
55,synthetic,direct_no_coordinates,Q4,0.0577745615276979,0.1153235888256751,0.6974024698756106,0.4260149498429988,density_quartile
55,synthetic,direct_no_fiedler,Q1,0.036134464173739604,0.0496841455142289,0.9841101733386198,0.7023155977415326,density_quartile
55,synthetic,direct_no_fiedler,Q2,0.11270623179559935,0.22897091455147683,0.5208288946505484,0.33119122797822415,density_quartile
55,synthetic,direct_no_fiedler,Q3,0.05179102161516211,0.10196845697729061,0.7396110149013132,0.7901581038650696,density_quartile
55,synthetic,direct_no_fiedler,Q4,0.0651381298143327,0.11714884223136997,0.6877481050643988,0.4260149498429988,density_quartile
55,synthetic,residual_full,Q1,0.040848149398830226,0.13832821206757745,0.876829972990218,0.820860549393309,density_quartile
55,synthetic,residual_full,Q2,0.08084966308893772,0.19561100857242528,0.6502831413391096,0.6820827166687773,density_quartile
55,synthetic,residual_full,Q3,0.028307437846134157,0.06398374100643914,0.8974749070530009,0.9096601566281828,density_quartile
55,synthetic,residual_full,Q4,0.03212493242218426,0.06730643438535638,0.8969276331214864,0.6565955014913226,density_quartile
55,synthetic,residual_no_coordinates,Q1,0.04137925274344855,0.12530258090070762,0.8989343572643,0.7977985968937545,density_quartile
55,synthetic,residual_no_coordinates,Q2,0.07843390149212122,0.18068031623939929,0.701632395083462,0.6890307387640471,density_quartile
55,synthetic,residual_no_coordinates,Q3,0.03519353330351579,0.06425456418150062,0.8966051569096257,0.9120656071038252,density_quartile
55,synthetic,residual_no_coordinates,Q4,0.04196304879698854,0.06999345322973075,0.8885336136011917,0.645436483187916,density_quartile
55,synthetic,residual_no_fiedler,Q1,0.057998893398751465,0.15977171238037885,0.835682700373893,0.7694256882034386,density_quartile
55,synthetic,residual_no_fiedler,Q2,0.08868307386717131,0.18875373435266582,0.6743724893022156,0.6471664372466694,density_quartile
55,synthetic,residual_no_fiedler,Q3,0.04115886390952016,0.06939981476627918,0.8793832738133951,0.9074665865571739,density_quartile
55,synthetic,residual_no_fiedler,Q4,0.0476352121671176,0.07183494008706777,0.8825912272082013,0.627976769388946,density_quartile
55,synthetic,spectral,Q1,0.18789659445178838,0.41818308313324937,-0.1256838357837642,0.7001478422527081,density_quartile
55,synthetic,spectral,Q2,0.1356531582630334,0.33389255718472377,-0.01892791521206738,0.821464898047448,density_quartile
55,synthetic,spectral,Q3,0.0545004164319296,0.1833815299217844,0.15782548080393477,0.9514163854264297,density_quartile
55,synthetic,spectral,Q4,0.05446038808048905,0.17908311011700564,0.27031009645213633,0.978311913953403,density_quartile
55,synthetic,summary_mlp,Q1,0.1053525659776631,0.22964370760199468,0.6605368715059923,0.5724453472294174,density_quartile
55,synthetic,summary_mlp,Q2,0.1454988866933446,0.27809492588276724,0.29316814515278244,0.17013475504430045,density_quartile
55,synthetic,summary_mlp,Q3,0.05871344240928011,0.1412762846089574,0.5001617999659786,0.7276844635943099,density_quartile
55,synthetic,summary_mlp,Q4,0.06595739029804558,0.12754212138005103,0.6298852839313824,0.21515804100722016,density_quartile
11,osm,deepsets,not_clipped,0.10810109861322487,0.2443333976822433,0.7192319802761865,0.8101714715647723,clip_group
11,osm,direct_full,not_clipped,0.09218006673971822,0.24679985478226363,0.7135348667251169,0.8918783281745253,clip_group
11,osm,direct_no_coordinates,not_clipped,0.0933151584517396,0.2509007947303698,0.7039356988351493,0.908491449144587,clip_group
11,osm,direct_no_fiedler,not_clipped,0.08884572359695207,0.24170536057152914,0.7252393500711041,0.9038398497780098,clip_group
11,osm,residual_full,not_clipped,0.08475522979900733,0.23804863448650496,0.7334900919388228,0.9110745311828877,clip_group
11,osm,residual_no_coordinates,not_clipped,0.09171144508854237,0.2511930445189236,0.7032455844686101,0.9037950104265706,clip_group
11,osm,residual_no_fiedler,not_clipped,0.0896863567789586,0.2480688885404479,0.7105813109984415,0.909789568936152,clip_group
11,osm,spectral,not_clipped,0.5621757869334196,0.7220089362845966,-1.4516988085748253,0.33052282646638514,clip_group
11,osm,summary_mlp,not_clipped,0.3914944596567305,0.5498806097927836,-0.4220628187778277,0.8217470725249562,clip_group
11,synthetic,deepsets,not_clipped,0.06619961596075702,0.1436492978351152,0.6424573441331298,0.4995734111406622,clip_group
11,synthetic,direct_full,not_clipped,0.09226899254338204,0.21678356758841275,0.18572038024815563,0.6092459530422766,clip_group
11,synthetic,direct_no_coordinates,not_clipped,0.06939090420443647,0.14749521254364203,0.623056121415827,0.604341987753308,clip_group
11,synthetic,direct_no_fiedler,not_clipped,0.1011435180757229,0.2269742098441908,0.10736507976289211,0.605946966539893,clip_group
11,synthetic,residual_full,not_clipped,0.07222856349664024,0.15314550789009115,0.5936227643031446,0.5315522069850888,clip_group
11,synthetic,residual_no_coordinates,not_clipped,0.0644052072764418,0.17520022071043093,0.468148798452773,0.7265175184200129,clip_group
11,synthetic,residual_no_fiedler,not_clipped,0.05507989167955006,0.13678924685579696,0.6757912262068579,0.7574524836357868,clip_group
11,synthetic,spectral,not_clipped,0.07617068856268548,0.23000296086771674,0.08338343722520003,0.8705002083701467,clip_group
11,synthetic,summary_mlp,not_clipped,0.0599847278689403,0.14213436466920062,0.6499589063933078,0.564828280020473,clip_group
22,osm,deepsets,not_clipped,0.14141026151168815,0.283401645408309,0.6147326983028132,0.7982875042961323,clip_group
22,osm,direct_full,not_clipped,0.08912400286461689,0.2414924422495728,0.7202536017422554,0.884091443526523,clip_group
22,osm,direct_no_coordinates,not_clipped,0.0876905531016326,0.23808899132058603,0.7280831962619546,0.893827980138854,clip_group
22,osm,direct_no_fiedler,not_clipped,0.09869024694947305,0.25995819116216484,0.675836263783653,0.879016859896926,clip_group
22,osm,residual_full,not_clipped,0.08966752583075402,0.24197054013045868,0.7191448419664472,0.8999637203637896,clip_group
22,osm,residual_no_coordinates,not_clipped,0.08441333425576768,0.23010180351415718,0.7460212030280662,0.9030340406242211,clip_group
22,osm,residual_no_fiedler,not_clipped,0.09257580175736121,0.24690172663492163,0.7075809441394532,0.8996504854091717,clip_group
22,osm,spectral,not_clipped,0.5730496579881343,0.728311125960865,-1.5444346746935151,0.30312198177639194,clip_group
22,osm,summary_mlp,not_clipped,0.2675079625726264,0.38808982250044355,0.27752649693911124,0.8258798064573463,clip_group
22,synthetic,deepsets,not_clipped,0.07917973920064383,0.14192600482939582,0.6439555803821678,0.4097927273191281,clip_group
22,synthetic,direct_full,not_clipped,0.06534573620920645,0.1285565108727714,0.7078752312658387,0.5487065843012104,clip_group
22,synthetic,direct_no_coordinates,not_clipped,0.06003850289392233,0.1380331957680113,0.6632192080368053,0.5410517639829832,clip_group
22,synthetic,direct_no_fiedler,not_clipped,0.05565066686088332,0.1167695335659834,0.7589876380845253,0.5478046135954188,clip_group
22,synthetic,residual_full,not_clipped,0.037187943247119305,0.09524566722860815,0.8396493646624068,0.7522797849118266,clip_group
22,synthetic,residual_no_coordinates,not_clipped,0.03606012618848678,0.09248992607256505,0.8487939763760558,0.788689509091279,clip_group
22,synthetic,residual_no_fiedler,not_clipped,0.039694739431272934,0.10124026424941257,0.8188297982085897,0.7573681415525559,clip_group
22,synthetic,spectral,not_clipped,0.06897540929649917,0.21577206371182972,0.17705528863885456,0.9389032313227742,clip_group
22,synthetic,summary_mlp,not_clipped,0.06584320805764002,0.13795996999029028,0.6635764336159216,0.41205185096081626,clip_group
33,osm,deepsets,not_clipped,0.15000732567752326,0.28541162320460034,0.608084165091991,0.7654082959510035,clip_group
33,osm,direct_full,not_clipped,0.10002235029124987,0.24359105371468878,0.7145223138016005,0.7945206551078072,clip_group
33,osm,direct_no_coordinates,not_clipped,0.11996975713774585,0.2816156009458263,0.6184399294847911,0.8333912462132557,clip_group
33,osm,direct_no_fiedler,not_clipped,0.09199529247464767,0.24652656655374974,0.7076002786509107,0.8520837974643979,clip_group
33,osm,residual_full,not_clipped,0.08699670918305774,0.23912833378786377,0.7248867068377531,0.9056928306436879,clip_group
33,osm,residual_no_coordinates,not_clipped,0.12464939953318285,0.3078205827092711,0.5441260123038598,0.8825851809310657,clip_group
33,osm,residual_no_fiedler,not_clipped,0.07747943359403074,0.227880427291883,0.7501590916280279,0.9257032335272857,clip_group
33,osm,spectral,not_clipped,0.5901027848505598,0.7411233741622358,-1.642594466396519,0.343223809935321,clip_group
33,osm,summary_mlp,not_clipped,0.3120129889324817,0.45054922033457767,0.023361175280558033,0.8142961615216101,clip_group
33,synthetic,deepsets,not_clipped,0.10726165785054952,0.224218525290478,0.5459091728432677,0.46520819192874163,clip_group
33,synthetic,direct_full,not_clipped,0.0931130876031733,0.18427534301607723,0.6932855748023328,0.36476771110779777,clip_group
33,synthetic,direct_no_coordinates,not_clipped,0.07809431016676174,0.16325183644460844,0.7592779372635252,0.7186964417152458,clip_group
33,synthetic,direct_no_fiedler,not_clipped,0.08044900896090454,0.1621424450411066,0.7625385142428133,0.6999306630390344,clip_group
33,synthetic,residual_full,not_clipped,0.061225292497192475,0.1494998776408256,0.7981255205657242,0.8713191325090547,clip_group
33,synthetic,residual_no_coordinates,not_clipped,0.05023729271416631,0.14481402164403498,0.8105821187613711,0.8750854592085207,clip_group
33,synthetic,residual_no_fiedler,not_clipped,0.062355586970165314,0.1361482066310231,0.8325737324500428,0.8556722618081877,clip_group
33,synthetic,spectral,not_clipped,0.1471445432036809,0.3380497129959537,-0.03219295002735878,0.8229198490148124,clip_group
33,synthetic,summary_mlp,not_clipped,0.10995933884163524,0.21534612859455685,0.5811351832940288,0.6588638033942591,clip_group
44,osm,deepsets,not_clipped,0.11884827992203864,0.2675871710925746,0.6624093341568481,0.7850602877500632,clip_group
44,osm,direct_full,not_clipped,0.08657235724796007,0.24467948752022892,0.7177363338249123,0.8415245201694904,clip_group
44,osm,direct_no_coordinates,not_clipped,0.08641508214536571,0.2442522269918649,0.718721253550747,0.8717997507986474,clip_group
44,osm,direct_no_fiedler,not_clipped,0.08789346213077366,0.2408563763244841,0.7264881481996346,0.8437371754089614,clip_group
44,osm,residual_full,not_clipped,0.0770704708308907,0.23195231309461167,0.7463369154227927,0.917721742658999,clip_group
44,osm,residual_no_coordinates,not_clipped,0.07911649605573905,0.2389900897563244,0.7307103645653608,0.9202671209487064,clip_group
44,osm,residual_no_fiedler,not_clipped,0.0920194217113486,0.24480588519259527,0.7174446323343057,0.8916829891613661,clip_group
44,osm,spectral,not_clipped,0.5825543024032442,0.7381003995526229,-1.568566029479804,0.32540416883953033,clip_group
44,osm,summary_mlp,not_clipped,0.2148596545380793,0.32740847422482516,0.49459482375243624,0.8175261146001329,clip_group
44,synthetic,deepsets,not_clipped,0.08674881802844668,0.22309070042818793,0.5808285551175911,0.37944139417662043,clip_group
44,synthetic,direct_full,not_clipped,0.08548270394768069,0.20884824938107593,0.6326412115404727,0.6489716742705555,clip_group
44,synthetic,direct_no_coordinates,not_clipped,0.08353290234821807,0.1997255261596085,0.6640335553575718,0.6510744166096826,clip_group
44,synthetic,direct_no_fiedler,not_clipped,0.10135164678541794,0.214441001322227,0.6127027542366872,0.6533133265046719,clip_group
44,synthetic,residual_full,not_clipped,0.07583252525782834,0.17882263208495092,0.7306768275629076,0.8052239446155793,clip_group
44,synthetic,residual_no_coordinates,not_clipped,0.06917953105051103,0.18013118221122867,0.7267208147288738,0.8102660724436659,clip_group
44,synthetic,residual_no_fiedler,not_clipped,0.06939240888909426,0.1861863858278625,0.7080391637326643,0.7989179671948052,clip_group
44,synthetic,spectral,not_clipped,0.1333385171958188,0.3344372207098645,0.057984677653579175,0.9088755292116082,clip_group
44,synthetic,summary_mlp,not_clipped,0.10326714818812936,0.21719095660513835,0.6027057936551892,0.5427327849347304,clip_group
55,osm,deepsets,not_clipped,0.12493206053346986,0.24199727280078503,0.7242691006682351,0.7950066055402332,clip_group
55,osm,direct_full,not_clipped,0.15229167953447348,0.34295645158471566,0.44621339339339505,0.8523878307193358,clip_group
55,osm,direct_no_coordinates,not_clipped,0.13476202036935775,0.31865443991821885,0.5219157440186445,0.8595608181068811,clip_group
55,osm,direct_no_fiedler,not_clipped,0.10637875218304986,0.27658423174125346,0.639820220374075,0.8660825911816253,clip_group
55,osm,residual_full,not_clipped,0.13020200411298447,0.31232807240525906,0.5407104802150771,0.8802934746024058,clip_group
55,osm,residual_no_coordinates,not_clipped,0.10077077381220612,0.26317277851289794,0.6739032839651335,0.8972794268355421,clip_group
55,osm,residual_no_fiedler,not_clipped,0.08345691075053753,0.23687154338622132,0.7358258775017996,0.8710097998398167,clip_group
55,osm,spectral,not_clipped,0.5718233527200447,0.7290084687693413,-1.502243909632027,0.3553773347898759,clip_group
55,osm,summary_mlp,not_clipped,0.3834904417084966,0.5482868971898849,-0.4154033808556752,0.7767861592219674,clip_group
55,synthetic,deepsets,not_clipped,0.09241160343077999,0.17479215218517766,0.663062415844153,0.22333996760995614,clip_group
55,synthetic,direct_full,not_clipped,0.05900810292242144,0.14370393604924245,0.7722581074729263,0.5738882377073163,clip_group
55,synthetic,direct_no_coordinates,not_clipped,0.06459161747702427,0.15386148741421096,0.7389249011229502,0.5704911649468367,clip_group
55,synthetic,direct_no_fiedler,not_clipped,0.06644246184970844,0.14055035706153396,0.7821440104506893,0.5726205876044458,clip_group
55,synthetic,residual_full,not_clipped,0.04553254568902159,0.12847415708167098,0.8179724381599968,0.7673223650128683,clip_group
55,synthetic,residual_no_coordinates,not_clipped,0.04924243408401852,0.11976419119453527,0.8418170866742478,0.7594539113070187,clip_group
55,synthetic,residual_no_fiedler,not_clipped,0.05886901083564012,0.13335250767790396,0.8038862825898657,0.7422695929070097,clip_group
55,synthetic,spectral,not_clipped,0.1081276393068101,0.29667359025021844,0.029348404514569548,0.8479487840445331,clip_group
55,synthetic,summary_mlp,not_clipped,0.09388057134458334,0.20389887295051867,0.5415043195112783,0.41319828884808396,clip_group
11,osm,deepsets,cantho,0.049061694349194725,0.09940605713357621,0.9529332545262577,0.870146653761968,area
11,osm,deepsets,dalat,0.17650489494668925,0.34724989976268417,-0.44390296895882253,0.5633881827573095,area
11,osm,deepsets,danang,0.11165986928371549,0.2591919100586035,0.676857828477269,0.8316807679603946,area
11,osm,deepsets,hcmus,0.12249099736574057,0.26644689128198645,0.6553033945906699,0.8078518593622511,area
11,osm,deepsets,viasm,0.08078803712078425,0.1727877221362859,0.8563027214647994,0.7671783440975527,area
11,osm,direct_full,cantho,0.036640823188159255,0.09151376668639108,0.9601102480981556,0.9132826190728099,area
11,osm,direct_full,dalat,0.20386274638465765,0.4052295800846018,-0.9663283028930787,0.6839645886045637,area
11,osm,direct_full,danang,0.07646536369651331,0.22291043524847678,0.7609924860518444,0.8937672731454064,area
11,osm,direct_full,hcmus,0.08932069722332274,0.23907440836296626,0.7224879339248316,0.9084934180558174,area
11,osm,direct_full,viasm,0.054610703205938256,0.15849108699636855,0.8790982819345972,0.8509196992022282,area
11,osm,direct_no_coordinates,cantho,0.035629681950313664,0.09007158038391952,0.9613576047279221,0.9204077953531717,area
11,osm,direct_no_coordinates,dalat,0.2119685961154547,0.4189185084091049,-1.101419937447206,0.691750449989736,area
11,osm,direct_no_coordinates,danang,0.07129247664821481,0.20901957827039572,0.7898522767794784,0.9271545377588601,area
11,osm,direct_no_coordinates,hcmus,0.09239044758007818,0.24644331692887986,0.7051169687782552,0.9322311632607756,area
11,osm,direct_no_coordinates,viasm,0.0552945899646366,0.16348377638728348,0.8713611625116869,0.8536831276656696,area
11,osm,direct_no_fiedler,cantho,0.032839411896961296,0.08449265483685361,0.965996283604641,0.9227293162843337,area
11,osm,direct_no_fiedler,dalat,0.2027060103497577,0.4025715862978404,-0.940617704261866,0.6899333315091005,area
11,osm,direct_no_fiedler,danang,0.06606832546092206,0.20505951318554297,0.7977397224416944,0.9273279058050191,area
11,osm,direct_no_fiedler,hcmus,0.08784925482577112,0.23624927773012258,0.7290078751680369,0.9130496390474898,area
11,osm,direct_no_fiedler,viasm,0.054765615451348226,0.15824471761619355,0.8794738655820377,0.852128010387498,area
11,osm,residual_full,cantho,0.02704307033427419,0.07939050574888525,0.9699789685150897,0.9559226299207683,area
11,osm,residual_full,dalat,0.19340887339398333,0.38953097253870594,-0.8169281001225859,0.6644379609145941,area
11,osm,residual_full,danang,0.06236735808358775,0.20509006716210712,0.7976794441733491,0.9313517489528246,area
11,osm,residual_full,hcmus,0.0871856334689911,0.2355172150878231,0.7306847128631984,0.9066384550617549,area
11,osm,residual_full,viasm,0.05377121371420044,0.16663804092449241,0.8663493464343521,0.9003167824979472,area
11,osm,residual_no_coordinates,cantho,0.02801725868917625,0.07923896904630849,0.9700934644827703,0.9522738064014787,area
11,osm,residual_no_coordinates,dalat,0.19926381704955012,0.3991947067706396,-0.9081973980392837,0.6613267513993454,area
11,osm,residual_no_coordinates,danang,0.08525706179311568,0.2455011205233834,0.7100936605946226,0.914482937648043,area
11,osm,residual_no_coordinates,hcmus,0.09156229726592333,0.2472834368673344,0.7031030421490715,0.8995767391640113,area
11,osm,residual_no_coordinates,viasm,0.054456790644946525,0.1686256256239046,0.8631420808832395,0.896824753157396,area
11,osm,residual_no_fiedler,cantho,0.029134363035373395,0.08565201074081331,0.9650567256185782,0.9599586714208798,area
11,osm,residual_no_fiedler,dalat,0.1943265907970603,0.39153180359593515,-0.8356413885742702,0.658535424895918,area
11,osm,residual_no_fiedler,danang,0.08202223329676384,0.24128627805410363,0.7199626215190349,0.910137693841583,area
11,osm,residual_no_fiedler,hcmus,0.08940740909996393,0.2447481843698971,0.7091596565505739,0.9128263049701647,area
11,osm,residual_no_fiedler,viasm,0.05354118766563152,0.17010792282510567,0.8607254168160736,0.9327658808862332,area
11,osm,spectral,cantho,0.4131766450356087,0.6131395244117518,-0.7906351201297117,0.5124314819882665,area
11,osm,spectral,dalat,0.8190664175830826,0.8673441312041615,-8.008171374503064,0.16618003308369528,area
11,osm,spectral,danang,0.6058248775406618,0.7573783460590703,-1.7591576993735059,0.18789751595383716,area
11,osm,spectral,hcmus,0.5937396278840772,0.7450902780625442,-1.6954636835350003,0.2578495629120586,area
11,osm,spectral,viasm,0.3790713666236681,0.5911658993052707,-0.6820601932420154,0.3904027337191762,area
11,osm,summary_mlp,cantho,0.3044859358976315,0.4405733116035165,0.07546183420692265,0.8818822997717201,area
11,osm,summary_mlp,dalat,0.250999310149753,0.41555858195434503,-1.067846335222832,0.5805484956059392,area
11,osm,summary_mlp,danang,0.5100011305570064,0.6341115477880288,-0.9341140474258203,0.8336118362769512,area
11,osm,summary_mlp,hcmus,0.5335096469733515,0.6639198021535215,-1.1401634146742925,0.8477528765936951,area
11,osm,summary_mlp,viasm,0.35847627470591015,0.5496932676206993,-0.45433220184769296,0.7675211821438765,area
11,synthetic,deepsets,synthetic,0.06619961596075702,0.1436492978351152,0.6424573441331298,0.4995734111406622,area
11,synthetic,direct_full,synthetic,0.09226899254338204,0.21678356758841275,0.18572038024815563,0.6092459530422766,area
11,synthetic,direct_no_coordinates,synthetic,0.06939090420443647,0.14749521254364203,0.623056121415827,0.604341987753308,area
11,synthetic,direct_no_fiedler,synthetic,0.1011435180757229,0.2269742098441908,0.10736507976289211,0.605946966539893,area
11,synthetic,residual_full,synthetic,0.07222856349664024,0.15314550789009115,0.5936227643031446,0.5315522069850888,area
11,synthetic,residual_no_coordinates,synthetic,0.0644052072764418,0.17520022071043093,0.468148798452773,0.7265175184200129,area
11,synthetic,residual_no_fiedler,synthetic,0.05507989167955006,0.13678924685579696,0.6757912262068579,0.7574524836357868,area
11,synthetic,spectral,synthetic,0.07617068856268548,0.23000296086771674,0.08338343722520003,0.8705002083701467,area
11,synthetic,summary_mlp,synthetic,0.0599847278689403,0.14213436466920062,0.6499589063933078,0.564828280020473,area
22,osm,deepsets,cantho,0.08188145752191389,0.14850665084646553,0.8914054139692447,0.8103259270539928,area
22,osm,deepsets,dalat,0.1956128045746466,0.3792035470213045,-0.8302484655188846,0.5752810801142619,area
22,osm,deepsets,danang,0.13525295066741166,0.28296764338486774,0.6184357324086736,0.8279112222014826,area
22,osm,deepsets,hcmus,0.1467069919922173,0.28965432703115157,0.5496792483649808,0.8290659191247709,area
22,osm,deepsets,viasm,0.14759710280225133,0.267885407050957,0.6630896119662868,0.6983687639738714,area
22,osm,direct_full,cantho,0.03524897454915466,0.0921124593829757,0.9582214731427704,0.8709624857220954,area
22,osm,direct_full,dalat,0.17848521349867752,0.3758427536508634,-0.7979500910618629,0.6660691655096379,area
22,osm,direct_full,danang,0.05520578913247396,0.18012537100804324,0.8453877435713657,0.8833060141563756,area
22,osm,direct_full,hcmus,0.10588681729772663,0.26161327321819755,0.6326487952807388,0.9085729157366592,area
22,osm,direct_full,viasm,0.07079321984505167,0.2023953153315261,0.8076832099887137,0.8225521952341576,area
22,osm,direct_no_coordinates,cantho,0.035035753435571165,0.0899960960413709,0.9601192141668445,0.8834342681159837,area
22,osm,direct_no_coordinates,dalat,0.1627987233727234,0.35210949528928387,-0.5780499396108958,0.6743523639367649,area
22,osm,direct_no_coordinates,danang,0.05638500842793878,0.18821736259201927,0.831184037683828,0.9278813731035009,area
22,osm,direct_no_coordinates,hcmus,0.10568320903988468,0.26138774641629586,0.633281881144516,0.8995940187524195,area
22,osm,direct_no_coordinates,viasm,0.07855007123204504,0.21817909021494972,0.7765180035997468,0.8105766695230057,area
22,osm,direct_no_fiedler,cantho,0.03614465418587209,0.0941485402307148,0.9563540905142104,0.8686519001509012,area
22,osm,direct_no_fiedler,dalat,0.18501320834965873,0.3884404919494849,-0.9204997736663385,0.6602410628041196,area
22,osm,direct_no_fiedler,danang,0.09179230791541121,0.2556654208115291,0.6885142899025949,0.8789604329667932,area
22,osm,direct_no_fiedler,hcmus,0.10790159282139122,0.26546683013278555,0.6217469423414155,0.8941916482989793,area
22,osm,direct_no_fiedler,viasm,0.07259947147503203,0.20567911184295165,0.8013920329575119,0.8189109626362264,area
22,osm,residual_full,cantho,0.03655816095478686,0.09054278227834614,0.9596332265015689,0.9246682742390759,area
22,osm,residual_full,dalat,0.17523249070060448,0.37327540307595414,-0.7734706910578482,0.6657693302255606,area
22,osm,residual_full,danang,0.0597679534825584,0.1897541080127779,0.8284161077668982,0.9062371685645375,area
22,osm,residual_full,hcmus,0.1067856723734261,0.2590949924138016,0.6396869781387995,0.9255395301514591,area
22,osm,residual_full,viasm,0.06999335164239431,0.20513252518622382,0.8024462209186005,0.8697152673946685,area
22,osm,residual_no_coordinates,cantho,0.03243294914724212,0.07996032932366773,0.9685177680326659,0.9310752033931163,area
22,osm,residual_no_coordinates,dalat,0.16390069036741065,0.3530107845092509,-0.5861388989344289,0.6612563448621883,area
22,osm,residual_no_coordinates,danang,0.05800179345475037,0.18571054377922375,0.8356509246703495,0.9104968375175297,area
22,osm,residual_no_coordinates,hcmus,0.10031634477804045,0.24614725897885079,0.674798958962257,0.9215139815111588,area
22,osm,residual_no_coordinates,viasm,0.06741489353139482,0.196588535991742,0.818560154940172,0.862165143475123,area
22,osm,residual_no_fiedler,cantho,0.03431529323766702,0.0879527804868466,0.9619096017522637,0.9250305753389026,area
22,osm,residual_no_fiedler,dalat,0.17428353886369627,0.3723268512239608,-0.7644688040343783,0.6740715230057951,area
22,osm,residual_no_fiedler,danang,0.07573148040508378,0.21042769580541937,0.7889915044869044,0.89891046052586,area
22,osm,residual_no_fiedler,hcmus,0.10791492945414526,0.26459568275260414,0.624225395099862,0.9166776773470424,area
22,osm,residual_no_fiedler,viasm,0.07063376682621379,0.21011579389830784,0.7927313176937087,0.8734103303907177,area
22,osm,spectral,cantho,0.3895386853324123,0.5929743499280075,-0.731363196931379,0.4439640459583451,area
22,osm,spectral,dalat,0.828319949324368,0.8747328223191125,-8.739039220892526,0.0841230907244894,area
22,osm,spectral,danang,0.5955799911973328,0.7489066375883111,-1.6726956154891361,0.3355809792856058,area
22,osm,spectral,hcmus,0.6414074520123392,0.770954763097664,-2.190213225472084,0.18878628493628058,area
22,osm,spectral,viasm,0.41040221207421934,0.6165849433048184,-0.784851628975995,0.3136483882541771,area
22,osm,summary_mlp,cantho,0.13448300474266603,0.18543127324579653,0.8306901102052759,0.8366652359889799,area
22,osm,summary_mlp,dalat,0.1839045480835687,0.34217452781942326,-0.4902551201339973,0.5928761891747237,area
22,osm,summary_mlp,danang,0.2828698958799455,0.36666910097786454,0.3593176363983913,0.8327904487779862,area
22,osm,summary_mlp,hcmus,0.4101311788052009,0.4923050456904229,-0.30085980021634473,0.834736515968859,area
22,osm,summary_mlp,viasm,0.3261511853517506,0.4741201318568551,-0.055341660052677266,0.7453524172173499,area
22,synthetic,deepsets,synthetic,0.07917973920064383,0.14192600482939582,0.6439555803821678,0.4097927273191281,area
22,synthetic,direct_full,synthetic,0.06534573620920645,0.1285565108727714,0.7078752312658387,0.5487065843012104,area
22,synthetic,direct_no_coordinates,synthetic,0.06003850289392233,0.1380331957680113,0.6632192080368053,0.5410517639829832,area
22,synthetic,direct_no_fiedler,synthetic,0.05565066686088332,0.1167695335659834,0.7589876380845253,0.5478046135954188,area
22,synthetic,residual_full,synthetic,0.037187943247119305,0.09524566722860815,0.8396493646624068,0.7522797849118266,area
22,synthetic,residual_no_coordinates,synthetic,0.03606012618848678,0.09248992607256505,0.8487939763760558,0.788689509091279,area
22,synthetic,residual_no_fiedler,synthetic,0.039694739431272934,0.10124026424941257,0.8188297982085897,0.7573681415525559,area
22,synthetic,spectral,synthetic,0.06897540929649917,0.21577206371182972,0.17705528863885456,0.9389032313227742,area
22,synthetic,summary_mlp,synthetic,0.06584320805764002,0.13795996999029028,0.6635764336159216,0.41205185096081626,area
33,osm,deepsets,cantho,0.0831763479684583,0.14231642416089335,0.9018866984148561,0.8076848370137562,area
33,osm,deepsets,dalat,0.23387648456965165,0.4134275825137062,-0.9395779451003665,0.53803145300747,area
33,osm,deepsets,danang,0.17063179455959268,0.3196602789215043,0.4876383683976002,0.7696488098697816,area
33,osm,deepsets,hcmus,0.14455002507485928,0.25829625527565153,0.6410307630753296,0.8205262334224429,area
33,osm,deepsets,viasm,0.11780197621505435,0.21730852105417922,0.7853750636221459,0.765728840463509,area
33,osm,direct_full,cantho,0.045991251720502134,0.07669643899378877,0.9715050273566483,0.894642927204177,area
33,osm,direct_full,dalat,0.19734002346343246,0.4019741825438018,-0.8336002632268649,0.5559722742642595,area
33,osm,direct_full,danang,0.08114376225930701,0.20521676772185346,0.788833540834058,0.7850326704814581,area
33,osm,direct_full,hcmus,0.107160965016421,0.23698957791408964,0.6978104047582105,0.8542976357910005,area
33,osm,direct_full,viasm,0.06847574899658677,0.17589610077819468,0.8593825909200649,0.8311987320068367,area
33,osm,direct_no_coordinates,cantho,0.04612747206507684,0.1098108568687085,0.9415871488459806,0.8851524740279685,area
33,osm,direct_no_coordinates,dalat,0.22540615772263742,0.41782051368266043,-0.9810154315203037,0.5779550699649357,area
33,osm,direct_no_coordinates,danang,0.14073262473834103,0.3204986989857731,0.48494715116295095,0.7957098282403039,area
33,osm,direct_no_coordinates,hcmus,0.11064673698998405,0.25368470343212574,0.65373421992281,0.8545718095445513,area
33,osm,direct_no_coordinates,viasm,0.07693579417268993,0.20695164346555361,0.805345509730974,0.8361468062784339,area
33,osm,direct_no_fiedler,cantho,0.034212137235750645,0.07324216689566475,0.9740139533855237,0.8910850897895551,area
33,osm,direct_no_fiedler,dalat,0.1771044590038876,0.3810841785492895,-0.6479733275746671,0.6084397239314004,area
33,osm,direct_no_fiedler,danang,0.09580108090569622,0.2601434912888243,0.6606677156421781,0.8388109827697344,area
33,osm,direct_no_fiedler,hcmus,0.0964474378700407,0.23438694046655928,0.7044112968113966,0.8740433886126513,area
33,osm,direct_no_fiedler,viasm,0.05641134735786319,0.17514365535334098,0.8605830793458156,0.8393064241826678,area
33,osm,residual_full,cantho,0.024404274301330516,0.06100095558504046,0.9819743422616187,0.9670510294435751,area
33,osm,residual_full,dalat,0.18230860518216652,0.3848520871460883,-0.6807225756706434,0.6338148491930485,area
33,osm,residual_full,danang,0.08759163200178312,0.23700425756205742,0.7183488379522516,0.8945096409062888,area
33,osm,residual_full,hcmus,0.08989833266654557,0.22164612576397483,0.7356731374860723,0.9501718688502778,area
33,osm,residual_full,viasm,0.05078070176346297,0.1696512050328251,0.8691901147238046,0.9275953957181593,area
33,osm,residual_no_coordinates,cantho,0.04095822885031572,0.11886560844699752,0.931556804232416,0.958476199438456,area
33,osm,residual_no_coordinates,dalat,0.24574158958536535,0.4577284979325104,-1.3775203651129484,0.6151866850760245,area
33,osm,residual_no_coordinates,danang,0.16173864366411628,0.37012305653180494,0.3131031388793297,0.8320147718789587,area
33,osm,residual_no_coordinates,hcmus,0.10357749175394547,0.25088935502496246,0.6613231731434184,0.939094143049311,area
33,osm,residual_no_coordinates,viasm,0.07123104381217152,0.22402365849405667,0.771905697187518,0.9055625941608892,area
33,osm,residual_no_fiedler,cantho,0.024146967921524803,0.05894503627398731,0.9831689068872015,0.9657969872836998,area
33,osm,residual_no_fiedler,dalat,0.17317333106301766,0.3785279810108607,-0.6259392607786465,0.6703781168921553,area
33,osm,residual_no_fiedler,danang,0.053611614291271134,0.18915881868261605,0.820587607302309,0.9257449797989357,area
33,osm,residual_no_fiedler,hcmus,0.08712642776964266,0.21868736644476794,0.7426830463295215,0.9690102171773773,area
33,osm,residual_no_fiedler,viasm,0.04933882692469743,0.17112648268518996,0.866905191653245,0.9330400660253494,area
33,osm,spectral,cantho,0.4146267337111313,0.6125262262229197,-0.8174698739696871,0.42886848514794074,area
33,osm,spectral,dalat,0.8302417065356873,0.87995754515667,-7.7868210181984026,0.23814239723957797,area
33,osm,spectral,danang,0.6466798284721794,0.7838297492454406,-2.080652674538087,0.2827027775280534,area
33,osm,spectral,hcmus,0.6390751320291055,0.7687479151853281,-2.1797202597961274,0.2163613288806373,area
33,osm,spectral,viasm,0.4198905235046957,0.6256542069346968,-0.7790797050323706,0.4627534145988601,area
33,osm,summary_mlp,cantho,0.11795540489178574,0.15732369076513616,0.8801036128787441,0.8303193489679517,area
33,osm,summary_mlp,dalat,0.16864574700764265,0.3597055206895573,-0.468258581744845,0.5734385788286787,area
33,osm,summary_mlp,danang,0.46095260210362143,0.5562392205867966,-0.5513952861344702,0.7991050855345302,area
33,osm,summary_mlp,hcmus,0.4766775330159871,0.5611426946123014,-0.6942115519720187,0.8336123598132944,area
33,osm,summary_mlp,viasm,0.33583365764337175,0.4863650894073381,-0.07510642156468217,0.8123110218128379,area
33,synthetic,deepsets,synthetic,0.10726165785054952,0.224218525290478,0.5459091728432677,0.46520819192874163,area
33,synthetic,direct_full,synthetic,0.0931130876031733,0.18427534301607723,0.6932855748023328,0.36476771110779777,area
33,synthetic,direct_no_coordinates,synthetic,0.07809431016676174,0.16325183644460844,0.7592779372635252,0.7186964417152458,area
33,synthetic,direct_no_fiedler,synthetic,0.08044900896090454,0.1621424450411066,0.7625385142428133,0.6999306630390344,area
33,synthetic,residual_full,synthetic,0.061225292497192475,0.1494998776408256,0.7981255205657242,0.8713191325090547,area
33,synthetic,residual_no_coordinates,synthetic,0.05023729271416631,0.14481402164403498,0.8105821187613711,0.8750854592085207,area
33,synthetic,residual_no_fiedler,synthetic,0.062355586970165314,0.1361482066310231,0.8325737324500428,0.8556722618081877,area
33,synthetic,spectral,synthetic,0.1471445432036809,0.3380497129959537,-0.03219295002735878,0.8229198490148124,area
33,synthetic,summary_mlp,synthetic,0.10995933884163524,0.21534612859455685,0.5811351832940288,0.6588638033942591,area
44,osm,deepsets,cantho,0.08902412013116218,0.19473099830887144,0.8182810224117973,0.8222129214207128,area
44,osm,deepsets,dalat,0.20566398929476082,0.3932348008239888,-0.7473134633103482,0.5502583121436267,area
44,osm,deepsets,danang,0.10605091962023148,0.26151689214494955,0.6856380215517182,0.7777890518639994,area
44,osm,deepsets,hcmus,0.08795555262794494,0.23100232545476748,0.7299746246200134,0.7885645284614,area
44,osm,deepsets,viasm,0.1055468179360938,0.20906348591401278,0.8045141906223334,0.80896617417281,area
44,osm,direct_full,cantho,0.04838104607625116,0.14713885836388105,0.8962507733432687,0.856017151861084,area
44,osm,direct_full,dalat,0.1900543777387951,0.39585485885988597,-0.7706751500483173,0.5683622097521953,area
44,osm,direct_full,danang,0.07912637326242379,0.234982148503565,0.7461949487970772,0.8293249527910768,area
44,osm,direct_full,hcmus,0.06971251495577603,0.21359889567414792,0.7691287359387873,0.843575086941857,area
44,osm,direct_full,viasm,0.04558747420655429,0.14194452012542016,0.9098851999211799,0.8705597158093644,area
44,osm,direct_no_coordinates,cantho,0.04743990852138952,0.1458689753895482,0.8980338624064823,0.8636545041824744,area
44,osm,direct_no_coordinates,dalat,0.19109309097047786,0.3968097869715982,-0.7792283199553669,0.614252080862256,area
44,osm,direct_no_coordinates,danang,0.07804806811263174,0.23421139794190823,0.7478571990214721,0.85463630530497,area
44,osm,direct_no_coordinates,hcmus,0.06930638881795316,0.2119159821135681,0.7727524042163989,0.9175713478342047,area
44,osm,direct_no_coordinates,viasm,0.04618795430437636,0.14070047808634045,0.9114578613035664,0.8865666868381905,area
44,osm,direct_no_fiedler,cantho,0.04871314940401414,0.1418242168893497,0.9036102414401551,0.8586174830112715,area
44,osm,direct_no_fiedler,dalat,0.1926551534482026,0.39765730124425397,-0.7868366591111176,0.5743932988669332,area
44,osm,direct_no_fiedler,danang,0.07697613308824,0.22755187689675604,0.7619921043994001,0.8332494893675517,area
44,osm,direct_no_fiedler,hcmus,0.0703529913465081,0.20351201274638098,0.7904189683724263,0.8404885649407554,area
44,osm,direct_no_fiedler,viasm,0.05076988336690343,0.13644242866625955,0.9167359092007749,0.8741625169921848,area
44,osm,residual_full,cantho,0.03673819351215675,0.12828668325416592,0.9211333746687342,0.9547415838294688,area
44,osm,residual_full,dalat,0.17990113493282237,0.3806717815106878,-0.6374509575362506,0.6581748269256533,area
44,osm,residual_full,danang,0.06863047420061998,0.22810113855887168,0.7608417171593306,0.8842968872478706,area
44,osm,residual_full,hcmus,0.06241922360950634,0.19680342546816085,0.8040085250124722,0.9493886124802602,area
44,osm,residual_full,viasm,0.037663327899348044,0.12991990502987877,0.9245063800320226,0.9526476664131625,area
44,osm,residual_no_coordinates,cantho,0.03813300462507449,0.13673973906706582,0.9103976092238713,0.9470831862363184,area
44,osm,residual_no_coordinates,dalat,0.1859835158963118,0.39291827265978,-0.7445016504819539,0.6622237143803176,area
44,osm,residual_no_coordinates,danang,0.07007206011432619,0.23119928478239418,0.7543009411405094,0.8864741508736457,area
44,osm,residual_no_coordinates,hcmus,0.06384205820843131,0.20263407923444368,0.7922232975846308,0.9640318002474524,area
44,osm,residual_no_coordinates,viasm,0.03755184143455149,0.13410857700954149,0.9195600169497737,0.957712638047506,area
44,osm,residual_no_fiedler,cantho,0.05205515853923684,0.15012902187813446,0.8919911320519432,0.9316832484359178,area
44,osm,residual_no_fiedler,dalat,0.19858995937038101,0.39004240651734423,-0.7190582266541983,0.6242689281236061,area
44,osm,residual_no_fiedler,danang,0.08992793950620401,0.2444713502503595,0.725282413223387,0.857187366270893,area
44,osm,residual_no_fiedler,hcmus,0.06636448560941195,0.20632959854470934,0.784575575658863,0.9327820936033663,area
44,osm,residual_no_fiedler,viasm,0.05315956553150914,0.15046481550139615,0.8987421327980797,0.9283936781266485,area
44,osm,spectral,cantho,0.4207344679801913,0.6179302761809087,-0.8298228770751352,0.384466546245802,area
44,osm,spectral,dalat,0.8303783260395838,0.8810500166718288,-7.771382699245121,0.17718240857846412,area
44,osm,spectral,danang,0.5472527629513844,0.7167089976504748,-1.3611100719177247,0.35560091601299504,area
44,osm,spectral,hcmus,0.6545878643760047,0.7869372833451357,-2.1336617615633275,0.403067381111365,area
44,osm,spectral,viasm,0.45981809066905754,0.6579756574285196,-0.9363261698423047,0.3270122163621461,area
44,osm,summary_mlp,cantho,0.08714592133003282,0.1477410993173969,0.8953997418250629,0.8392499022330753,area
44,osm,summary_mlp,dalat,0.18504187720499282,0.3654227255110434,-0.5088915879023383,0.574606268438341,area
44,osm,summary_mlp,danang,0.2354183174759002,0.3314611053282656,0.4949950105516383,0.8038939571884425,area
44,osm,summary_mlp,hcmus,0.27950480225964225,0.3449532631541738,0.39786705476160933,0.822991777693341,area
44,osm,summary_mlp,viasm,0.28718735441982857,0.3895653040474206,0.3212350593134359,0.8518098744433554,area
44,synthetic,deepsets,synthetic,0.08674881802844668,0.22309070042818793,0.5808285551175911,0.37944139417662043,area
44,synthetic,direct_full,synthetic,0.08548270394768069,0.20884824938107593,0.6326412115404727,0.6489716742705555,area
44,synthetic,direct_no_coordinates,synthetic,0.08353290234821807,0.1997255261596085,0.6640335553575718,0.6510744166096826,area
44,synthetic,direct_no_fiedler,synthetic,0.10135164678541794,0.214441001322227,0.6127027542366872,0.6533133265046719,area
44,synthetic,residual_full,synthetic,0.07583252525782834,0.17882263208495092,0.7306768275629076,0.8052239446155793,area
44,synthetic,residual_no_coordinates,synthetic,0.06917953105051103,0.18013118221122867,0.7267208147288738,0.8102660724436659,area
44,synthetic,residual_no_fiedler,synthetic,0.06939240888909426,0.1861863858278625,0.7080391637326643,0.7989179671948052,area
44,synthetic,spectral,synthetic,0.1333385171958188,0.3344372207098645,0.057984677653579175,0.9088755292116082,area
44,synthetic,summary_mlp,synthetic,0.10326714818812936,0.21719095660513835,0.6027057936551892,0.5427327849347304,area
55,osm,deepsets,cantho,0.08566882967730387,0.13395461502595793,0.9132897816124842,0.8175033563537154,area
55,osm,deepsets,dalat,0.19609482781447454,0.3630641417277456,-0.36454195784639,0.6037476113057813,area
55,osm,deepsets,danang,0.12677653662662103,0.24149172854312462,0.7264690236200777,0.813758341429321,area
55,osm,deepsets,hcmus,0.1046428606109581,0.20663436480233058,0.7932913997374101,0.8425359612179049,area
55,osm,deepsets,viasm,0.11147724793799178,0.20503164304034116,0.8045169932233778,0.7347025202838754,area
55,osm,direct_full,cantho,0.10784449221622396,0.2617611087166302,0.6688954400608272,0.8624269258609953,area
55,osm,direct_full,dalat,0.22043574473217112,0.4221599048650598,-0.8449055846200313,0.6666716837257571,area
55,osm,direct_full,danang,0.18580558624363244,0.3931185600606781,0.275148416048677,0.8561653092468976,area
55,osm,direct_full,hcmus,0.11766504234874539,0.30168850023956084,0.5593731485380395,0.8892117978483216,area
55,osm,direct_full,viasm,0.12970753213159453,0.3095151396372799,0.554517118201703,0.8115879542083769,area
55,osm,direct_no_coordinates,cantho,0.09361440872765069,0.23637961827611617,0.7299930315038627,0.8763935533766266,area
55,osm,direct_no_coordinates,dalat,0.21464115037910625,0.41209285742555873,-0.7579655222567636,0.6639307885495858,area
55,osm,direct_no_coordinates,danang,0.17476492232422086,0.3803866711185025,0.3213394934646636,0.8630525426814102,area
55,osm,direct_no_coordinates,hcmus,0.10116387327100367,0.2776140221833678,0.6268905542850178,0.90127488064034,area
55,osm,direct_no_coordinates,viasm,0.08962574714480727,0.24544622311822442,0.7198568976718484,0.8164738554065549,area
55,osm,direct_no_fiedler,cantho,0.07802595615400709,0.21003171998089923,0.7868306815619412,0.8787803204684109,area
55,osm,direct_no_fiedler,dalat,0.16894255788393303,0.3625072314510319,-0.36035898013401857,0.6778580060595052,area
55,osm,direct_no_fiedler,danang,0.11422330541192402,0.2973006036019378,0.5854340991020488,0.8695700695739365,area
55,osm,direct_no_fiedler,hcmus,0.09058054830483485,0.2561113632562892,0.6824507123810613,0.9072654899251742,area
55,osm,direct_no_fiedler,viasm,0.08012139316055027,0.2301927251152795,0.7535944900012698,0.8161070301269,area
55,osm,residual_full,cantho,0.08214852516001284,0.22436439243913675,0.7567444339866944,0.9229994754331999,area
55,osm,residual_full,dalat,0.21405658870266805,0.4140880107054035,-0.7750291582937927,0.670267411112763,area
55,osm,residual_full,danang,0.16209540100457287,0.3584271135894581,0.3974352730212738,0.868007362524886,area
55,osm,residual_full,hcmus,0.10048574484306032,0.2738758051792501,0.6368711269673009,0.9164778768630693,area
55,osm,residual_full,viasm,0.09222376085460826,0.2499158067004355,0.7095611710165864,0.8601997029069332,area
55,osm,residual_no_coordinates,cantho,0.04153209226907025,0.11915123523180904,0.9313955926647559,0.938140915621088,area
55,osm,residual_no_coordinates,dalat,0.19321935415114055,0.3787224521992607,-0.48478059886666025,0.67689419412989,area
55,osm,residual_no_coordinates,danang,0.11727060743797668,0.29435828779843265,0.5935992210493974,0.8856232415834675,area
55,osm,residual_no_coordinates,hcmus,0.08534835946869204,0.24330489084863405,0.7134138981275768,0.9241311196743497,area
55,osm,residual_no_coordinates,viasm,0.06648345573415101,0.20694871970470446,0.8008443120994334,0.9021636713901,area
55,osm,residual_no_fiedler,cantho,0.033096674656467505,0.09436181448902589,0.9569723640371949,0.9369472274841635,area
55,osm,residual_no_fiedler,dalat,0.16637038987602223,0.35855276016306864,-0.33084145071900517,0.6186526602325053,area
55,osm,residual_no_fiedler,danang,0.08128587439924637,0.2407581738803349,0.728128253751896,0.8769826164836058,area
55,osm,residual_no_fiedler,hcmus,0.06758596287419477,0.207795048836751,0.7909626756837758,0.8668013661487775,area
55,osm,residual_no_fiedler,viasm,0.06894565194675671,0.2047757941392853,0.8050045560857969,0.8918846026168018,area
55,osm,spectral,cantho,0.4284933068856459,0.6218607760476025,-0.8687071524483863,0.46922921111385374,area
55,osm,spectral,dalat,0.8098590054578116,0.8646318996665526,-6.73896152520062,0.21427716091412397,area
55,osm,spectral,danang,0.5823222169817923,0.7403520882333052,-1.570861064123728,0.329606249425852,area
55,osm,spectral,hcmus,0.6273779605288352,0.7707562238653647,-1.8759910339170718,0.385458162964079,area
55,osm,spectral,viasm,0.4110642737461383,0.6170747278903658,-0.7706908668736272,0.3884121591150088,area
55,osm,summary_mlp,cantho,0.2778938286193979,0.3955761420261717,0.2438375623619944,0.847303668447479,area
55,osm,summary_mlp,dalat,0.16641711419832705,0.3272927642843278,-0.10890154139074015,0.5961824332018366,area
55,osm,summary_mlp,danang,0.5047016401280231,0.6363447106787438,-0.8992707185749726,0.8225899003724908,area
55,osm,summary_mlp,hcmus,0.5582787747652027,0.6836254192499854,-1.2625065883444608,0.8481700909071985,area
55,osm,summary_mlp,viasm,0.4101608508315324,0.6059812421220955,-0.7075978071963691,0.7722254296233838,area
55,synthetic,deepsets,synthetic,0.09241160343077999,0.17479215218517766,0.663062415844153,0.22333996760995614,area
55,synthetic,direct_full,synthetic,0.05900810292242144,0.14370393604924245,0.7722581074729263,0.5738882377073163,area
55,synthetic,direct_no_coordinates,synthetic,0.06459161747702427,0.15386148741421096,0.7389249011229502,0.5704911649468367,area
55,synthetic,direct_no_fiedler,synthetic,0.06644246184970844,0.14055035706153396,0.7821440104506893,0.5726205876044458,area
55,synthetic,residual_full,synthetic,0.04553254568902159,0.12847415708167098,0.8179724381599968,0.7673223650128683,area
55,synthetic,residual_no_coordinates,synthetic,0.04924243408401852,0.11976419119453527,0.8418170866742478,0.7594539113070187,area
55,synthetic,residual_no_fiedler,synthetic,0.05886901083564012,0.13335250767790396,0.8038862825898657,0.7422695929070097,area
55,synthetic,spectral,synthetic,0.1081276393068101,0.29667359025021844,0.029348404514569548,0.8479487840445331,area
55,synthetic,summary_mlp,synthetic,0.09388057134458334,0.20389887295051867,0.5415043195112783,0.41319828884808396,area
