target,prediction,spectral,failed_count,graph_id,model,split,seed
0.0238202697489281,0.0462180972099304,0.0180070966416578,5,12,direct_full,synthetic,11
0.0033829070607879,0.2492336332798004,0.002032691899479,7,12,direct_full,synthetic,11
0.0610363703000365,0.1603974103927612,0.0408066634531852,7,12,direct_full,synthetic,11
0.0269845509290753,0.1817802786827087,0.0118640178565434,7,12,direct_full,synthetic,11
0.0039189455328986,0.0698995739221572,0.0027922630996486,6,12,direct_full,synthetic,11
0.1352109240341633,0.0375779718160629,0.0917618974831014,3,12,direct_full,synthetic,11
0.0011367940466351,0.0171558316797018,0.000984277338324,1,12,direct_full,synthetic,11
0.0444002886894429,0.3245238363742828,0.0242651964750651,7,12,direct_full,synthetic,11
0.0175608067044688,0.0633484423160553,0.009306571429577,3,12,direct_full,synthetic,11
0.0012312440669116,0.0227086599916219,0.0009603055255578,2,12,direct_full,synthetic,11
0.0077701637227685,0.0164637509733438,0.0064512178225199,1,12,direct_full,synthetic,11
0.0372242703302128,0.0282629951834678,0.0197425718839495,2,12,direct_full,synthetic,11
0.0011986995267468,0.0174718797206878,0.0009312401239831,1,12,direct_full,synthetic,11
0.1548099776956499,0.1392963826656341,0.1021400788960385,4,12,direct_full,synthetic,11
0.0008763903863726,0.0279886592179536,0.0007046057448646,3,12,direct_full,synthetic,11
0.0023165787781023,0.0431788228452205,0.0018235675742749,4,12,direct_full,synthetic,11
0.0365829960318702,0.0556489005684852,0.0260780414977149,5,12,direct_full,synthetic,11
0.0240515470714783,0.0394009724259376,0.0143300397825573,3,12,direct_full,synthetic,11
0.0291782532901234,0.0550891272723674,0.0185811614217653,5,12,direct_full,synthetic,11
0.0115067700701927,0.0715678483247757,0.0057857606479118,5,12,direct_full,synthetic,11
0.0034322816767539,0.0181693639606237,0.0022597338932902,1,23,direct_full,synthetic,11
0.0178933452185207,0.055119264870882,0.0128444443685885,4,23,direct_full,synthetic,11
0.0413382046215291,0.0789954513311386,0.0246707101689125,6,23,direct_full,synthetic,11
1.0,1.0,0.0304661693227205,8,23,direct_full,synthetic,11
0.0708603324011728,0.2884868383407593,0.0425326785772605,8,23,direct_full,synthetic,11
0.1611125745296255,0.0296520311385393,0.118583967064942,2,23,direct_full,synthetic,11
0.0097147970875515,0.0272066369652748,0.0064097205896061,2,23,direct_full,synthetic,11
0.0875543407473146,0.0911565572023391,0.0571590550950164,4,23,direct_full,synthetic,11
0.0108549103161026,0.0473314560949802,0.0049730606646513,3,23,direct_full,synthetic,11
0.038768306069605,0.0265254750847816,0.0274680128440484,2,23,direct_full,synthetic,11
0.0202719889183137,0.0220135916024446,0.0138674120855915,2,23,direct_full,synthetic,11
0.0611251289930466,0.1609559804201126,0.0445661529593464,8,23,direct_full,synthetic,11
0.0477301742649864,0.0782418772578239,0.0289985246400287,6,23,direct_full,synthetic,11
0.0619434736359847,0.0909054800868034,0.0430769304481541,4,23,direct_full,synthetic,11
0.0569972770970675,0.0920945554971695,0.0327106422735209,5,23,direct_full,synthetic,11
0.0067038205998386,0.0310708153992891,0.0051051756560208,3,23,direct_full,synthetic,11
0.0173130990261451,0.0604052543640136,0.0100010585318236,5,23,direct_full,synthetic,11
0.0372987615099845,0.0260255299508571,0.0201015515162379,2,23,direct_full,synthetic,11
0.0558541765994289,0.0195425450801849,0.0389510536325429,1,23,direct_full,synthetic,11
0.1652087377239792,0.0675660967826843,0.0738771118072706,5,23,direct_full,synthetic,11
0.0040763158687969,0.0234757866710424,0.0027606789351577,2,24,direct_full,synthetic,11
0.0214113664277433,0.1273293197154998,0.0147994664508081,7,24,direct_full,synthetic,11
1.5251858200615588e-05,0.0160819683223962,1.063216933853505e-05,1,24,direct_full,synthetic,11
0.0444760659494278,0.0390351712703704,0.0279254689244606,4,24,direct_full,synthetic,11
0.0626778966466732,0.0318082422018051,0.0477845840981661,4,24,direct_full,synthetic,11
0.0361621140087795,0.1401536464691162,0.0210592107841746,7,24,direct_full,synthetic,11
0.044889631135045,0.0432307720184326,0.0336073971895539,5,24,direct_full,synthetic,11
0.018794748701998,0.0249869991093873,0.0068007354583393,2,24,direct_full,synthetic,11
0.0021068974920923,0.0730356946587562,0.0015008865207847,5,24,direct_full,synthetic,11
1.0,1.0,0.0889442478988927,5,24,direct_full,synthetic,11
0.0337050069852358,0.130959153175354,0.0258137747045482,8,24,direct_full,synthetic,11
0.0301011850708524,0.0703748539090156,0.0243034475564409,5,24,direct_full,synthetic,11
0.029298114759323,0.1376095712184906,0.0153730065194832,8,24,direct_full,synthetic,11
0.0150586381352009,0.0381767675280571,0.0066645959566227,3,24,direct_full,synthetic,11
0.0521167387445282,0.1177884936332702,0.0400394855264361,8,24,direct_full,synthetic,11
0.033348886124684,0.1501161307096481,0.0203188150241985,8,24,direct_full,synthetic,11
0.0305770968489347,0.0634641796350479,0.0218539305568798,7,24,direct_full,synthetic,11
0.2504309164006346,0.0695396140217781,0.1275846792581402,7,24,direct_full,synthetic,11
0.0222317044878472,0.0454072803258895,0.0164028617422459,4,24,direct_full,synthetic,11
0.0508766218281264,0.187895581126213,0.0305243032602195,8,24,direct_full,synthetic,11
0.0223493659722867,0.1446143239736557,0.0153437317380576,5,57,direct_full,synthetic,11
0.0229264629535799,0.0400113053619861,0.0156590470160671,3,57,direct_full,synthetic,11
0.0531725407307783,0.2058134078979492,0.0320376299265446,6,57,direct_full,synthetic,11
0.0327759697700154,0.3421494960784912,0.0229392263443815,8,57,direct_full,synthetic,11
0.0189194367622738,0.0296886656433343,0.0090701003078527,2,57,direct_full,synthetic,11
0.0108363736824571,0.0527129769325256,0.0074374298558633,3,57,direct_full,synthetic,11
1.0,1.0,0.0753062559686344,7,57,direct_full,synthetic,11
0.0891002669292725,0.1411919444799423,0.0370571209862282,6,57,direct_full,synthetic,11
0.0510170956527338,0.0720309466123581,0.0359095832953077,5,57,direct_full,synthetic,11
0.1469186579735769,0.1336232125759124,0.0812500138322375,6,57,direct_full,synthetic,11
0.0788286129127882,0.0633901879191398,0.0472267009780668,4,57,direct_full,synthetic,11
0.0187064229794091,0.0269051734358072,0.0122089907870545,2,57,direct_full,synthetic,11
0.0553227694918784,0.0426490493118763,0.023171259838177,3,57,direct_full,synthetic,11
0.0358236416581698,0.2926587462425232,0.022680777190629,7,57,direct_full,synthetic,11
0.0020585063395222,0.0286321006715297,0.0012788913887265,2,57,direct_full,synthetic,11
0.0330806036264397,0.0387021712958812,0.0232537547722842,3,57,direct_full,synthetic,11
0.0043267293019444,0.0175429992377758,0.0032386195112289,1,57,direct_full,synthetic,11
0.0017910409538084,0.0382096916437149,0.0003826083290899,1,57,direct_full,synthetic,11
0.0469143451885257,0.0871991142630577,0.0304788884962624,5,57,direct_full,synthetic,11
0.0057538983627736,0.0191756077110767,0.0039270120865495,1,57,direct_full,synthetic,11
0.003038636532797,0.0278789140284061,0.0017705348771902,3,59,direct_full,synthetic,11
0.0032055898019682,0.0359869264066219,0.0025135688490328,5,59,direct_full,synthetic,11
0.1941512504334928,0.0502154119312763,0.1489384551289343,6,59,direct_full,synthetic,11
0.0016800527050453,0.0346123054623603,0.00142200373495,4,59,direct_full,synthetic,11
0.007590444764944,0.0345610156655311,0.0054775296355173,4,59,direct_full,synthetic,11
0.0052414403114251,0.0859520435333252,0.0037394408828756,7,59,direct_full,synthetic,11
0.0013695348921319,0.0296986121684312,0.0010430482429721,3,59,direct_full,synthetic,11
0.0216517295877836,0.0385326072573661,0.0165714286286524,5,59,direct_full,synthetic,11
8.774565748359553e-05,0.0154731096699833,6.770870180217793e-05,1,59,direct_full,synthetic,11
0.0023622286257865,0.0474802516400814,0.0016824888995377,6,59,direct_full,synthetic,11
9.047884205748424e-05,0.021794281899929,6.682517946269159e-05,2,59,direct_full,synthetic,11
0.0245318021324807,0.0880144611001014,0.0166230333121981,8,59,direct_full,synthetic,11
0.0030729443020597,0.0236077085137367,0.0020380729788622,3,59,direct_full,synthetic,11
0.0247722452587871,0.0433482937514781,0.0181614941669947,5,59,direct_full,synthetic,11
0.003130123821847,0.0380850471556186,0.00247545952347,6,59,direct_full,synthetic,11
0.0022627208532064,0.0277272891253232,0.0016823260978728,4,59,direct_full,synthetic,11
0.0034866107979528,0.0227978378534317,0.0021362523546521,2,59,direct_full,synthetic,11
0.0302785314624007,0.0229806136339902,0.0212172361544254,3,59,direct_full,synthetic,11
0.0055377217845322,0.0865674391388893,0.002810076678066,6,59,direct_full,synthetic,11
0.0443250442746953,0.1031660288572311,0.0331887612239682,8,59,direct_full,synthetic,11
0.0040847745318089,0.0494094751775264,0.0024444864534153,7,60,direct_full,synthetic,11
0.0035852441094964,0.0258531663566827,0.0023078453480331,3,60,direct_full,synthetic,11
0.000979859075451,0.0188179407268762,0.0007548288827016,2,60,direct_full,synthetic,11
0.1303413583057479,0.0995840355753898,0.0395904332815874,8,60,direct_full,synthetic,11
0.0051902132480848,0.0308493413031101,0.003334339735061,4,60,direct_full,synthetic,11
0.005261970314082,0.0450708903372287,0.0040122890829043,6,60,direct_full,synthetic,11
0.0142915813517593,0.0578593909740448,0.0115176982055769,8,60,direct_full,synthetic,11
0.0356137416067636,0.0530881695449352,0.0277488727394838,7,60,direct_full,synthetic,11
0.0103571122663199,0.0200508367270231,0.0065989386336397,2,60,direct_full,synthetic,11
0.0257524856822739,0.0587925724685192,0.0173190899967035,8,60,direct_full,synthetic,11
0.0142552412768668,0.0502510368824005,0.011096517449817,7,60,direct_full,synthetic,11
0.2210249397436162,0.0168751943856477,0.0790882681813612,1,60,direct_full,synthetic,11
0.0353978221356626,0.0326488688588142,0.0273274226074399,5,60,direct_full,synthetic,11
0.0025304382511696,0.0150474915280938,0.0020040706611598,1,60,direct_full,synthetic,11
0.2218883438447622,0.0198220182210207,0.081092338842521,2,60,direct_full,synthetic,11
0.020975572871265,0.0446367710828781,0.0158731864624151,6,60,direct_full,synthetic,11
0.0470051269483845,0.0298258420079946,0.0257261601511498,4,60,direct_full,synthetic,11
0.0071188504713832,0.0368912816047668,0.0056466382499942,5,60,direct_full,synthetic,11
0.0001175139970399,0.015714805573225,8.989087444273551e-05,1,60,direct_full,synthetic,11
0.0046557945878196,0.0186029262840747,0.0030264816912578,2,60,direct_full,synthetic,11
0.2731672678282401,0.0895533859729766,0.0903753005894098,5,65,direct_full,synthetic,11
0.0165211039492482,0.0196928810328245,0.0113801671734999,1,65,direct_full,synthetic,11
0.0669067174770772,0.1016042903065681,0.0288520607124241,5,65,direct_full,synthetic,11
0.0128738205625965,0.0165130458772182,0.0095958037716109,1,65,direct_full,synthetic,11
0.1450233797242469,0.3489550650119781,0.0552288206794016,8,65,direct_full,synthetic,11
1.0,0.9854187965393066,0.0308798997361562,7,65,direct_full,synthetic,11
0.0675215285396997,0.0821745321154594,0.0445069783633145,5,65,direct_full,synthetic,11
0.2406593062150122,0.3444362878799438,0.0655647135877004,8,65,direct_full,synthetic,11
0.1163695645685405,0.2926378846168518,0.0562988492884007,8,65,direct_full,synthetic,11
0.0166466313327292,0.0352692045271396,0.0122296458290013,3,65,direct_full,synthetic,11
1.0,0.0305392667651176,0.0041972584353275,2,65,direct_full,synthetic,11
0.0626437093933622,0.0537349171936512,0.0304483908008633,3,65,direct_full,synthetic,11
0.0378707639739336,0.0935913622379303,0.023728797473888,6,65,direct_full,synthetic,11
0.0027920074137958,0.0236101690679788,0.0024450634292644,2,65,direct_full,synthetic,11
0.144335475429405,0.1532653868198394,0.0640199093416181,5,65,direct_full,synthetic,11
0.0711684832426404,0.0643357411026954,0.0380358333283472,4,65,direct_full,synthetic,11
0.0608372311005758,0.1090351864695549,0.0242903068700053,5,65,direct_full,synthetic,11
0.2546776365649054,0.3413858413696289,0.115881867589429,7,65,direct_full,synthetic,11
0.1252075740191843,0.1087407544255256,0.0862188477956981,6,65,direct_full,synthetic,11
0.1289810712672127,0.1191499829292297,0.0731100676073669,5,65,direct_full,synthetic,11
0.0002762178443261,0.0340417511761188,0.0001914597954027,3,71,direct_full,synthetic,11
0.0903613193159436,0.0386293604969978,0.0611737399163464,5,71,direct_full,synthetic,11
0.2219212726977727,0.0311615969985723,0.0576767754450457,4,71,direct_full,synthetic,11
0.0041857789055651,0.0330184511840343,0.0031338051973598,4,71,direct_full,synthetic,11
0.01615230381379,0.0955966338515281,0.0122767336389935,7,71,direct_full,synthetic,11
0.0214659855064558,0.0694101899862289,0.0144700861902059,7,71,direct_full,synthetic,11
0.0313829254580219,0.0435173101723194,0.0232962741290464,6,71,direct_full,synthetic,11
0.0214419832354237,0.0258333180099725,0.0110244076603243,3,71,direct_full,synthetic,11
0.0252526519535588,0.0376741290092468,0.0157656011582674,4,71,direct_full,synthetic,11
0.0084774719874474,0.0288105122745037,0.0060231253640547,4,71,direct_full,synthetic,11
0.0633201057908953,0.0160619635134935,0.0266929750948518,1,71,direct_full,synthetic,11
0.1388930688147978,0.0446623712778091,0.0229804787877313,5,71,direct_full,synthetic,11
0.0084596227001044,0.0965990200638771,0.005965413781752,6,71,direct_full,synthetic,11
0.0028991329687334,0.016286252066493,0.0020889978598049,1,71,direct_full,synthetic,11
0.4198429052685736,0.0274340268224477,0.2941718042592222,4,71,direct_full,synthetic,11
0.0049236798262031,0.0209300238639116,0.003019838094737,2,71,direct_full,synthetic,11
5.76071541065204e-05,0.0153554314747452,4.829789423946932e-05,1,71,direct_full,synthetic,11
0.0227513735937617,0.0664836689829826,0.0155657524237277,8,71,direct_full,synthetic,11
0.0203812685047862,0.0502032116055488,0.0137657384186534,6,71,direct_full,synthetic,11
0.0464139786685038,0.0929249674081802,0.0333284946784158,8,71,direct_full,synthetic,11
0.0235380108482324,0.0381094142794609,0.0109308244189316,4,75,direct_full,synthetic,11
0.035723388219394,0.0598575137555599,0.0271932983251424,8,75,direct_full,synthetic,11
0.0186257490616323,0.0469793602824211,0.0135907461174961,7,75,direct_full,synthetic,11
0.0013390503930422,0.0160471238195896,0.0007080167302114,1,75,direct_full,synthetic,11
0.0335161138573961,0.0586490593850612,0.0261348345261276,8,75,direct_full,synthetic,11
0.0102739214189677,0.0231285169720649,0.0081369045880941,3,75,direct_full,synthetic,11
0.0111270822496684,0.0288826078176498,0.0042156485493141,3,75,direct_full,synthetic,11
0.1266045739826899,0.0160471238195896,0.079523529138032,1,75,direct_full,synthetic,11
0.0424634737546539,0.0760050266981124,0.0316298330455993,7,75,direct_full,synthetic,11
0.2135648690023336,0.0352476425468921,0.1329465190515956,5,75,direct_full,synthetic,11
0.0041563240676978,0.0300175063312053,0.0027757830476608,3,75,direct_full,synthetic,11
0.0221449901661394,0.0195059701800346,0.0153722649880451,2,75,direct_full,synthetic,11
0.0331780849379237,0.0234831385314464,0.0236571379445757,3,75,direct_full,synthetic,11
0.229579975594541,0.034760620445013,0.1374391717074854,4,75,direct_full,synthetic,11
0.0291798969540062,0.0173496473580598,0.0169147405817543,1,75,direct_full,synthetic,11
0.0032857727573255,0.0151846837252378,0.0028345605608479,1,75,direct_full,synthetic,11
0.002807196849796,0.0174510758370161,0.0020239361666624,2,75,direct_full,synthetic,11
0.1314937850007363,0.0511450208723545,0.0836532668648484,6,75,direct_full,synthetic,11
0.0050871794185299,0.0321511402726173,0.0039607907377815,5,75,direct_full,synthetic,11
0.0062164678934636,0.0911377593874931,0.0039047359750822,8,75,direct_full,synthetic,11
0.0020944170641962,0.0230572819709777,0.001766710469126,4,78,direct_full,synthetic,11
0.0049108673076407,0.0418910607695579,0.0038149815914,6,78,direct_full,synthetic,11
0.0033619006264355,0.0283358674496412,0.0029464926776114,5,78,direct_full,synthetic,11
0.0004371387630234,0.0160169824957847,0.0003240961739293,1,78,direct_full,synthetic,11
0.001713942774967,0.0163432098925113,0.0015561210111313,2,78,direct_full,synthetic,11
0.0019085409992131,0.0272295791655778,0.0015862770030886,5,78,direct_full,synthetic,11
0.0230786554800197,0.0414753705263137,0.0191133523719994,6,78,direct_full,synthetic,11
0.0005881332648937,0.0168356839567422,0.0004786101291426,2,78,direct_full,synthetic,11
0.0475312859228849,0.0483166724443435,0.0384496215805062,8,78,direct_full,synthetic,11
0.0015688171633863,0.0199668928980827,0.0011750633140572,3,78,direct_full,synthetic,11
0.0201501504004432,0.0502561815083026,0.0165025773344285,7,78,direct_full,synthetic,11
0.0324975085394564,0.0665827021002769,0.023777620115427,8,78,direct_full,synthetic,11
3.793705721233387e-05,0.0156419463455677,3.2637147634398467e-05,1,78,direct_full,synthetic,11
0.0190982315444905,0.0564537793397903,0.0141601665348173,8,78,direct_full,synthetic,11
0.0191583312220537,0.0234235431998968,0.0158069491929145,4,78,direct_full,synthetic,11
0.0075483857483804,0.0332897119224071,0.0052779540512449,4,78,direct_full,synthetic,11
0.010732266188566,0.0209417324513196,0.0086601375221715,3,78,direct_full,synthetic,11
0.0061917857477653,0.0500812195241451,0.0050629820907038,8,78,direct_full,synthetic,11
0.0410313599102649,0.0306043699383735,0.0292799369430286,5,78,direct_full,synthetic,11
0.0030711263396424,0.0252082403749227,0.0026935277180384,4,78,direct_full,synthetic,11
0.0115756443444025,0.1939001828432083,0.0076060301197961,7,80,direct_full,synthetic,11
0.0067699704013232,0.0559981204569339,0.0045953646270303,4,80,direct_full,synthetic,11
0.0725120370843129,0.0466222465038299,0.0487197613771103,3,80,direct_full,synthetic,11
0.0682751710656787,0.1464898288249969,0.0488527092106283,7,80,direct_full,synthetic,11
0.010539645244722,0.0742864236235618,0.0065509422793097,5,80,direct_full,synthetic,11
1.0,0.1264005601406097,0.1170594960379724,6,80,direct_full,synthetic,11
1.0,0.2859020233154297,0.5201003369369378,8,80,direct_full,synthetic,11
0.0167776029698532,0.3051195442676544,0.0095506855645564,8,80,direct_full,synthetic,11
1.0,0.0269051734358072,0.0933002768059452,2,80,direct_full,synthetic,11
0.0178683109978752,0.118955448269844,0.0136056642191592,5,80,direct_full,synthetic,11
0.0421140300956074,0.2238352447748184,0.0328329564145642,8,80,direct_full,synthetic,11
0.0003586438534857,0.0291557423770427,0.0001645122819592,1,80,direct_full,synthetic,11
0.0244571680544705,0.2857422828674316,0.0166312267900523,8,80,direct_full,synthetic,11
0.020836716195754,0.0320538915693759,0.0095445233625724,3,80,direct_full,synthetic,11
0.0148551092469284,0.0810833200812339,0.0089538156576124,6,80,direct_full,synthetic,11
0.0203896361230522,0.0257102381438016,0.0143686528547721,2,80,direct_full,synthetic,11
0.0189669106939258,0.1027203425765037,0.0150249161636479,6,80,direct_full,synthetic,11
0.0955788056369882,0.1613238602876663,0.0537716077122751,6,80,direct_full,synthetic,11
0.0463464322017102,0.1000134497880935,0.0347019813991898,6,80,direct_full,synthetic,11
0.0021642826325036,0.0180084705352783,0.0018008243328214,1,80,direct_full,synthetic,11
0.0025149558818153,0.0181204490363597,0.0017524498806654,2,92,direct_full,synthetic,11
0.2370616048199301,0.0190008915960788,0.1198756678896744,1,92,direct_full,synthetic,11
0.0143891683011833,0.0287122037261724,0.0075657773294687,4,92,direct_full,synthetic,11
0.0461066178432607,0.0456596463918685,0.0313676837542422,6,92,direct_full,synthetic,11
0.0003984315215462,0.0198274590075016,0.0003329987341016,2,92,direct_full,synthetic,11
0.0292468451737963,0.0821745321154594,0.0216498125718701,8,92,direct_full,synthetic,11
0.0116654351979951,0.0622573345899581,0.0090876005967494,7,92,direct_full,synthetic,11
0.0181341916161797,0.0454219579696655,0.0146292721498236,6,92,direct_full,synthetic,11
0.0047894733759376,0.0244762059301137,0.0031632693958415,3,92,direct_full,synthetic,11
0.0298688549601957,0.0647597536444664,0.0189046562048388,7,92,direct_full,synthetic,11
0.0001678377652405,0.0205979235470294,0.0001190270728585,2,92,direct_full,synthetic,11
0.0086590785472668,0.0285295657813549,0.0028579636843508,2,92,direct_full,synthetic,11
0.1231159424021461,0.0680635273456573,0.0691934809563056,7,92,direct_full,synthetic,11
0.0098722725588811,0.0528495013713836,0.0076376513752989,6,92,direct_full,synthetic,11
0.4845419216988486,0.129599779844284,0.1827713586810694,7,92,direct_full,synthetic,11
0.0296390931645348,0.0344661958515644,0.0193535246487918,4,92,direct_full,synthetic,11
1.0,1.0,0.0142385061621503,7,92,direct_full,synthetic,11
0.0049083716360391,0.0237716455012559,0.0037758651111629,3,92,direct_full,synthetic,11
0.0276738959654034,0.0546511337161064,0.019206343525022,6,92,direct_full,synthetic,11
0.0011461338735728,0.0360841825604438,0.0005072589153767,4,92,direct_full,synthetic,11
0.0038195935490467,0.0232034735381603,0.0032124250127803,3,95,direct_full,synthetic,11
0.0135199806195555,0.0758416056632995,0.0094820784218076,6,95,direct_full,synthetic,11
8.743371076691542e-05,0.02739217877388,6.872331386785228e-05,3,95,direct_full,synthetic,11
0.0832822434550464,0.0971861630678176,0.0464798831875542,7,95,direct_full,synthetic,11
0.0055824807713302,0.0253088232129812,0.0035900800435732,2,95,direct_full,synthetic,11
0.0003874286620597,0.0350791364908218,0.0002920591276209,4,95,direct_full,synthetic,11
0.0002427567056818,0.0276489052921533,0.0001891146348869,3,95,direct_full,synthetic,11
0.1113762666594496,0.1725824773311615,0.042127498904639,6,95,direct_full,synthetic,11
0.0035523652954861,0.1312491595745086,0.002377969747691,8,95,direct_full,synthetic,11
0.1110199757779225,0.1932358890771865,0.0631878395777478,8,95,direct_full,synthetic,11
0.0123562796437176,0.1178943589329719,0.0075703358236411,7,95,direct_full,synthetic,11
0.0060477015672084,0.0765405595302581,0.0043557156576512,8,95,direct_full,synthetic,11
0.0031982601627884,0.0662962570786476,0.0020904763333561,5,95,direct_full,synthetic,11
0.0026934556049703,0.0165130458772182,0.001198695823751,1,95,direct_full,synthetic,11
0.0053075556549686,0.1202933117747306,0.0035108143790347,6,95,direct_full,synthetic,11
0.0058480172345536,0.1273485422134399,0.0024988615933875,6,95,direct_full,synthetic,11
0.0035600457315032,0.0465217791497707,0.0016748127986249,5,95,direct_full,synthetic,11
0.0014872918085,0.1568429470062255,0.0007997382785429,7,95,direct_full,synthetic,11
0.0039675309184664,0.0454746559262275,0.0014996725768963,4,95,direct_full,synthetic,11
0.0076782720806917,0.1320465058088302,0.004837818271163,8,95,direct_full,synthetic,11
0.0005682920654265,0.0176792182028293,0.0004228300637857,2,96,direct_full,synthetic,11
0.0313565041886791,0.0303054470568895,0.0186214511401197,5,96,direct_full,synthetic,11
0.0231103758498397,0.0377453826367855,0.0190653672167754,4,96,direct_full,synthetic,11
0.0037867672126337,0.0288954824209213,0.0032597419977846,6,96,direct_full,synthetic,11
5.703346885244098e-05,0.0177256111055612,4.9484450201878655e-05,3,96,direct_full,synthetic,11
3.651899752998844e-05,0.016122717410326,2.7018383499316844e-05,1,96,direct_full,synthetic,11
0.012618434699294,0.0209266226738691,0.010410606794368,4,96,direct_full,synthetic,11
0.0141511003377579,0.045134101063013,0.0119740732981179,7,96,direct_full,synthetic,11
0.0583429699524232,0.0464823916554451,0.0299809323594736,7,96,direct_full,synthetic,11
0.0255055633475077,0.0412487126886844,0.0187762629205993,7,96,direct_full,synthetic,11
0.0008235163350692,0.0370335355401039,0.0006708244366904,6,96,direct_full,synthetic,11
0.0452045960186439,0.0300299618393182,0.0256515396226258,4,96,direct_full,synthetic,11
0.3898869236075372,0.0378478616476058,0.0175051649188168,6,96,direct_full,synthetic,11
0.4490717025688046,0.0881475880742073,0.017170913901144,7,96,direct_full,synthetic,11
0.0014903209008416,0.0366103798151016,0.001171179488212,6,96,direct_full,synthetic,11
6.895739628198783e-07,0.0146666523069143,5.03510595140186e-07,1,96,direct_full,synthetic,11
0.0055221770024722,0.0167436506599187,0.0046209993058659,2,96,direct_full,synthetic,11
0.0204813404122229,0.0324596129357814,0.0126334721486699,4,96,direct_full,synthetic,11
0.0002722146073872,0.0163900814950466,0.0001900730221228,1,96,direct_full,synthetic,11
0.0178752261196951,0.0222304239869117,0.0132587420743447,3,96,direct_full,synthetic,11
0.0743019482699874,0.0562008507549762,0.0601849348152114,7,99,direct_full,synthetic,11
0.0273613406338015,0.0685380697250366,0.0211820646993972,5,99,direct_full,synthetic,11
0.0651346499796949,0.0896266400814056,0.0386056614195323,8,99,direct_full,synthetic,11
0.050178207734105,0.0574985519051551,0.0377516995734555,7,99,direct_full,synthetic,11
0.0279728010763111,0.0355507731437683,0.0183613930573903,4,99,direct_full,synthetic,11
0.0477364842953891,0.0920764431357383,0.0321133508735158,6,99,direct_full,synthetic,11
1.0,0.1725149601697921,0.0971165144955387,8,99,direct_full,synthetic,11
0.0340248573464455,0.0334486328065395,0.0239040889102538,3,99,direct_full,synthetic,11
0.0296135488623361,0.0867267400026321,0.0196336028046695,8,99,direct_full,synthetic,11
0.0005255899401072,0.0175861325114965,0.0003830563999448,1,99,direct_full,synthetic,11
1.0,1.0,0.0012512825244688,4,99,direct_full,synthetic,11
0.11860254247818,0.0951365828514099,0.0824844505887958,8,99,direct_full,synthetic,11
1.0,0.0602173283696174,0.0315517754770534,5,99,direct_full,synthetic,11
0.0430377681571102,0.046875212341547,0.0336319622086386,5,99,direct_full,synthetic,11
0.0732603660812091,0.0522835180163383,0.0273031753453694,5,99,direct_full,synthetic,11
0.028629550691284,0.0159241650253534,0.0211218747477096,1,99,direct_full,synthetic,11
0.008009922383272,0.0203835200518369,0.0057574220221284,2,99,direct_full,synthetic,11
0.0200673063661834,0.037688709795475,0.0157864716608781,5,99,direct_full,synthetic,11
0.0136174624866247,0.0366999320685863,0.0104442485461369,4,99,direct_full,synthetic,11
0.0174993101615171,0.0445569977164268,0.0140564216608414,5,99,direct_full,synthetic,11
0.0570564312034025,0.0245858523994684,0.0017351514622185,3,1000011,direct_full,osm,11
0.0206368056657026,0.0218006707727909,0.0050892497307107,3,1000011,direct_full,osm,11
0.0018688786480764,0.0151719683781266,0.000860313600337,1,1000011,direct_full,osm,11
0.0049850455284438,0.0319871492683887,0.0020662145968727,5,1000011,direct_full,osm,11
1.0,1.0,0.0393323987211856,4,1000011,direct_full,osm,11
0.0019766923945672,0.0188637282699346,0.0005771298847871,2,1000011,direct_full,osm,11
0.0912406868575181,0.0395996943116188,0.0270942710620339,6,1000011,direct_full,osm,11
0.0047160713354642,0.015544201247394,0.0014272121343773,1,1000011,direct_full,osm,11
0.0013725282745199,0.0218006707727909,0.000137304753114,3,1000011,direct_full,osm,11
0.0004202653952853,0.0151719683781266,0.0001426537759806,1,1000011,direct_full,osm,11
1.0,0.0257945619523525,0.0089331417358639,4,1000011,direct_full,osm,11
1.0,1.0,0.0010569378432478,4,1000011,direct_full,osm,11
1.0,1.0,0.0381824949144896,5,1000011,direct_full,osm,11
1.0,1.0,0.0559123297361752,4,1000011,direct_full,osm,11
0.0560630402293118,0.0240023769438266,0.0210252808646353,3,1000011,direct_full,osm,11
1.0,1.0,0.0066016989099449,8,1000011,direct_full,osm,11
0.3762314890916151,0.0257945619523525,0.0100931764468028,4,1000011,direct_full,osm,11
1.0,1.0,0.0163203927226021,8,1000011,direct_full,osm,11
5.138261347836792e-05,0.015544201247394,2.1597773760314983e-05,1,1000011,direct_full,osm,11
0.6021572941222063,0.0330715887248516,0.0512438233236807,5,1000011,direct_full,osm,11
0.0027963252653343,0.0251831505447626,0.0011044025539728,3,1000011,direct_full,osm,11
1.0,1.0,7.467837207358011e-05,1,1000011,direct_full,osm,11
1.0,1.0,0.02368468118595,6,1000011,direct_full,osm,11
1.0,0.0234324224293231,0.0194705951315272,3,1000011,direct_full,osm,11
1.0,0.0617324486374855,0.0667658116102856,8,1000011,direct_full,osm,11
0.5596763352949479,0.0283879153430461,0.124674276273178,4,1000011,direct_full,osm,11
0.0456266356095782,0.0386748351156711,0.008969505242047,6,1000011,direct_full,osm,11
0.0242556831759847,0.0377707183361053,0.0109051485910941,6,1000011,direct_full,osm,11
1.0,1.0,0.0220544546477488,7,1000011,direct_full,osm,11
0.0002117487381215,0.0151719683781266,1.901825748645591e-05,1,1000011,direct_full,osm,11
1.0,1.0,0.1028647860928668,8,1000011,direct_full,osm,11
1.0,1.0,0.0128180698837398,7,1000011,direct_full,osm,11
0.5547000794861753,0.0335467495024204,0.1249275386143708,5,1000011,direct_full,osm,11
0.0056561979323812,0.0184134840965271,0.0009211520144964,2,1000011,direct_full,osm,11
0.0309415235786844,0.0377707183361053,0.0044414179090626,6,1000011,direct_full,osm,11
0.006340776460753,0.0188637282699346,0.0027540430795552,2,1000011,direct_full,osm,11
1.0,1.0,0.0003228446770017,3,1000011,direct_full,osm,11
1.0,0.0315329581499099,0.050444113417961,5,1000011,direct_full,osm,11
0.5732047053013878,0.0603231377899646,0.1344870184074849,8,1000011,direct_full,osm,11
1.0,1.0,0.0201371283801707,5,1000011,direct_full,osm,11
1.0,1.0,0.0852585029112151,8,1000011,direct_full,osm,11
0.0017619030098989,0.015544201247394,0.0009066869569207,1,1000011,direct_full,osm,11
0.676942349610353,0.0562739111483097,0.0124940676955037,8,1000011,direct_full,osm,11
1.0,1.0,0.0160106424418932,6,1000011,direct_full,osm,11
0.0339462474238574,0.0228756703436374,0.0103545315814039,3,1000011,direct_full,osm,11
0.0631271237066354,0.0193247608840465,0.0029458992534124,2,1000011,direct_full,osm,11
0.0004136840150587,0.0151719683781266,0.0001223936329238,1,1000011,direct_full,osm,11
1.0,1.0,0.0633367571681078,5,1000011,direct_full,osm,11
1.0,1.0,0.0066399579849012,6,1000011,direct_full,osm,11
0.0042559763511618,0.0264204293489456,0.0020045591614665,4,1000011,direct_full,osm,11
7.151315215392362e-05,0.0151719683781266,6.258621382062799e-06,1,1000011,direct_full,osm,11
1.0,1.0,0.0405848086279271,6,1000011,direct_full,osm,11
1.0,1.0,0.0032388056468941,6,1000011,direct_full,osm,11
0.0047705163955436,0.015544201247394,0.0006520152957816,1,1000011,direct_full,osm,11
1.0,1.0,0.0006404594858415,3,1000011,direct_full,osm,11
0.1265018875920146,0.0283879153430461,0.0687947667373331,4,1000011,direct_full,osm,11
0.0088223999340112,0.0145945670083165,0.0052792752832526,1,1000011,direct_full,osm,11
0.5640452314856179,0.0405457355082035,0.0497854281251213,6,1000011,direct_full,osm,11
0.0092871930414384,0.0319871492683887,0.0022698756515339,5,1000011,direct_full,osm,11
1.0,1.0,0.0550515692338808,2,1000011,direct_full,osm,11
0.044079260670317,0.0327582098543643,0.0190631021255684,5,1000011,direct_full,osm,11
0.0409108621821413,0.0223318487405776,0.0047730982241619,3,1000011,direct_full,osm,11
0.2546599120955756,0.0188637282699346,0.0274737828154502,2,1000011,direct_full,osm,11
0.0119738260792781,0.0234324224293231,0.0015510211994198,3,1000011,direct_full,osm,11
1.0,1.0,0.000314122164834,4,1000011,direct_full,osm,11
1.0,1.0,0.0043978116158562,4,1000011,direct_full,osm,11
0.4383747296451353,0.0489310435950756,0.0095272300198113,7,1000011,direct_full,osm,11
0.0409255977156008,0.015544201247394,0.0018877944222758,1,1000011,direct_full,osm,11
0.0314569786158416,0.0184134840965271,0.0030323101114491,2,1000011,direct_full,osm,11
0.0437406912472859,0.0207751151174306,0.0172585492616541,3,1000011,direct_full,osm,11
1.0,1.0,0.0062900281472557,7,1000011,direct_full,osm,11
0.0637392947690744,0.0477990955114364,0.0175436213989864,7,1000011,direct_full,osm,11
0.2807592556664393,0.0445506945252418,0.0281530549495258,7,1000011,direct_full,osm,11
1.0,1.0,0.0137323205398703,8,1000011,direct_full,osm,11
1.0,1.0,0.0755908079080324,8,1000011,direct_full,osm,11
0.0816557431587389,0.053717877715826,0.0417175414765868,8,1000011,direct_full,osm,11
1.0,1.0,0.0072781005124298,7,1000011,direct_full,osm,11
1.0,1.0,0.0126378235294172,4,1000011,direct_full,osm,11
1.0,1.0,0.1018651726283589,8,1000011,direct_full,osm,11
0.1344707393054764,0.0270610600709915,0.0717511589959812,4,1000011,direct_full,osm,11
0.0374448849995078,0.0270610600709915,0.0114204590020403,4,1000011,direct_full,osm,11
0.5713944251228167,0.0395996943116188,0.0837312936352944,6,1000011,direct_full,osm,11
1.0,1.0,0.0011290164950566,2,1000011,direct_full,osm,11
0.1284282511695463,0.0297778472304344,0.028165248320211,5,1000011,direct_full,osm,11
0.083632898048345,0.0234324224293231,0.0089571006542868,3,1000011,direct_full,osm,11
1.0,1.0,0.0065050788983199,5,1000011,direct_full,osm,11
1.0,1.0,0.0069171683390173,7,1000011,direct_full,osm,11
0.0090427170907222,0.0179737899452447,0.0020577335549508,2,1000011,direct_full,osm,11
0.003798780197831,0.0184134840965271,0.0007253086621019,2,1000011,direct_full,osm,11
0.0139722714432837,0.0151719683781266,0.0065352391370546,1,1000011,direct_full,osm,11
1.0,1.0,0.021062715978765,7,1000011,direct_full,osm,11
1.0,1.0,0.0695046551208032,7,1000011,direct_full,osm,11
8.743785258724657e-06,0.015544201247394,3.039104324998142e-06,1,1000011,direct_full,osm,11
1.0,1.0,1.8890188354178791e-06,1,1000011,direct_full,osm,11
1.0,1.0,0.0257956652721278,5,1000011,direct_full,osm,11
0.0217287481790804,0.0251831505447626,0.0095175618006587,4,1000011,direct_full,osm,11
0.0028741999268602,0.0218006707727909,0.0015555042777213,3,1000011,direct_full,osm,11
1.0,1.0,0.0031825552023873,4,1000011,direct_full,osm,11
0.0041330623188171,0.0257945619523525,0.0019308655468155,4,1000011,direct_full,osm,11
1.0,1.0,0.0117269555027083,7,1000011,direct_full,osm,11
1.0,1.0,0.0303267294839159,6,1000011,direct_full,osm,11
1.0,1.0,0.0120268497328166,7,1000011,direct_full,osm,11
0.0191257218934305,0.0377707183361053,0.0029330539694591,5,1000011,direct_full,osm,11
0.0054724978669902,0.0179737899452447,0.0008645858909618,2,1000011,direct_full,osm,11
0.1275678752471104,0.0304973367601633,0.0785356144394645,5,1000011,direct_full,osm,11
0.056475694709269,0.015544201247394,0.0287132165850055,1,1000011,direct_full,osm,11
0.3926312628252867,0.0466920249164104,0.0296074427907397,7,1000011,direct_full,osm,11
0.1239812259432847,0.0270610600709915,0.0260092291210847,4,1000011,direct_full,osm,11
0.0056568914124606,0.0264204293489456,0.0009233427689909,4,1000011,direct_full,osm,11
0.2030799676783132,0.0327582098543643,0.0047227229685991,5,1000011,direct_full,osm,11
0.0122149196511756,0.0151719683781266,0.005551871298638,1,1000011,direct_full,osm,11
0.0615746283464988,0.0283879153430461,0.0032526805663672,4,1000011,direct_full,osm,11
0.0152747299887503,0.0297778472304344,0.0028432469158656,5,1000011,direct_full,osm,11
1.0,1.0,0.0463996769766091,8,1000011,direct_full,osm,11
0.0014269970293341,0.0163158345967531,5.0867582242818005e-05,1,1000011,direct_full,osm,11
0.0285375426357532,0.0184134840965271,0.0058670752691174,2,1000011,direct_full,osm,11
0.0187135081713769,0.0151719683781266,0.0084728489212144,1,1000011,direct_full,osm,11
0.0361757001213141,0.0179737899452447,0.0188760251067816,2,1000011,direct_full,osm,11
0.0145443737682022,0.015544201247394,0.00572621801846,1,1000011,direct_full,osm,11
1.0,1.0,0.013217310611403,6,1000011,direct_full,osm,11
1.0,0.0270610600709915,0.0597087504595604,4,1000011,direct_full,osm,11
0.0709855622546454,0.0524813011288642,0.0128144520674899,8,1000011,direct_full,osm,11
0.0259882399433281,0.015544201247394,0.0152901136412818,1,1000011,direct_full,osm,11
0.0115915940754161,0.0277167744934558,0.0058438146445521,4,1000011,direct_full,osm,11
1.0,0.0188637282699346,0.0652643109386085,2,1000011,direct_full,osm,11
0.0372209774901457,0.0425031594932079,0.0043506094025218,6,1000011,direct_full,osm,11
1.0,1.0,0.0051294190921806,7,1000011,direct_full,osm,11
0.1593918908447914,0.0415134243667125,0.0552158940624471,6,1000011,direct_full,osm,11
0.2356143085709878,0.0456093922257423,0.0121336333797641,7,1000011,direct_full,osm,11
0.0007735541234029,0.0184134840965271,8.61233175311945e-05,2,1000011,direct_full,osm,11
0.066303018200182,0.0567986480891704,0.0101140168180854,8,1000011,direct_full,osm,11
1.0,1.0,0.0176472739795862,4,1000011,direct_full,osm,11
1.0,1.0,0.0024336373942365,8,1000011,direct_full,osm,11
1.0,1.0,0.0754424892784353,8,1000011,direct_full,osm,11
0.0063724567833126,0.01712510548532,0.0007691835163394,1,1000011,direct_full,osm,11
1.0,0.9999949932098388,0.0064702205451214,3,1000011,direct_full,osm,11
1.0590154153611309e-05,0.0184134840965271,3.0896169034727486e-06,2,1000011,direct_full,osm,11
1.0,1.0,0.0033204913436125,6,1000011,direct_full,osm,11
0.0358868530582934,0.017544412985444,0.0167769219361782,2,1000011,direct_full,osm,11
0.0019659327934301,0.0151719683781266,0.0008064885563901,1,1000011,direct_full,osm,11
0.3445084578866227,0.0163158345967531,1.0777584573886566e-05,1,1000011,direct_full,osm,11
0.0565321019341816,0.0218006707727909,0.012593851992946,3,1000011,direct_full,osm,11
0.0209830700354921,0.0223318487405776,0.003662249971964,3,1000011,direct_full,osm,11
1.0,0.0277167744934558,0.0803299078821504,4,1000011,direct_full,osm,11
1.0,1.0,0.0156586934603041,3,1000011,direct_full,osm,11
1.0,1.0,0.0305494599083323,7,1000011,direct_full,osm,11
0.0745720972946291,0.0151719683781266,0.0190707170727501,1,1000011,direct_full,osm,11
1.0,1.0,0.0004334576327098,1,1000011,direct_full,osm,11
1.0,1.0,3.5655756071055483e-06,2,1000011,direct_full,osm,11
1.0,1.0,0.1189235376860931,7,1000011,direct_full,osm,11
1.0,1.0,0.0326552444353696,6,1000011,direct_full,osm,11
1.0,1.0,0.0566542667839208,6,1000011,direct_full,osm,11
0.0305284039393562,0.0319871492683887,0.0132051320304266,5,1000011,direct_full,osm,11
0.0478715029663179,0.0245858523994684,0.023564930547392,4,1000011,direct_full,osm,11
0.0199619221520575,0.0377707183361053,0.0058609282481302,5,1000011,direct_full,osm,11
0.0829652419853118,0.0228756703436374,0.0423449836176689,3,1000011,direct_full,osm,11
1.0,1.0,0.0027686225484223,6,1000011,direct_full,osm,11
0.2648458226270105,0.0184134840965271,0.0363295812765563,2,1000011,direct_full,osm,11
3.330341870055875e-05,0.0151719683781266,1.2848845498710598e-05,1,1000011,direct_full,osm,11
0.0029682335156522,0.015544201247394,0.0014494697617234,1,1000011,direct_full,osm,11
1.0,1.0,0.004014825371091,7,1000011,direct_full,osm,11
1.0,1.0,0.0049134850919995,7,1000011,direct_full,osm,11
1.0,1.0,0.0453523123229368,5,1000011,direct_full,osm,11
1.0,1.0,0.0302814778926964,4,1000011,direct_full,osm,11
1.0,0.0445506758987903,0.0208328142404896,6,1000011,direct_full,osm,11
0.0014793538406324,0.015544201247394,0.0008061845796841,1,1000011,direct_full,osm,11
1.0,0.0225478522479534,0.0068771916800305,3,1000011,direct_full,osm,11
0.0316331506630648,0.0290748216211795,0.0180962499751923,4,1000011,direct_full,osm,11
1.0,1.0,0.0051883173459859,8,1000011,direct_full,osm,11
0.0568248814799939,0.0377707183361053,0.0200593994951412,6,1000011,direct_full,osm,11
1.0,1.0,0.0018569804636202,2,1000011,direct_full,osm,11
1.0,1.0,0.0031275339151063,4,1000011,direct_full,osm,11
1.0,1.0,0.0004198077846356,4,1000011,direct_full,osm,11
1.0,1.0,0.0181103103143267,6,1000011,direct_full,osm,11
1.0,0.0270610600709915,0.0238081965100363,4,1000011,direct_full,osm,11
0.005596635410984,0.0212818589061498,0.0015889211636753,3,1000011,direct_full,osm,11
0.0416516833759691,0.0197968333959579,0.0037967404538442,2,1000011,direct_full,osm,11
0.0335000216875885,0.0228756703436374,0.0030024390938287,3,1000011,direct_full,osm,11
1.0,0.9999949932098388,0.0016155051624917,4,1000011,direct_full,osm,11
0.113887954497035,0.0304973367601633,0.0279850487213473,5,1000011,direct_full,osm,11
1.0,1.0,0.0424226312793584,7,1000011,direct_full,osm,11
1.0,1.0,2.9584240906008803e-08,1,1000011,direct_full,osm,11
0.0107472268296681,0.0395996943116188,0.0046112341566053,6,1000011,direct_full,osm,11
1.0,1.0,0.0001089661368353,3,1000011,direct_full,osm,11
1.0,1.0,0.0181174875199718,4,1000011,direct_full,osm,11
0.0506961813579275,0.0312336515635252,0.0089117933557833,5,1000011,direct_full,osm,11
0.0117510713565369,0.0297778472304344,0.0017617914423515,4,1000011,direct_full,osm,11
1.0,1.0,0.0130721859508512,6,1000011,direct_full,osm,11
1.0,1.0,0.0059191433700057,4,1000011,direct_full,osm,11
0.1267770045844206,0.0386748351156711,0.0082988170306111,6,1000011,direct_full,osm,11
0.5571775615695747,0.058943971991539,0.0664263195205129,8,1000011,direct_full,osm,11
1.0,1.0,0.0063264087572082,7,1000011,direct_full,osm,11
1.0,1.0,0.0504725176238144,8,1000011,direct_full,osm,11
1.0,1.0,0.0011419440689088,3,1000011,direct_full,osm,11
1.0,1.0,0.0507731573568368,7,1000011,direct_full,osm,11
1.0,1.0,0.0301032918223093,7,1000011,direct_full,osm,11
0.0019659327934301,0.0151719683781266,0.0008064885563901,1,1000011,direct_full,osm,11
1.0,1.0,0.0006349182687489,3,1000011,direct_full,osm,11
1.0,1.0,0.0010130122715553,3,1000011,direct_full,osm,11
1.0,1.0,0.0017845557822208,4,1000011,direct_full,osm,11
1.0,0.0445506758987903,0.0373259765893852,7,1000011,direct_full,osm,11
1.0,1.0,0.0024257431376953,3,1000011,direct_full,osm,11
0.0057197268200719,0.0163158345967531,0.0015564187200111,1,1000011,direct_full,osm,11
1.0,1.0,0.0105862012829491,6,1000011,direct_full,osm,11
0.0406931627247278,0.0193247608840465,0.0027072732137265,2,1000011,direct_full,osm,11
1.0,1.0,0.0423509765295724,5,1000011,direct_full,osm,11
1.0,1.0,0.0311104305445233,8,1000011,direct_full,osm,11
1.0,1.0,0.0851580675556688,8,1000011,direct_full,osm,11
1.0,1.0,0.003876665461988,6,1000011,direct_full,osm,11
0.1109720025986304,0.0466920249164104,0.0222192891812953,7,1000011,direct_full,osm,11
3.3411149291673325e-08,0.0151719683781266,3.824204764433913e-09,1,1000011,direct_full,osm,11
0.3971164525609506,0.0360230505466461,0.0067891503594073,6,1000011,direct_full,osm,11
0.0063724567833126,0.01712510548532,0.0007691835163394,1,1000011,direct_full,osm,11
0.3982452546012935,0.0377707183361053,0.0135442122469289,6,1000011,direct_full,osm,11
0.0014024418142727,0.015544201247394,0.0006086002675132,1,1000011,direct_full,osm,11
1.0,1.0,0.0752145920493746,8,1000011,direct_full,osm,11
1.0,1.0,0.0116756071244389,8,1000011,direct_full,osm,11
1.0,1.0,0.0015318292923892,3,1000011,direct_full,osm,11
1.0,1.0,0.0001659886684686,2,1000011,direct_full,osm,11
1.0,1.0,0.0026268601272012,2,1000011,direct_full,osm,11
1.0,1.0,0.0021240433686924,6,1000011,direct_full,osm,11
0.1090631720646833,0.0193247608840465,0.0549768962562497,2,1000011,direct_full,osm,11
0.0092264121320276,0.0184134840965271,0.0048633913564207,2,1000011,direct_full,osm,11
1.0,1.0,0.0025629137288895,4,1000011,direct_full,osm,11
0.5571526264930015,0.0283879153430461,0.040910515465005,4,1000011,direct_full,osm,11
1.0,0.0360230505466461,0.0033849628322729,5,1000011,direct_full,osm,11
1.0,1.0,0.0028167368601693,6,1000011,direct_full,osm,11
1.0,0.0228756703436374,0.0245341500791272,3,1000011,direct_full,osm,11
1.0,1.0,0.0120261499293548,8,1000011,direct_full,osm,11
0.3501257219809606,0.0163158345967531,0.0013018331960474,1,1000011,direct_full,osm,11
0.6935464542795943,0.0257945619523525,0.1135514444905257,4,1000011,direct_full,osm,11
1.0,0.034681212157011,0.0434460139100664,6,1000011,direct_full,osm,11
1.0,1.0,0.0048404284866524,4,1000011,direct_full,osm,11
1.0,1.0,0.007145709547828,4,1000011,direct_full,osm,11
1.0,1.0,0.005973639366946,6,1000011,direct_full,osm,11
1.0,1.0,0.0076712393173901,4,1000011,direct_full,osm,11
0.048275581968173,0.0335467495024204,0.0052156318715535,5,1000011,direct_full,osm,11
0.0451562706743011,0.0188637282699346,0.0011935021888463,2,1000011,direct_full,osm,11
1.0,1.0,0.0054864024049374,5,1000011,direct_full,osm,11
0.1774150496908056,0.0228756703436374,0.0858881422526951,3,1000011,direct_full,osm,11
0.0049261543393637,0.0218006707727909,0.0022346035071636,3,1000011,direct_full,osm,11
1.0,1.0,0.0082491959992555,8,1000011,direct_full,osm,11
1.0,1.0,0.0038651515477713,3,1000011,direct_full,osm,11
0.0290581072142437,0.0188637282699346,0.0022151195566974,2,1000011,direct_full,osm,11
0.0083007874767945,0.015544201247394,0.0006683548796551,1,1000011,direct_full,osm,11
1.0,0.0283879153430461,0.0927901363979247,4,1000011,direct_full,osm,11
1.0,1.0,0.0730457468521514,8,1000011,direct_full,osm,11
1.0,1.0,0.1298093901903664,7,1000011,direct_full,osm,11
1.0,0.0277167744934558,0.0105792346859107,4,1000011,direct_full,osm,11
1.0,1.0,0.0615696231203574,6,1000011,direct_full,osm,11
0.0321291070457209,0.0363662354648113,0.0134570732123493,6,1000011,direct_full,osm,11
0.0325627833617555,0.0184134840965271,0.0118922307058177,2,1000011,direct_full,osm,11
1.0,1.0,0.083187265193022,6,1000011,direct_full,osm,11
1.0,1.0,0.0057689383572637,7,1000011,direct_full,osm,11
0.000184650908652,0.0179737899452447,2.340450010971145e-05,2,1000011,direct_full,osm,11
1.0,0.0524813011288642,0.0279133354460069,7,1000011,direct_full,osm,11
0.0293205501762774,0.0335467495024204,0.0022191245990016,5,1000011,direct_full,osm,11
0.0141164572244116,0.0184134840965271,0.0056217093593451,2,1000011,direct_full,osm,11
0.0055074983096602,0.0184134840965271,0.0012586436874309,2,1000011,direct_full,osm,11
1.0,0.9999949932098388,0.0116592064184812,4,1000011,direct_full,osm,11
1.0,1.0,0.0004449662078554,8,1000011,direct_full,osm,11
1.0,1.0,0.1624426801410853,6,1000011,direct_full,osm,11
0.0466784474590656,0.0283879153430461,0.0057385110126845,4,1000011,direct_full,osm,11
0.115913134135379,0.0184134840965271,0.0687520199547235,2,1000011,direct_full,osm,11
1.0,1.0,0.0041493699725025,6,1000011,direct_full,osm,11
1.0,0.0386748351156711,0.0412684330823391,6,1000011,direct_full,osm,11
1.0,0.9999949932098388,0.0009832347579222,3,1000011,direct_full,osm,11
1.0,1.0,0.0065188381501107,8,1000011,direct_full,osm,11
0.0163840434727078,0.0228756703436374,0.0062768394851435,3,1000011,direct_full,osm,11
0.1936481438308729,0.046039555221796,0.0079692345063625,7,1000011,direct_full,osm,11
1.0,1.0,0.0342685439712804,6,1000011,direct_full,osm,11
0.0083665350455579,0.0228756703436374,0.0035093597021648,3,1000011,direct_full,osm,11
1.0,1.0,0.0001129822325856,2,1000011,direct_full,osm,11
0.0018947371805908,0.0251831505447626,0.0009094800680235,4,1000011,direct_full,osm,11
1.0,1.0,0.0349366666338192,8,1000011,direct_full,osm,11
1.0,1.0,0.0044283300756825,6,1000011,direct_full,osm,11
0.0026118397641741,0.015544201247394,0.0014033489397983,1,1000011,direct_full,osm,11
1.0,0.0327582098543643,0.1619001300230896,5,1000011,direct_full,osm,11
1.0,0.058943971991539,0.088695622393557,8,1000011,direct_full,osm,11
0.0061565611172054,0.0179737899452447,0.0016291443177851,2,1000011,direct_full,osm,11
1.0,1.0,0.0080731707670871,4,1000011,direct_full,osm,11
1.0,1.0,7.805157443687005e-05,2,1000011,direct_full,osm,11
1.0,1.0,5.786182216464412e-07,1,1000011,direct_full,osm,11
1.0,1.0,0.0015649563031735,4,1000011,direct_full,osm,11
1.0,0.0500883981585502,0.0074855561218337,8,1000011,direct_full,osm,11
0.0947215620456282,0.0386748351156711,0.018269584132812,6,1000011,direct_full,osm,11
1.0,1.0,0.0035032922898202,5,1000011,direct_full,osm,11
1.0,1.0,0.0015861057162847,7,1000011,direct_full,osm,11
0.0134243533829011,0.0193247608840465,0.005703433630772,2,1000011,direct_full,osm,11
1.0,1.0,0.0162201438731437,6,1000011,direct_full,osm,11
0.0146481806451822,0.015544201247394,0.0034716708889515,1,1000011,direct_full,osm,11
1.0,1.0,0.0035029883880679,5,1000011,direct_full,osm,11
1.0,1.0,0.0371455866918952,8,1000011,direct_full,osm,11
1.0,1.0,0.0003101514752811,5,1000011,direct_full,osm,11
0.0068132780356006,0.0218006707727909,0.0007304032095411,3,1000011,direct_full,osm,11
1.0,1.0,0.005788922696527,7,1000011,direct_full,osm,11
1.0,1.0,0.0054425929705992,5,1000011,direct_full,osm,11
0.1148294664022268,0.0228756703436374,0.0057497829320688,3,1000011,direct_full,osm,11
1.0,1.0,0.0632042478746756,5,1000011,direct_full,osm,11
0.1193048545732065,0.0489310435950756,0.0098888870433177,7,1000011,direct_full,osm,11
0.0238202697489281,0.0498588345944881,0.0180070966416578,5,12,direct_no_fiedler,synthetic,11
0.0033829070607879,0.2292423397302627,0.002032691899479,7,12,direct_no_fiedler,synthetic,11
0.0610363703000365,0.159569039940834,0.0408066634531852,7,12,direct_no_fiedler,synthetic,11
0.0269845509290753,0.2111164629459381,0.0118640178565434,7,12,direct_no_fiedler,synthetic,11
0.0039189455328986,0.0741776302456855,0.0027922630996486,6,12,direct_no_fiedler,synthetic,11
0.1352109240341633,0.0408696345984935,0.0917618974831014,3,12,direct_no_fiedler,synthetic,11
0.0011367940466351,0.0192411020398139,0.000984277338324,1,12,direct_no_fiedler,synthetic,11
0.0444002886894429,0.3268080651760101,0.0242651964750651,7,12,direct_no_fiedler,synthetic,11
0.0175608067044688,0.0694762244820594,0.009306571429577,3,12,direct_no_fiedler,synthetic,11
0.0012312440669116,0.0251922234892845,0.0009603055255578,2,12,direct_no_fiedler,synthetic,11
0.0077701637227685,0.0184943713247776,0.0064512178225199,1,12,direct_no_fiedler,synthetic,11
0.0372242703302128,0.03108536824584,0.0197425718839495,2,12,direct_no_fiedler,synthetic,11
0.0011986995267468,0.0195817071944475,0.0009312401239831,1,12,direct_no_fiedler,synthetic,11
0.1548099776956499,0.1408025920391082,0.1021400788960385,4,12,direct_no_fiedler,synthetic,11
0.0008763903863726,0.0307955089956522,0.0007046057448646,3,12,direct_no_fiedler,synthetic,11
0.0023165787781023,0.0467054024338722,0.0018235675742749,4,12,direct_no_fiedler,synthetic,11
0.0365829960318702,0.0595914423465728,0.0260780414977149,5,12,direct_no_fiedler,synthetic,11
0.0240515470714783,0.0427727997303009,0.0143300397825573,3,12,direct_no_fiedler,synthetic,11
0.0291782532901234,0.0590158142149448,0.0185811614217653,5,12,direct_no_fiedler,synthetic,11
0.0115067700701927,0.0758774876594543,0.0057857606479118,5,12,direct_no_fiedler,synthetic,11
0.0034322816767539,0.0203325096517801,0.0022597338932902,1,23,direct_no_fiedler,synthetic,11
0.0178933452185207,0.0590468123555183,0.0128444443685885,4,23,direct_no_fiedler,synthetic,11
0.0413382046215291,0.0834262743592262,0.0246707101689125,6,23,direct_no_fiedler,synthetic,11
1.0,1.0,0.0304661693227205,8,23,direct_no_fiedler,synthetic,11
0.0708603324011728,0.2605092227458954,0.0425326785772605,8,23,direct_no_fiedler,synthetic,11
0.1611125745296255,0.0325513035058975,0.118583967064942,2,23,direct_no_fiedler,synthetic,11
0.0097147970875515,0.0299685522913932,0.0064097205896061,2,23,direct_no_fiedler,synthetic,11
0.0875543407473146,0.0957239046692848,0.0571590550950164,4,23,direct_no_fiedler,synthetic,11
0.0108549103161026,0.051011823117733,0.0049730606646513,3,23,direct_no_fiedler,synthetic,11
0.038768306069605,0.0292474683374166,0.0274680128440484,2,23,direct_no_fiedler,synthetic,11
0.0202719889183137,0.0244508776813745,0.0138674120855915,2,23,direct_no_fiedler,synthetic,11
0.0611251289930466,0.1600625962018966,0.0445661529593464,8,23,direct_no_fiedler,synthetic,11
0.0477301742649864,0.0826617926359176,0.0289985246400287,6,23,direct_no_fiedler,synthetic,11
0.0619434736359847,0.0954707264900207,0.0430769304481541,4,23,direct_no_fiedler,synthetic,11
0.0569972770970675,0.096669502556324,0.0327106422735209,5,23,direct_no_fiedler,synthetic,11
0.0067038205998386,0.0340457111597061,0.0051051756560208,3,23,direct_no_fiedler,synthetic,11
0.0173130990261451,0.0644731968641281,0.0100010585318236,5,23,direct_no_fiedler,synthetic,11
0.0372987615099845,0.0287177357822656,0.0201015515162379,2,23,direct_no_fiedler,synthetic,11
0.0558541765994289,0.0218073185533285,0.0389510536325429,1,23,direct_no_fiedler,synthetic,11
0.1652087377239792,0.0717972069978714,0.0738771118072706,5,23,direct_no_fiedler,synthetic,11
0.0040763158687969,0.0260093715041875,0.0027606789351577,2,24,direct_no_fiedler,synthetic,11
0.0214113664277433,0.1300394684076309,0.0147994664508081,7,24,direct_no_fiedler,synthetic,11
1.5251858200615588e-05,0.018081909045577,1.063216933853505e-05,1,24,direct_no_fiedler,synthetic,11
0.0444760659494278,0.0423911958932876,0.0279254689244606,4,24,direct_no_fiedler,synthetic,11
0.0626778966466732,0.0348213016986846,0.0477845840981661,4,24,direct_no_fiedler,synthetic,11
0.0361621140087795,0.1415700167417526,0.0210592107841746,7,24,direct_no_fiedler,synthetic,11
0.044889631135045,0.046759407967329,0.0336073971895539,5,24,direct_no_fiedler,synthetic,11
0.018794748701998,0.0276159662753343,0.0068007354583393,2,24,direct_no_fiedler,synthetic,11
0.0021068974920923,0.0773717388510704,0.0015008865207847,5,24,direct_no_fiedler,synthetic,11
1.0,1.0,0.0889442478988927,5,24,direct_no_fiedler,synthetic,11
0.0337050069852358,0.1333143860101699,0.0258137747045482,8,24,direct_no_fiedler,synthetic,11
0.0301011850708524,0.0746620818972587,0.0243034475564409,5,24,direct_no_fiedler,synthetic,11
0.029298114759323,0.1392911970615387,0.0153730065194832,8,24,direct_no_fiedler,synthetic,11
0.0150586381352009,0.0414951629936695,0.0066645959566227,3,24,direct_no_fiedler,synthetic,11
0.0521167387445282,0.1213850453495979,0.0400394855264361,8,24,direct_no_fiedler,synthetic,11
0.033348886124684,0.1504561305046081,0.0203188150241985,8,24,direct_no_fiedler,synthetic,11
0.0305770968489347,0.0676044821739196,0.0218539305568798,7,24,direct_no_fiedler,synthetic,11
0.2504309164006346,0.0738106667995452,0.1275846792581402,7,24,direct_no_fiedler,synthetic,11
0.0222317044878472,0.0490184351801872,0.0164028617422459,4,24,direct_no_fiedler,synthetic,11
0.0508766218281264,0.1837019026279449,0.0305243032602195,8,24,direct_no_fiedler,synthetic,11
0.0223493659722867,0.1455559581518173,0.0153437317380576,5,57,direct_no_fiedler,synthetic,11
0.0229264629535799,0.0434091612696647,0.0156590470160671,3,57,direct_no_fiedler,synthetic,11
0.0531725407307783,0.1993019133806228,0.0320376299265446,6,57,direct_no_fiedler,synthetic,11
0.0327759697700154,0.3499708473682403,0.0229392263443815,8,57,direct_no_fiedler,synthetic,11
0.0189194367622738,0.0325899235904216,0.0090701003078527,2,57,direct_no_fiedler,synthetic,11
0.0108363736824571,0.0565694943070411,0.0074374298558633,3,57,direct_no_fiedler,synthetic,11
1.0,1.0,0.0753062559686344,7,57,direct_no_fiedler,synthetic,11
0.0891002669292725,0.1424988806247711,0.0370571209862282,6,57,direct_no_fiedler,synthetic,11
0.0510170956527338,0.0763490349054336,0.0359095832953077,5,57,direct_no_fiedler,synthetic,11
0.1469186579735769,0.1357121467590332,0.0812500138322375,6,57,direct_no_fiedler,synthetic,11
0.0788286129127882,0.0675287619233131,0.0472267009780668,4,57,direct_no_fiedler,synthetic,11
0.0187064229794091,0.0296495128422975,0.0122089907870545,2,57,direct_no_fiedler,synthetic,11
0.0553227694918784,0.0461548268795013,0.023171259838177,3,57,direct_no_fiedler,synthetic,11
0.0358236416581698,0.264971375465393,0.022680777190629,7,57,direct_no_fiedler,synthetic,11
0.0020585063395222,0.0314751975238323,0.0012788913887265,2,57,direct_no_fiedler,synthetic,11
0.0330806036264397,0.0420437157154083,0.0232537547722842,3,57,direct_no_fiedler,synthetic,11
0.0043267293019444,0.0196583215147256,0.0032386195112289,1,57,direct_no_fiedler,synthetic,11
0.0017910409538084,0.0415295623242855,0.0003826083290899,1,57,direct_no_fiedler,synthetic,11
0.0469143451885257,0.0917299166321754,0.0304788884962624,5,57,direct_no_fiedler,synthetic,11
0.0057538983627736,0.0214136466383934,0.0039270120865495,1,57,direct_no_fiedler,synthetic,11
0.003038636532797,0.0306795015931129,0.0017705348771902,3,59,direct_no_fiedler,synthetic,11
0.0032055898019682,0.03920553997159,0.0025135688490328,5,59,direct_no_fiedler,synthetic,11
0.1941512504334928,0.0539932698011398,0.1489384551289343,6,59,direct_no_fiedler,synthetic,11
0.0016800527050453,0.0377653650939464,0.00142200373495,4,59,direct_no_fiedler,synthetic,11
0.007590444764944,0.0377115719020366,0.0054775296355173,4,59,direct_no_fiedler,synthetic,11
0.0052414403114251,0.0904698222875595,0.0037394408828756,7,59,direct_no_fiedler,synthetic,11
0.0013695348921319,0.0326004140079021,0.0010430482429721,3,59,direct_no_fiedler,synthetic,11
0.0216517295877836,0.0418667048215866,0.0165714286286524,5,59,direct_no_fiedler,synthetic,11
8.774565748359553e-05,0.017423290759325,6.770870180217793e-05,1,59,direct_no_fiedler,synthetic,11
0.0023622286257865,0.0511658266186714,0.0016824888995377,6,59,direct_no_fiedler,synthetic,11
9.047884205748424e-05,0.0242167580872774,6.682517946269159e-05,2,59,direct_no_fiedler,synthetic,11
0.0245318021324807,0.0925534144043922,0.0166230333121981,8,59,direct_no_fiedler,synthetic,11
0.0030729443020597,0.0261497888714075,0.0020380729788622,3,59,direct_no_fiedler,synthetic,11
0.0247722452587871,0.0468814857304096,0.0181614941669947,5,59,direct_no_fiedler,synthetic,11
0.003130123821847,0.0413993820548057,0.00247545952347,6,59,direct_no_fiedler,synthetic,11
0.0022627208532064,0.0305192172527313,0.0016823260978728,4,59,direct_no_fiedler,synthetic,11
0.0034866107979528,0.0252872891724109,0.0021362523546521,2,59,direct_no_fiedler,synthetic,11
0.0302785314624007,0.0254820510745048,0.0212172361544254,3,59,direct_no_fiedler,synthetic,11
0.0055377217845322,0.0910917371511459,0.002810076678066,6,59,direct_no_fiedler,synthetic,11
0.0443250442746953,0.1078018844127655,0.0331887612239682,8,59,direct_no_fiedler,synthetic,11
0.0040847745318089,0.0531608127057552,0.0024444864534153,7,60,direct_no_fiedler,synthetic,11
0.0035852441094964,0.02853499725461,0.0023078453480331,3,60,direct_no_fiedler,synthetic,11
0.000979859075451,0.0210296232253313,0.0007548288827016,2,60,direct_no_fiedler,synthetic,11
0.1303413583057479,0.1042058244347572,0.0395904332815874,8,60,direct_no_fiedler,synthetic,11
0.0051902132480848,0.033812616020441,0.003334339735061,4,60,direct_no_fiedler,synthetic,11
0.005261970314082,0.048669584095478,0.0040122890829043,6,60,direct_no_fiedler,synthetic,11
0.0142915813517593,0.0618623159825801,0.0115176982055769,8,60,direct_no_fiedler,synthetic,11
0.0356137416067636,0.0569560714066028,0.0277488727394838,7,60,direct_no_fiedler,synthetic,11
0.0103571122663199,0.0223521385341882,0.0065989386336397,2,60,direct_no_fiedler,synthetic,11
0.0257524856822739,0.0628198832273483,0.0173190899967035,8,60,direct_no_fiedler,synthetic,11
0.0142552412768668,0.0540300495922565,0.011096517449817,7,60,direct_no_fiedler,synthetic,11
0.2210249397436162,0.0189384650439023,0.0790882681813612,1,60,direct_no_fiedler,synthetic,11
0.0353978221356626,0.0357045456767082,0.0273274226074399,5,60,direct_no_fiedler,synthetic,11
0.0025304382511696,0.0169622842222452,0.0020040706611598,1,60,direct_no_fiedler,synthetic,11
0.2218883438447622,0.0221069492399692,0.081092338842521,2,60,direct_no_fiedler,synthetic,11
0.020975572871265,0.0482192412018775,0.0158731864624151,6,60,direct_no_fiedler,synthetic,11
0.0470051269483845,0.0327345356345176,0.0257261601511498,4,60,direct_no_fiedler,synthetic,11
0.0071188504713832,0.0401517860591411,0.0056466382499942,5,60,direct_no_fiedler,synthetic,11
0.0001175139970399,0.0176848582923412,8.989087444273551e-05,1,60,direct_no_fiedler,synthetic,11
0.0046557945878196,0.0207986328750848,0.0030264816912578,2,60,direct_no_fiedler,synthetic,11
0.2731672678282401,0.094106800854206,0.0903753005894098,5,65,direct_no_fiedler,synthetic,11
0.0165211039492482,0.0219685137271881,0.0113801671734999,1,65,direct_no_fiedler,synthetic,11
0.0669067174770772,0.1062346771359443,0.0288520607124241,5,65,direct_no_fiedler,synthetic,11
0.0128738205625965,0.0185475964099168,0.0095958037716109,1,65,direct_no_fiedler,synthetic,11
0.1450233797242469,0.3654994666576385,0.0552288206794016,8,65,direct_no_fiedler,synthetic,11
1.0,0.8110149502754211,0.0308798997361562,7,65,direct_no_fiedler,synthetic,11
0.0675215285396997,0.0866481438279151,0.0445069783633145,5,65,direct_no_fiedler,synthetic,11
0.2406593062150122,0.35562264919281,0.0655647135877004,8,65,direct_no_fiedler,synthetic,11
0.1163695645685405,0.2649512887001037,0.0562988492884007,8,65,direct_no_fiedler,synthetic,11
0.0166466313327292,0.0384538657963275,0.0122296458290013,3,65,direct_no_fiedler,synthetic,11
1.0,0.0334861613810062,0.0041972584353275,2,65,direct_no_fiedler,synthetic,11
0.0626437093933622,0.0576221831142902,0.0304483908008633,3,65,direct_no_fiedler,synthetic,11
0.0378707639739336,0.0981776043772697,0.023728797473888,6,65,direct_no_fiedler,synthetic,11
0.0027920074137958,0.0261524002999067,0.0024450634292644,2,65,direct_no_fiedler,synthetic,11
0.144335475429405,0.153253436088562,0.0640199093416181,5,65,direct_no_fiedler,synthetic,11
0.0711684832426404,0.0684962719678878,0.0380358333283472,4,65,direct_no_fiedler,synthetic,11
0.0608372311005758,0.1133802607655525,0.0242903068700053,5,65,direct_no_fiedler,synthetic,11
0.2546776365649054,0.3479947447776794,0.115881867589429,7,65,direct_no_fiedler,synthetic,11
0.1252075740191843,0.1131098419427871,0.0862188477956981,6,65,direct_no_fiedler,synthetic,11
0.1289810712672127,0.1754485368728637,0.0731100676073669,5,65,direct_no_fiedler,synthetic,11
0.0002762178443261,0.0371669083833694,0.0001914597954027,3,71,direct_no_fiedler,synthetic,11
0.0903613193159436,0.0419677086174488,0.0611737399163464,5,71,direct_no_fiedler,synthetic,11
0.2219212726977727,0.0341412276029586,0.0576767754450457,4,71,direct_no_fiedler,synthetic,11
0.0041857789055651,0.0360925495624542,0.0031338051973598,4,71,direct_no_fiedler,synthetic,11
0.01615230381379,0.1001965105533599,0.0122767336389935,7,71,direct_no_fiedler,synthetic,11
0.0214659855064558,0.0736786946654319,0.0144700861902059,7,71,direct_no_fiedler,synthetic,11
0.0313829254580219,0.0470570772886276,0.0232962741290464,6,71,direct_no_fiedler,synthetic,11
0.0214419832354237,0.0285139586776494,0.0110244076603243,3,71,direct_no_fiedler,synthetic,11
0.0252526519535588,0.0409701094031333,0.0157656011582674,4,71,direct_no_fiedler,synthetic,11
0.0084774719874474,0.0316635556519031,0.0060231253640547,4,71,direct_no_fiedler,synthetic,11
0.0633201057908953,0.0180602800101041,0.0266929750948518,1,71,direct_no_fiedler,synthetic,11
0.1388930688147978,0.048245795071125,0.0229804787877313,5,71,direct_no_fiedler,synthetic,11
0.0084596227001044,0.1012049987912178,0.005965413781752,6,71,direct_no_fiedler,synthetic,11
0.0028991329687334,0.0183026604354381,0.0020889978598049,1,71,direct_no_fiedler,synthetic,11
0.4198429052685736,0.0302091035991907,0.2941718042592222,4,71,direct_no_fiedler,synthetic,11
0.0049236798262031,0.0232932139188051,0.003019838094737,2,71,direct_no_fiedler,synthetic,11
5.76071541065204e-05,0.0172958727926015,4.829789423946932e-05,1,71,direct_no_fiedler,synthetic,11
0.0227513735937617,0.0706918835639953,0.0155657524237277,8,71,direct_no_fiedler,synthetic,11
0.0203812685047862,0.0539806671440601,0.0137657384186534,6,71,direct_no_fiedler,synthetic,11
0.0464139786685038,0.0975062996149063,0.0333284946784158,8,71,direct_no_fiedler,synthetic,11
0.0235380108482324,0.0414248332381248,0.0109308244189316,4,75,direct_no_fiedler,synthetic,11
0.035723388219394,0.0639118328690528,0.0271932983251424,8,75,direct_no_fiedler,synthetic,11
0.0186257490616323,0.0506473258137702,0.0135907461174961,7,75,direct_no_fiedler,synthetic,11
0.0013390503930422,0.0180442333221435,0.0007080167302114,1,75,direct_no_fiedler,synthetic,11
0.0335161138573961,0.0626726448535919,0.0261348345261276,8,75,direct_no_fiedler,synthetic,11
0.0102739214189677,0.0256395954638719,0.0081369045880941,3,75,direct_no_fiedler,synthetic,11
0.0111270822496684,0.0317396484315395,0.0042156485493141,3,75,direct_no_fiedler,synthetic,11
0.1266045739826899,0.0180442333221435,0.079523529138032,1,75,direct_no_fiedler,synthetic,11
0.0424634737546539,0.0803907215595245,0.0316298330455993,7,75,direct_no_fiedler,synthetic,11
0.2135648690023336,0.0384312719106674,0.1329465190515956,5,75,direct_no_fiedler,synthetic,11
0.0041563240676978,0.0329365357756614,0.0027757830476608,3,75,direct_no_fiedler,synthetic,11
0.0221449901661394,0.0217680837959051,0.0153722649880451,2,75,direct_no_fiedler,synthetic,11
0.0331780849379237,0.0260172057896852,0.0236571379445757,3,75,direct_no_fiedler,synthetic,11
0.229579975594541,0.0379208587110042,0.1374391717074854,4,75,direct_no_fiedler,synthetic,11
0.0291798969540062,0.0194500125944614,0.0169147405817543,1,75,direct_no_fiedler,synthetic,11
0.0032857727573255,0.017110938206315,0.0028345605608479,1,75,direct_no_fiedler,synthetic,11
0.002807196849796,0.0195593051612377,0.0020239361666624,2,75,direct_no_fiedler,synthetic,11
0.1314937850007363,0.0549527518451213,0.0836532668648484,6,75,direct_no_fiedler,synthetic,11
0.0050871794185299,0.035181701183319,0.0039607907377815,5,75,direct_no_fiedler,synthetic,11
0.0062164678934636,0.095704935491085,0.0039047359750822,8,75,direct_no_fiedler,synthetic,11
0.0020944170641962,0.0255637280642986,0.001766710469126,4,78,direct_no_fiedler,synthetic,11
0.0049108673076407,0.0453665815293788,0.0038149815914,6,78,direct_no_fiedler,synthetic,11
0.0033619006264355,0.0311623513698577,0.0029464926776114,5,78,direct_no_fiedler,synthetic,11
0.0004371387630234,0.0180116537958383,0.0003240961739293,1,78,direct_no_fiedler,synthetic,11
0.001713942774967,0.0183641873300075,0.0015561210111313,2,78,direct_no_fiedler,synthetic,11
0.0019085409992131,0.0299928300082683,0.0015862770030886,5,78,direct_no_fiedler,synthetic,11
0.0230786554800197,0.0449340268969535,0.0191133523719994,6,78,direct_no_fiedler,synthetic,11
0.0005881332648937,0.0188958346843719,0.0004786101291426,2,78,direct_no_fiedler,synthetic,11
0.0475312859228849,0.0520311668515205,0.0384496215805062,8,78,direct_no_fiedler,synthetic,11
0.0015688171633863,0.0222622025758028,0.0011750633140572,3,78,direct_no_fiedler,synthetic,11
0.0201501504004432,0.0540353506803512,0.0165025773344285,7,78,direct_no_fiedler,synthetic,11
0.0324975085394564,0.0707930326461792,0.023777620115427,8,78,direct_no_fiedler,synthetic,11
3.793705721233387e-05,0.0176060218364,3.2637147634398467e-05,1,78,direct_no_fiedler,synthetic,11
0.0190982315444905,0.0604187436401844,0.0141601665348173,8,78,direct_no_fiedler,synthetic,11
0.0191583312220537,0.0259537640959024,0.0158069491929145,4,78,direct_no_fiedler,synthetic,11
0.0075483857483804,0.0363774858415126,0.0052779540512449,4,78,direct_no_fiedler,synthetic,11
0.010732266188566,0.0233057476580142,0.0086601375221715,3,78,direct_no_fiedler,synthetic,11
0.0061917857477653,0.0538547113537788,0.0050629820907038,8,78,direct_no_fiedler,synthetic,11
0.0410313599102649,0.0335547216236591,0.0292799369430286,5,78,direct_no_fiedler,synthetic,11
0.0030711263396424,0.0278508309274911,0.0026935277180384,4,78,direct_no_fiedler,synthetic,11
0.0115756443444025,0.1889322847127914,0.0076060301197961,7,80,direct_no_fiedler,synthetic,11
0.0067699704013232,0.0599504485726356,0.0045953646270303,4,80,direct_no_fiedler,synthetic,11
0.0725120370843129,0.0502775125205516,0.0487197613771103,3,80,direct_no_fiedler,synthetic,11
0.0682751710656787,0.1472283154726028,0.0488527092106283,7,80,direct_no_fiedler,synthetic,11
0.010539645244722,0.0786440074443817,0.0065509422793097,5,80,direct_no_fiedler,synthetic,11
1.0,0.1292000114917755,0.1170594960379724,6,80,direct_no_fiedler,synthetic,11
1.0,0.2576288878917694,0.5201003369369378,8,80,direct_no_fiedler,synthetic,11
0.0167776029698532,0.2769905626773834,0.0095506855645564,8,80,direct_no_fiedler,synthetic,11
1.0,0.0296495128422975,0.0933002768059452,2,80,direct_no_fiedler,synthetic,11
0.0178683109978752,0.1224473714828491,0.0136056642191592,5,80,direct_no_fiedler,synthetic,11
0.0421140300956074,0.2123263925313949,0.0328329564145642,8,80,direct_no_fiedler,synthetic,11
0.0003586438534857,0.0320278666913509,0.0001645122819592,1,80,direct_no_fiedler,synthetic,11
0.0244571680544705,0.257451057434082,0.0166312267900523,8,80,direct_no_fiedler,synthetic,11
0.020836716195754,0.0350795052945613,0.0095445233625724,3,80,direct_no_fiedler,synthetic,11
0.0148551092469284,0.0855428278446197,0.0089538156576124,6,80,direct_no_fiedler,synthetic,11
0.0203896361230522,0.0283834375441074,0.0143686528547721,2,80,direct_no_fiedler,synthetic,11
0.0189669106939258,0.1073547154664993,0.0150249161636479,6,80,direct_no_fiedler,synthetic,11
0.0955788056369882,0.1603875756263733,0.0537716077122751,6,80,direct_no_fiedler,synthetic,11
0.0463464322017102,0.1046371906995773,0.0347019813991898,6,80,direct_no_fiedler,synthetic,11
0.0021642826325036,0.0201594233512878,0.0018008243328214,1,80,direct_no_fiedler,synthetic,11
0.0025149558818153,0.0202798936516046,0.0017524498806654,2,92,direct_no_fiedler,synthetic,11
0.2370616048199301,0.0212260913103818,0.1198756678896744,1,92,direct_no_fiedler,synthetic,11
0.0143891683011833,0.0315597616136074,0.0075657773294687,4,92,direct_no_fiedler,synthetic,11
0.0461066178432607,0.0492800772190094,0.0313676837542422,6,92,direct_no_fiedler,synthetic,11
0.0003984315215462,0.0221127830445766,0.0003329987341016,2,92,direct_no_fiedler,synthetic,11
0.0292468451737963,0.0866481438279151,0.0216498125718701,8,92,direct_no_fiedler,synthetic,11
0.0116654351979951,0.0663696601986885,0.0090876005967494,7,92,direct_no_fiedler,synthetic,11
0.0181341916161797,0.0490336418151855,0.0146292721498236,6,92,direct_no_fiedler,synthetic,11
0.0047894733759376,0.0270733907818794,0.0031632693958415,3,92,direct_no_fiedler,synthetic,11
0.0298688549601957,0.0689299255609512,0.0189046562048388,7,92,direct_no_fiedler,synthetic,11
0.0001678377652405,0.0229379404336214,0.0001190270728585,2,92,direct_no_fiedler,synthetic,11
0.0086590785472668,0.031366940587759,0.0028579636843508,2,92,direct_no_fiedler,synthetic,11
0.1231159424021461,0.0723049491643905,0.0691934809563056,7,92,direct_no_fiedler,synthetic,11
0.0098722725588811,0.0567101873457431,0.0076376513752989,6,92,direct_no_fiedler,synthetic,11
0.4845419216988486,0.1320890188217163,0.1827713586810694,7,92,direct_no_fiedler,synthetic,11
0.0296390931645348,0.0376121550798416,0.0193535246487918,4,92,direct_no_fiedler,synthetic,11
1.0,1.0,0.0142385061621503,7,92,direct_no_fiedler,synthetic,11
0.0049083716360391,0.0263242349028587,0.0037758651111629,3,92,direct_no_fiedler,synthetic,11
0.0276738959654034,0.058565218001604,0.019206343525022,6,92,direct_no_fiedler,synthetic,11
0.0011461338735728,0.0393073298037052,0.0005072589153767,4,92,direct_no_fiedler,synthetic,11
0.0038195935490467,0.0257194247096776,0.0032124250127803,3,95,direct_no_fiedler,synthetic,11
0.0135199806195555,0.0802247002720832,0.0094820784218076,6,95,direct_no_fiedler,synthetic,11
8.743371076691542e-05,0.0301648378372192,6.872331386785228e-05,3,95,direct_no_fiedler,synthetic,11
0.0832822434550464,0.1017955467104911,0.0464798831875542,7,95,direct_no_fiedler,synthetic,11
0.0055824807713302,0.0279575809836387,0.0035900800435732,2,95,direct_no_fiedler,synthetic,11
0.0003874286620597,0.0382547080516815,0.0002920591276209,4,95,direct_no_fiedler,synthetic,11
0.0002427567056818,0.0304363537579774,0.0001891146348869,3,95,direct_no_fiedler,synthetic,11
0.1113762666594496,0.2861678898334503,0.042127498904639,6,95,direct_no_fiedler,synthetic,11
0.0035523652954861,0.1335756331682205,0.002377969747691,8,95,direct_no_fiedler,synthetic,11
0.1110199757779225,0.1883542388677597,0.0631878395777478,8,95,direct_no_fiedler,synthetic,11
0.0123562796437176,0.1214814782142639,0.0075703358236411,7,95,direct_no_fiedler,synthetic,11
0.0060477015672084,0.0809346884489059,0.0043557156576512,8,95,direct_no_fiedler,synthetic,11
0.0031982601627884,0.0705004557967186,0.0020904763333561,5,95,direct_no_fiedler,synthetic,11
0.0026934556049703,0.0185475964099168,0.001198695823751,1,95,direct_no_fiedler,synthetic,11
0.0053075556549686,0.2018267810344696,0.0035108143790347,6,95,direct_no_fiedler,synthetic,11
0.0058480172345536,0.1300568282604217,0.0024988615933875,6,95,direct_no_fiedler,synthetic,11
0.0035600457315032,0.0501734428107738,0.0016748127986249,5,95,direct_no_fiedler,synthetic,11
0.0014872918085,0.1564247012138366,0.0007997382785429,7,95,direct_no_fiedler,synthetic,11
0.0039675309184664,0.0490882918238639,0.0014996725768963,4,95,direct_no_fiedler,synthetic,11
0.0076782720806917,0.1342936605215072,0.004837818271163,8,95,direct_no_fiedler,synthetic,11
0.0005682920654265,0.0198050178587436,0.0004228300637857,2,96,direct_no_fiedler,synthetic,11
0.0313565041886791,0.0332398973405361,0.0186214511401197,5,96,direct_no_fiedler,synthetic,11
0.0231103758498397,0.0410445630550384,0.0190653672167754,4,96,direct_no_fiedler,synthetic,11
0.0037867672126337,0.031753234565258,0.0032597419977846,6,96,direct_no_fiedler,synthetic,11
5.703346885244098e-05,0.019854974001646,4.9484450201878655e-05,3,96,direct_no_fiedler,synthetic,11
3.651899752998844e-05,0.0181259457021951,2.7018383499316844e-05,1,96,direct_no_fiedler,synthetic,11
0.012618434699294,0.0232895873486995,0.010410606794368,4,96,direct_no_fiedler,synthetic,11
0.0141511003377579,0.0487351529300212,0.0119740732981179,7,96,direct_no_fiedler,synthetic,11
0.0583429699524232,0.050132643431425,0.0299809323594736,7,96,direct_no_fiedler,synthetic,11
0.0255055633475077,0.0446980893611907,0.0187762629205993,7,96,direct_no_fiedler,synthetic,11
0.0008235163350692,0.0403005257248878,0.0006708244366904,6,96,direct_no_fiedler,synthetic,11
0.0452045960186439,0.0329496674239635,0.0256515396226258,4,96,direct_no_fiedler,synthetic,11
0.3898869236075372,0.0411516204476356,0.0175051649188168,6,96,direct_no_fiedler,synthetic,11
0.4490717025688046,0.0926878005266189,0.017170913901144,7,96,direct_no_fiedler,synthetic,11
0.0014903209008416,0.0398579500615596,0.001171179488212,6,96,direct_no_fiedler,synthetic,11
6.895739628198783e-07,0.0165493357926607,5.03510595140186e-07,1,96,direct_no_fiedler,synthetic,11
0.0055221770024722,0.0187965184450149,0.0046209993058659,2,96,direct_no_fiedler,synthetic,11
0.0204813404122229,0.0355057753622531,0.0126334721486699,4,96,direct_no_fiedler,synthetic,11
0.0002722146073872,0.0184148140251636,0.0001900730221228,1,96,direct_no_fiedler,synthetic,11
0.0178752261196951,0.0246822442859411,0.0132587420743447,3,96,direct_no_fiedler,synthetic,11
0.0743019482699874,0.0601588115096092,0.0601849348152114,7,99,direct_no_fiedler,synthetic,11
0.0273613406338015,0.0727891698479652,0.0211820646993972,5,99,direct_no_fiedler,synthetic,11
0.0651346499796949,0.0941807329654693,0.0386056614195323,8,99,direct_no_fiedler,synthetic,11
0.050178207734105,0.0614918656647205,0.0377516995734555,7,99,direct_no_fiedler,synthetic,11
0.0279728010763111,0.0387488156557083,0.0183613930573903,4,99,direct_no_fiedler,synthetic,11
0.0477364842953891,0.0966512635350227,0.0321133508735158,6,99,direct_no_fiedler,synthetic,11
1.0,0.3748970925807953,0.0971165144955387,8,99,direct_no_fiedler,synthetic,11
0.0340248573464455,0.0365443676710128,0.0239040889102538,3,99,direct_no_fiedler,synthetic,11
0.0296135488623361,0.0912526994943618,0.0196336028046695,8,99,direct_no_fiedler,synthetic,11
0.0005255899401072,0.0197047777473926,0.0003830563999448,1,99,direct_no_fiedler,synthetic,11
1.0,1.0,0.0012512825244688,4,99,direct_no_fiedler,synthetic,11
0.11860254247818,0.0997334644198417,0.0824844505887958,8,99,direct_no_fiedler,synthetic,11
1.0,0.1747332215309143,0.0315517754770534,5,99,direct_no_fiedler,synthetic,11
0.0430377681571102,0.0505394823849201,0.0336319622086386,5,99,direct_no_fiedler,synthetic,11
0.0732603660812091,0.0561268776655197,0.0273031753453694,5,99,direct_no_fiedler,synthetic,11
0.028629550691284,0.0179113131016492,0.0211218747477096,1,99,direct_no_fiedler,synthetic,11
0.008009922383272,0.0227084308862686,0.0057574220221284,2,99,direct_no_fiedler,synthetic,11
0.0200673063661834,0.0409853532910347,0.0157864716608781,5,99,direct_no_fiedler,synthetic,11
0.0136174624866247,0.0399516522884368,0.0104442485461369,4,99,direct_no_fiedler,synthetic,11
0.0174993101615171,0.0481364428997039,0.0140564216608414,5,99,direct_no_fiedler,synthetic,11
0.0570564312034025,0.0271899085491895,0.0017351514622185,3,1000011,direct_no_fiedler,osm,11
0.0206368056657026,0.0242235828191041,0.0050892497307107,3,1000011,direct_no_fiedler,osm,11
0.0018688786480764,0.017097158357501,0.000860313600337,1,1000011,direct_no_fiedler,osm,11
0.0049850455284438,0.0350093655288219,0.0020662145968727,5,1000011,direct_no_fiedler,osm,11
1.0,1.0,0.0393323987211856,4,1000011,direct_no_fiedler,osm,11
0.0019766923945672,0.0210787989199161,0.0005771298847871,2,1000011,direct_no_fiedler,osm,11
0.0912406868575181,0.0429800413548946,0.0270942710620339,6,1000011,direct_no_fiedler,osm,11
0.0047160713354642,0.0175002496689558,0.0014272121343773,1,1000011,direct_no_fiedler,osm,11
0.0013725282745199,0.0242235828191041,0.000137304753114,3,1000011,direct_no_fiedler,osm,11
0.0004202653952853,0.017097158357501,0.0001426537759806,1,1000011,direct_no_fiedler,osm,11
1.0,0.0284728650003671,0.0089331417358639,4,1000011,direct_no_fiedler,osm,11
1.0,1.0,0.0010569378432478,4,1000011,direct_no_fiedler,osm,11
1.0,1.0,0.0381824949144896,5,1000011,direct_no_fiedler,osm,11
1.0,1.0,0.0559123297361752,4,1000011,direct_no_fiedler,osm,11
0.0560630402293118,0.0265696663409471,0.0210252808646353,3,1000011,direct_no_fiedler,osm,11
1.0,1.0,0.0066016989099449,8,1000011,direct_no_fiedler,osm,11
0.3762314890916151,0.0284728650003671,0.0100931764468028,4,1000011,direct_no_fiedler,osm,11
1.0,1.0,0.0163203927226021,8,1000011,direct_no_fiedler,osm,11
5.138261347836792e-05,0.0175002496689558,2.1597773760314983e-05,1,1000011,direct_no_fiedler,osm,11
0.6021572941222063,0.0361483879387378,0.0512438233236807,5,1000011,direct_no_fiedler,osm,11
0.0027963252653343,0.027824206277728,0.0011044025539728,3,1000011,direct_no_fiedler,osm,11
1.0,1.0,7.467837207358011e-05,1,1000011,direct_no_fiedler,osm,11
1.0,1.0,0.02368468118595,6,1000011,direct_no_fiedler,osm,11
1.0,0.0259632058441638,0.0194705951315272,3,1000011,direct_no_fiedler,osm,11
1.0,0.0658324584364891,0.0667658116102856,8,1000011,direct_no_fiedler,osm,11
0.5596763352949479,0.0312173403799533,0.124674276273178,4,1000011,direct_no_fiedler,osm,11
0.0456266356095782,0.0420151799917221,0.008969505242047,6,1000011,direct_no_fiedler,osm,11
0.0242556831759847,0.041071031242609,0.0109051485910941,6,1000011,direct_no_fiedler,osm,11
1.0,1.0,0.0220544546477488,7,1000011,direct_no_fiedler,osm,11
0.0002117487381215,0.017097158357501,1.901825748645591e-05,1,1000011,direct_no_fiedler,osm,11
1.0,1.0,0.1028647860928668,8,1000011,direct_no_fiedler,osm,11
1.0,1.0,0.0128180698837398,7,1000011,direct_no_fiedler,osm,11
0.5547000794861753,0.0366473831236362,0.1249275386143708,5,1000011,direct_no_fiedler,osm,11
0.0056561979323812,0.0205950234085321,0.0009211520144964,2,1000011,direct_no_fiedler,osm,11
0.0309415235786844,0.041071031242609,0.0044414179090626,6,1000011,direct_no_fiedler,osm,11
0.006340776460753,0.0210787989199161,0.0027540430795552,2,1000011,direct_no_fiedler,osm,11
1.0,1.0,0.0003228446770017,3,1000011,direct_no_fiedler,osm,11
1.0,0.0345318540930748,0.050444113417961,5,1000011,direct_no_fiedler,osm,11
0.5732047053013878,0.0643890649080276,0.1344870184074849,8,1000011,direct_no_fiedler,osm,11
1.0,1.0,0.0201371283801707,5,1000011,direct_no_fiedler,osm,11
1.0,1.0,0.0852585029112151,8,1000011,direct_no_fiedler,osm,11
0.0017619030098989,0.0175002496689558,0.0009066869569207,1,1000011,direct_no_fiedler,osm,11
0.676942349610353,0.0602339096367359,0.0124940676955037,8,1000011,direct_no_fiedler,osm,11
1.0,1.0,0.0160106424418932,6,1000011,direct_no_fiedler,osm,11
0.0339462474238574,0.0253702253103256,0.0103545315814039,3,1000011,direct_no_fiedler,osm,11
0.0631271237066354,0.021573694422841,0.0029458992534124,2,1000011,direct_no_fiedler,osm,11
0.0004136840150587,0.017097158357501,0.0001223936329238,1,1000011,direct_no_fiedler,osm,11
1.0,1.0,0.0633367571681078,5,1000011,direct_no_fiedler,osm,11
1.0,1.0,0.0066399579849012,6,1000011,direct_no_fiedler,osm,11
0.0042559763511618,0.0291361976414918,0.0020045591614665,4,1000011,direct_no_fiedler,osm,11
7.151315215392362e-05,0.017097158357501,6.258621382062799e-06,1,1000011,direct_no_fiedler,osm,11
1.0,1.0,0.0405848086279271,6,1000011,direct_no_fiedler,osm,11
1.0,1.0,0.0032388056468941,6,1000011,direct_no_fiedler,osm,11
0.0047705163955436,0.0175002496689558,0.0006520152957816,1,1000011,direct_no_fiedler,osm,11
1.0,1.0,0.0006404594858415,3,1000011,direct_no_fiedler,osm,11
0.1265018875920146,0.0312173403799533,0.0687947667373331,4,1000011,direct_no_fiedler,osm,11
0.0088223999340112,0.0164711251854896,0.0052792752832526,1,1000011,direct_no_fiedler,osm,11
0.5640452314856179,0.0439660474658012,0.0497854281251213,6,1000011,direct_no_fiedler,osm,11
0.0092871930414384,0.0350093655288219,0.0022698756515339,5,1000011,direct_no_fiedler,osm,11
1.0,1.0,0.0550515692338808,2,1000011,direct_no_fiedler,osm,11
0.044079260670317,0.0358193479478359,0.0190631021255684,5,1000011,direct_no_fiedler,osm,11
0.0409108621821413,0.0247904472053051,0.0047730982241619,3,1000011,direct_no_fiedler,osm,11
0.2546599120955756,0.0210787989199161,0.0274737828154502,2,1000011,direct_no_fiedler,osm,11
0.0119738260792781,0.0259632058441638,0.0015510211994198,3,1000011,direct_no_fiedler,osm,11
1.0,1.0,0.000314122164834,4,1000011,direct_no_fiedler,osm,11
1.0,1.0,0.0043978116158562,4,1000011,direct_no_fiedler,osm,11
0.4383747296451353,0.0526664108037948,0.0095272300198113,7,1000011,direct_no_fiedler,osm,11
0.0409255977156008,0.0175002496689558,0.0018877944222758,1,1000011,direct_no_fiedler,osm,11
0.0314569786158416,0.0205950234085321,0.0030323101114491,2,1000011,direct_no_fiedler,osm,11
0.0437406912472859,0.023127531632781,0.0172585492616541,3,1000011,direct_no_fiedler,osm,11
1.0,1.0,0.0062900281472557,7,1000011,direct_no_fiedler,osm,11
0.0637392947690744,0.0514957681298255,0.0175436213989864,7,1000011,direct_no_fiedler,osm,11
0.2807592556664393,0.0481299124658107,0.0281530549495258,7,1000011,direct_no_fiedler,osm,11
1.0,1.0,0.0137323205398703,8,1000011,direct_no_fiedler,osm,11
1.0,1.0,0.0755908079080324,8,1000011,direct_no_fiedler,osm,11
0.0816557431587389,0.0576046258211135,0.0417175414765868,8,1000011,direct_no_fiedler,osm,11
1.0,1.0,0.0072781005124298,7,1000011,direct_no_fiedler,osm,11
1.0,1.0,0.0126378235294172,4,1000011,direct_no_fiedler,osm,11
1.0,1.0,0.1018651726283589,8,1000011,direct_no_fiedler,osm,11
0.1344707393054764,0.0298145003616809,0.0717511589959812,4,1000011,direct_no_fiedler,osm,11
0.0374448849995078,0.0298145003616809,0.0114204590020403,4,1000011,direct_no_fiedler,osm,11
0.5713944251228167,0.0429800413548946,0.0837312936352944,6,1000011,direct_no_fiedler,osm,11
1.0,1.0,0.0011290164950566,2,1000011,direct_no_fiedler,osm,11
0.1284282511695463,0.0326839424669742,0.028165248320211,5,1000011,direct_no_fiedler,osm,11
0.083632898048345,0.0259632058441638,0.0089571006542868,3,1000011,direct_no_fiedler,osm,11
1.0,1.0,0.0065050788983199,5,1000011,direct_no_fiedler,osm,11
1.0,1.0,0.0069171683390173,7,1000011,direct_no_fiedler,osm,11
0.0090427170907222,0.0201221071183681,0.0020577335549508,2,1000011,direct_no_fiedler,osm,11
0.003798780197831,0.0205950234085321,0.0007253086621019,2,1000011,direct_no_fiedler,osm,11
0.0139722714432837,0.017097158357501,0.0065352391370546,1,1000011,direct_no_fiedler,osm,11
1.0,1.0,0.021062715978765,7,1000011,direct_no_fiedler,osm,11
1.0,1.0,0.0695046551208032,7,1000011,direct_no_fiedler,osm,11
8.743785258724657e-06,0.0175002496689558,3.039104324998142e-06,1,1000011,direct_no_fiedler,osm,11
1.0,1.0,1.8890188354178791e-06,1,1000011,direct_no_fiedler,osm,11
1.0,1.0,0.0257956652721278,5,1000011,direct_no_fiedler,osm,11
0.0217287481790804,0.027824206277728,0.0095175618006587,4,1000011,direct_no_fiedler,osm,11
0.0028741999268602,0.0242235828191041,0.0015555042777213,3,1000011,direct_no_fiedler,osm,11
1.0,1.0,0.0031825552023873,4,1000011,direct_no_fiedler,osm,11
0.0041330623188171,0.0284728650003671,0.0019308655468155,4,1000011,direct_no_fiedler,osm,11
1.0,1.0,0.0117269555027083,7,1000011,direct_no_fiedler,osm,11
1.0,1.0,0.0303267294839159,6,1000011,direct_no_fiedler,osm,11
1.0,1.0,0.0120268497328166,7,1000011,direct_no_fiedler,osm,11
0.0191257218934305,0.041071031242609,0.0029330539694591,5,1000011,direct_no_fiedler,osm,11
0.0054724978669902,0.0201221071183681,0.0008645858909618,2,1000011,direct_no_fiedler,osm,11
0.1275678752471104,0.0334420055150985,0.0785356144394645,5,1000011,direct_no_fiedler,osm,11
0.056475694709269,0.0175002496689558,0.0287132165850055,1,1000011,direct_no_fiedler,osm,11
0.3926312628252867,0.0503497831523418,0.0296074427907397,7,1000011,direct_no_fiedler,osm,11
0.1239812259432847,0.0298145003616809,0.0260092291210847,4,1000011,direct_no_fiedler,osm,11
0.0056568914124606,0.0291361976414918,0.0009233427689909,4,1000011,direct_no_fiedler,osm,11
0.2030799676783132,0.0358193479478359,0.0047227229685991,5,1000011,direct_no_fiedler,osm,11
0.0122149196511756,0.017097158357501,0.005551871298638,1,1000011,direct_no_fiedler,osm,11
0.0615746283464988,0.0312173403799533,0.0032526805663672,4,1000011,direct_no_fiedler,osm,11
0.0152747299887503,0.0326839424669742,0.0028432469158656,5,1000011,direct_no_fiedler,osm,11
1.0,1.0,0.0463996769766091,8,1000011,direct_no_fiedler,osm,11
0.0014269970293341,0.0183346159756183,5.0867582242818005e-05,1,1000011,direct_no_fiedler,osm,11
0.0285375426357532,0.0205950234085321,0.0058670752691174,2,1000011,direct_no_fiedler,osm,11
0.0187135081713769,0.017097158357501,0.0084728489212144,1,1000011,direct_no_fiedler,osm,11
0.0361757001213141,0.0201221071183681,0.0188760251067816,2,1000011,direct_no_fiedler,osm,11
0.0145443737682022,0.0175002496689558,0.00572621801846,1,1000011,direct_no_fiedler,osm,11
1.0,1.0,0.013217310611403,6,1000011,direct_no_fiedler,osm,11
1.0,0.0298145003616809,0.0597087504595604,4,1000011,direct_no_fiedler,osm,11
0.0709855622546454,0.0563307404518127,0.0128144520674899,8,1000011,direct_no_fiedler,osm,11
0.0259882399433281,0.0175002496689558,0.0152901136412818,1,1000011,direct_no_fiedler,osm,11
0.0115915940754161,0.0305081196129322,0.0058438146445521,4,1000011,direct_no_fiedler,osm,11
1.0,0.0210787989199161,0.0652643109386085,2,1000011,direct_no_fiedler,osm,11
0.0372209774901457,0.0460031628608703,0.0043506094025218,6,1000011,direct_no_fiedler,osm,11
1.0,1.0,0.0051294190921806,7,1000011,direct_no_fiedler,osm,11
0.1593918908447914,0.044973611831665,0.0552158940624471,6,1000011,direct_no_fiedler,osm,11
0.2356143085709878,0.0492279939353466,0.0121336333797641,7,1000011,direct_no_fiedler,osm,11
0.0007735541234029,0.0205950234085321,8.61233175311945e-05,2,1000011,direct_no_fiedler,osm,11
0.066303018200182,0.0607730783522129,0.0101140168180854,8,1000011,direct_no_fiedler,osm,11
1.0,1.0,0.0176472739795862,4,1000011,direct_no_fiedler,osm,11
1.0,1.0,0.0024336373942365,8,1000011,direct_no_fiedler,osm,11
1.0,1.0,0.0754424892784353,8,1000011,direct_no_fiedler,osm,11
0.0063724567833126,0.0192079786211252,0.0007691835163394,1,1000011,direct_no_fiedler,osm,11
1.0,1.0,0.0064702205451214,3,1000011,direct_no_fiedler,osm,11
1.0590154153611309e-05,0.0205950234085321,3.0896169034727486e-06,2,1000011,direct_no_fiedler,osm,11
1.0,1.0,0.0033204913436125,6,1000011,direct_no_fiedler,osm,11
0.0358868530582934,0.0196598470211029,0.0167769219361782,2,1000011,direct_no_fiedler,osm,11
0.0019659327934301,0.017097158357501,0.0008064885563901,1,1000011,direct_no_fiedler,osm,11
0.3445084578866227,0.0183346159756183,1.0777584573886566e-05,1,1000011,direct_no_fiedler,osm,11
0.0565321019341816,0.0242235828191041,0.012593851992946,3,1000011,direct_no_fiedler,osm,11
0.0209830700354921,0.0247904472053051,0.003662249971964,3,1000011,direct_no_fiedler,osm,11
1.0,0.0305081196129322,0.0803299078821504,4,1000011,direct_no_fiedler,osm,11
1.0,1.0,0.0156586934603041,3,1000011,direct_no_fiedler,osm,11
1.0,1.0,0.0305494599083323,7,1000011,direct_no_fiedler,osm,11
0.0745720972946291,0.017097158357501,0.0190707170727501,1,1000011,direct_no_fiedler,osm,11
1.0,1.0,0.0004334576327098,1,1000011,direct_no_fiedler,osm,11
1.0,1.0,3.5655756071055483e-06,2,1000011,direct_no_fiedler,osm,11
1.0,1.0,0.1189235376860931,7,1000011,direct_no_fiedler,osm,11
1.0,1.0,0.0326552444353696,6,1000011,direct_no_fiedler,osm,11
1.0,1.0,0.0566542667839208,6,1000011,direct_no_fiedler,osm,11
0.0305284039393562,0.0350093655288219,0.0132051320304266,5,1000011,direct_no_fiedler,osm,11
0.0478715029663179,0.0271899085491895,0.023564930547392,4,1000011,direct_no_fiedler,osm,11
0.0199619221520575,0.041071031242609,0.0058609282481302,5,1000011,direct_no_fiedler,osm,11
0.0829652419853118,0.0253702253103256,0.0423449836176689,3,1000011,direct_no_fiedler,osm,11
1.0,1.0,0.0027686225484223,6,1000011,direct_no_fiedler,osm,11
0.2648458226270105,0.0205950234085321,0.0363295812765563,2,1000011,direct_no_fiedler,osm,11
3.330341870055875e-05,0.017097158357501,1.2848845498710598e-05,1,1000011,direct_no_fiedler,osm,11
0.0029682335156522,0.0175002496689558,0.0014494697617234,1,1000011,direct_no_fiedler,osm,11
1.0,1.0,0.004014825371091,7,1000011,direct_no_fiedler,osm,11
1.0,1.0,0.0049134850919995,7,1000011,direct_no_fiedler,osm,11
1.0,1.0,0.0453523123229368,5,1000011,direct_no_fiedler,osm,11
1.0,1.0,0.0302814778926964,4,1000011,direct_no_fiedler,osm,11
1.0,0.0481299124658107,0.0208328142404896,6,1000011,direct_no_fiedler,osm,11
0.0014793538406324,0.0175002496689558,0.0008061845796841,1,1000011,direct_no_fiedler,osm,11
1.0,0.0250207856297492,0.0068771916800305,3,1000011,direct_no_fiedler,osm,11
0.0316331506630648,0.0319425016641616,0.0180962499751923,4,1000011,direct_no_fiedler,osm,11
1.0,1.0,0.0051883173459859,8,1000011,direct_no_fiedler,osm,11
0.0568248814799939,0.041071031242609,0.0200593994951412,6,1000011,direct_no_fiedler,osm,11
1.0,1.0,0.0018569804636202,2,1000011,direct_no_fiedler,osm,11
1.0,1.0,0.0031275339151063,4,1000011,direct_no_fiedler,osm,11
1.0,1.0,0.0004198077846356,4,1000011,direct_no_fiedler,osm,11
1.0,1.0,0.0181103103143267,6,1000011,direct_no_fiedler,osm,11
1.0,0.0298145003616809,0.0238081965100363,4,1000011,direct_no_fiedler,osm,11
0.005596635410984,0.0236693639308214,0.0015889211636753,3,1000011,direct_no_fiedler,osm,11
0.0416516833759691,0.0220799520611763,0.0037967404538442,2,1000011,direct_no_fiedler,osm,11
0.0335000216875885,0.0253702253103256,0.0030024390938287,3,1000011,direct_no_fiedler,osm,11
1.0,1.0,0.0016155051624917,4,1000011,direct_no_fiedler,osm,11
0.113887954497035,0.0334420055150985,0.0279850487213473,5,1000011,direct_no_fiedler,osm,11
1.0,1.0,0.0424226312793584,7,1000011,direct_no_fiedler,osm,11
1.0,1.0,2.9584240906008803e-08,1,1000011,direct_no_fiedler,osm,11
0.0107472268296681,0.0429800413548946,0.0046112341566053,6,1000011,direct_no_fiedler,osm,11
1.0,1.0,0.0001089661368353,3,1000011,direct_no_fiedler,osm,11
1.0,1.0,0.0181174875199718,4,1000011,direct_no_fiedler,osm,11
0.0506961813579275,0.0342170298099517,0.0089117933557833,5,1000011,direct_no_fiedler,osm,11
0.0117510713565369,0.0326839424669742,0.0017617914423515,4,1000011,direct_no_fiedler,osm,11
1.0,1.0,0.0130721859508512,6,1000011,direct_no_fiedler,osm,11
1.0,1.0,0.0059191433700057,4,1000011,direct_no_fiedler,osm,11
0.1267770045844206,0.0420151799917221,0.0082988170306111,6,1000011,direct_no_fiedler,osm,11
0.5571775615695747,0.0629751682281494,0.0664263195205129,8,1000011,direct_no_fiedler,osm,11
1.0,1.0,0.0063264087572082,7,1000011,direct_no_fiedler,osm,11
1.0,1.0,0.0504725176238144,8,1000011,direct_no_fiedler,osm,11
1.0,1.0,0.0011419440689088,3,1000011,direct_no_fiedler,osm,11
1.0,1.0,0.0507731573568368,7,1000011,direct_no_fiedler,osm,11
1.0,1.0,0.0301032918223093,7,1000011,direct_no_fiedler,osm,11
0.0019659327934301,0.017097158357501,0.0008064885563901,1,1000011,direct_no_fiedler,osm,11
1.0,1.0,0.0006349182687489,3,1000011,direct_no_fiedler,osm,11
1.0,1.0,0.0010130122715553,3,1000011,direct_no_fiedler,osm,11
1.0,1.0,0.0017845557822208,4,1000011,direct_no_fiedler,osm,11
1.0,0.0481299124658107,0.0373259765893852,7,1000011,direct_no_fiedler,osm,11
1.0,1.0,0.0024257431376953,3,1000011,direct_no_fiedler,osm,11
0.0057197268200719,0.0183346159756183,0.0015564187200111,1,1000011,direct_no_fiedler,osm,11
1.0,1.0,0.0105862012829491,6,1000011,direct_no_fiedler,osm,11
0.0406931627247278,0.021573694422841,0.0027072732137265,2,1000011,direct_no_fiedler,osm,11
1.0,1.0,0.0423509765295724,5,1000011,direct_no_fiedler,osm,11
1.0,1.0,0.0311104305445233,8,1000011,direct_no_fiedler,osm,11
1.0,1.0,0.0851580675556688,8,1000011,direct_no_fiedler,osm,11
1.0,1.0,0.003876665461988,6,1000011,direct_no_fiedler,osm,11
0.1109720025986304,0.0503497831523418,0.0222192891812953,7,1000011,direct_no_fiedler,osm,11
3.3411149291673325e-08,0.017097158357501,3.824204764433913e-09,1,1000011,direct_no_fiedler,osm,11
0.3971164525609506,0.0392433479428291,0.0067891503594073,6,1000011,direct_no_fiedler,osm,11
0.0063724567833126,0.0192079786211252,0.0007691835163394,1,1000011,direct_no_fiedler,osm,11
0.3982452546012935,0.041071031242609,0.0135442122469289,6,1000011,direct_no_fiedler,osm,11
0.0014024418142727,0.0175002496689558,0.0006086002675132,1,1000011,direct_no_fiedler,osm,11
1.0,1.0,0.0752145920493746,8,1000011,direct_no_fiedler,osm,11
1.0,1.0,0.0116756071244389,8,1000011,direct_no_fiedler,osm,11
1.0,1.0,0.0015318292923892,3,1000011,direct_no_fiedler,osm,11
1.0,1.0,0.0001659886684686,2,1000011,direct_no_fiedler,osm,11
1.0,1.0,0.0026268601272012,2,1000011,direct_no_fiedler,osm,11
1.0,1.0,0.0021240433686924,6,1000011,direct_no_fiedler,osm,11
0.1090631720646833,0.021573694422841,0.0549768962562497,2,1000011,direct_no_fiedler,osm,11
0.0092264121320276,0.0205950234085321,0.0048633913564207,2,1000011,direct_no_fiedler,osm,11
1.0,1.0,0.0025629137288895,4,1000011,direct_no_fiedler,osm,11
0.5571526264930015,0.0312173403799533,0.040910515465005,4,1000011,direct_no_fiedler,osm,11
1.0,0.0392433479428291,0.0033849628322729,5,1000011,direct_no_fiedler,osm,11
1.0,1.0,0.0028167368601693,6,1000011,direct_no_fiedler,osm,11
1.0,0.0253702253103256,0.0245341500791272,3,1000011,direct_no_fiedler,osm,11
1.0,1.0,0.0120261499293548,8,1000011,direct_no_fiedler,osm,11
0.3501257219809606,0.0183346159756183,0.0013018331960474,1,1000011,direct_no_fiedler,osm,11
0.6935464542795943,0.0284728650003671,0.1135514444905257,4,1000011,direct_no_fiedler,osm,11
1.0,0.0378376096487045,0.0434460139100664,6,1000011,direct_no_fiedler,osm,11
1.0,1.0,0.0048404284866524,4,1000011,direct_no_fiedler,osm,11
1.0,1.0,0.007145709547828,4,1000011,direct_no_fiedler,osm,11
1.0,1.0,0.005973639366946,6,1000011,direct_no_fiedler,osm,11
1.0,1.0,0.0076712393173901,4,1000011,direct_no_fiedler,osm,11
0.048275581968173,0.0366473831236362,0.0052156318715535,5,1000011,direct_no_fiedler,osm,11
0.0451562706743011,0.0210787989199161,0.0011935021888463,2,1000011,direct_no_fiedler,osm,11
1.0,1.0,0.0054864024049374,5,1000011,direct_no_fiedler,osm,11
0.1774150496908056,0.0253702253103256,0.0858881422526951,3,1000011,direct_no_fiedler,osm,11
0.0049261543393637,0.0242235828191041,0.0022346035071636,3,1000011,direct_no_fiedler,osm,11
1.0,1.0,0.0082491959992555,8,1000011,direct_no_fiedler,osm,11
1.0,1.0,0.0038651515477713,3,1000011,direct_no_fiedler,osm,11
0.0290581072142437,0.0210787989199161,0.0022151195566974,2,1000011,direct_no_fiedler,osm,11
0.0083007874767945,0.0175002496689558,0.0006683548796551,1,1000011,direct_no_fiedler,osm,11
1.0,0.0312173403799533,0.0927901363979247,4,1000011,direct_no_fiedler,osm,11
1.0,1.0,0.0730457468521514,8,1000011,direct_no_fiedler,osm,11
1.0,1.0,0.1298093901903664,7,1000011,direct_no_fiedler,osm,11
1.0,0.0305081196129322,0.0105792346859107,4,1000011,direct_no_fiedler,osm,11
1.0,1.0,0.0615696231203574,6,1000011,direct_no_fiedler,osm,11
0.0321291070457209,0.0396025329828262,0.0134570732123493,6,1000011,direct_no_fiedler,osm,11
0.0325627833617555,0.0205950234085321,0.0118922307058177,2,1000011,direct_no_fiedler,osm,11
1.0,1.0,0.083187265193022,6,1000011,direct_no_fiedler,osm,11
1.0,1.0,0.0057689383572637,7,1000011,direct_no_fiedler,osm,11
0.000184650908652,0.0201221071183681,2.340450010971145e-05,2,1000011,direct_no_fiedler,osm,11
1.0,0.0563307404518127,0.0279133354460069,7,1000011,direct_no_fiedler,osm,11
0.0293205501762774,0.0366473831236362,0.0022191245990016,5,1000011,direct_no_fiedler,osm,11
0.0141164572244116,0.0205950234085321,0.0056217093593451,2,1000011,direct_no_fiedler,osm,11
0.0055074983096602,0.0205950234085321,0.0012586436874309,2,1000011,direct_no_fiedler,osm,11
1.0,1.0,0.0116592064184812,4,1000011,direct_no_fiedler,osm,11
1.0,1.0,0.0004449662078554,8,1000011,direct_no_fiedler,osm,11
1.0,1.0,0.1624426801410853,6,1000011,direct_no_fiedler,osm,11
0.0466784474590656,0.0312173403799533,0.0057385110126845,4,1000011,direct_no_fiedler,osm,11
0.115913134135379,0.0205950234085321,0.0687520199547235,2,1000011,direct_no_fiedler,osm,11
1.0,1.0,0.0041493699725025,6,1000011,direct_no_fiedler,osm,11
1.0,0.0420151799917221,0.0412684330823391,6,1000011,direct_no_fiedler,osm,11
1.0,1.0,0.0009832347579222,3,1000011,direct_no_fiedler,osm,11
1.0,1.0,0.0065188381501107,8,1000011,direct_no_fiedler,osm,11
0.0163840434727078,0.0253702253103256,0.0062768394851435,3,1000011,direct_no_fiedler,osm,11
0.1936481438308729,0.0496738478541374,0.0079692345063625,7,1000011,direct_no_fiedler,osm,11
1.0,1.0,0.0342685439712804,6,1000011,direct_no_fiedler,osm,11
0.0083665350455579,0.0253702253103256,0.0035093597021648,3,1000011,direct_no_fiedler,osm,11
1.0,1.0,0.0001129822325856,2,1000011,direct_no_fiedler,osm,11
0.0018947371805908,0.027824206277728,0.0009094800680235,4,1000011,direct_no_fiedler,osm,11
1.0,1.0,0.0349366666338192,8,1000011,direct_no_fiedler,osm,11
1.0,1.0,0.0044283300756825,6,1000011,direct_no_fiedler,osm,11
0.0026118397641741,0.0175002496689558,0.0014033489397983,1,1000011,direct_no_fiedler,osm,11
1.0,0.0358193479478359,0.1619001300230896,5,1000011,direct_no_fiedler,osm,11
1.0,0.0629751682281494,0.088695622393557,8,1000011,direct_no_fiedler,osm,11
0.0061565611172054,0.0201221071183681,0.0016291443177851,2,1000011,direct_no_fiedler,osm,11
1.0,1.0,0.0080731707670871,4,1000011,direct_no_fiedler,osm,11
1.0,1.0,7.805157443687005e-05,2,1000011,direct_no_fiedler,osm,11
1.0,1.0,5.786182216464412e-07,1,1000011,direct_no_fiedler,osm,11
1.0,1.0,0.0015649563031735,4,1000011,direct_no_fiedler,osm,11
1.0,0.0835141241550445,0.0074855561218337,8,1000011,direct_no_fiedler,osm,11
0.0947215620456282,0.0420151799917221,0.018269584132812,6,1000011,direct_no_fiedler,osm,11
1.0,1.0,0.0035032922898202,5,1000011,direct_no_fiedler,osm,11
1.0,1.0,0.0015861057162847,7,1000011,direct_no_fiedler,osm,11
0.0134243533829011,0.021573694422841,0.005703433630772,2,1000011,direct_no_fiedler,osm,11
1.0,1.0,0.0162201438731437,6,1000011,direct_no_fiedler,osm,11
0.0146481806451822,0.0175002496689558,0.0034716708889515,1,1000011,direct_no_fiedler,osm,11
1.0,1.0,0.0035029883880679,5,1000011,direct_no_fiedler,osm,11
1.0,1.0,0.0371455866918952,8,1000011,direct_no_fiedler,osm,11
1.0,1.0,0.0003101514752811,5,1000011,direct_no_fiedler,osm,11
0.0068132780356006,0.0242235828191041,0.0007304032095411,3,1000011,direct_no_fiedler,osm,11
1.0,1.0,0.005788922696527,7,1000011,direct_no_fiedler,osm,11
1.0,1.0,0.0054425929705992,5,1000011,direct_no_fiedler,osm,11
0.1148294664022268,0.0253702253103256,0.0057497829320688,3,1000011,direct_no_fiedler,osm,11
1.0,1.0,0.0632042478746756,5,1000011,direct_no_fiedler,osm,11
0.1193048545732065,0.0526664108037948,0.0098888870433177,7,1000011,direct_no_fiedler,osm,11
0.0238202697489281,0.0340266339480876,0.0180070966416578,5,12,residual_full,synthetic,11
0.0033829070607879,0.111460842192173,0.002032691899479,7,12,residual_full,synthetic,11
0.0610363703000365,0.1115456819534301,0.0408066634531852,7,12,residual_full,synthetic,11
0.0269845509290753,0.2559466361999511,0.0118640178565434,7,12,residual_full,synthetic,11
0.0039189455328986,0.0316000953316688,0.0027922630996486,6,12,residual_full,synthetic,11
0.1352109240341633,0.1014869213104248,0.0917618974831014,3,12,residual_full,synthetic,11
0.0011367940466351,0.0,0.000984277338324,1,12,residual_full,synthetic,11
0.0444002886894429,0.3679125308990478,0.0242651964750651,7,12,residual_full,synthetic,11
0.0175608067044688,0.1312377303838729,0.009306571429577,3,12,residual_full,synthetic,11
0.0012312440669116,0.0,0.0009603055255578,2,12,residual_full,synthetic,11
0.0077701637227685,0.0,0.0064512178225199,1,12,residual_full,synthetic,11
0.0372242703302128,0.0208873841911554,0.0197425718839495,2,12,residual_full,synthetic,11
0.0011986995267468,0.0,0.0009312401239831,1,12,residual_full,synthetic,11
0.1548099776956499,0.1969349980354309,0.1021400788960385,4,12,residual_full,synthetic,11
0.0008763903863726,0.001557130832225,0.0007046057448646,3,12,residual_full,synthetic,11
0.0023165787781023,0.0157680045813322,0.0018235675742749,4,12,residual_full,synthetic,11
0.0365829960318702,0.0477980896830558,0.0260780414977149,5,12,residual_full,synthetic,11
0.0240515470714783,0.0254910886287689,0.0143300397825573,3,12,residual_full,synthetic,11
0.0291782532901234,0.0399893820285797,0.0185811614217653,5,12,residual_full,synthetic,11
0.0115067700701927,0.0353335365653038,0.0057857606479118,5,12,residual_full,synthetic,11
0.0034322816767539,0.0,0.0022597338932902,1,23,residual_full,synthetic,11
0.0178933452185207,0.0342695266008377,0.0128444443685885,4,23,residual_full,synthetic,11
0.0413382046215291,0.0573309361934661,0.0246707101689125,6,23,residual_full,synthetic,11
1.0,1.0,0.0304661693227205,8,23,residual_full,synthetic,11
0.0708603324011728,0.1743125319480896,0.0425326785772605,8,23,residual_full,synthetic,11
0.1611125745296255,0.1211677640676498,0.118583967064942,2,23,residual_full,synthetic,11
0.0097147970875515,0.0064134607091546,0.0064097205896061,2,23,residual_full,synthetic,11
0.0875543407473146,0.0943686068058013,0.0571590550950164,4,23,residual_full,synthetic,11
0.0108549103161026,0.0217203237116336,0.0049730606646513,3,23,residual_full,synthetic,11
0.038768306069605,0.0267129112035036,0.0274680128440484,2,23,residual_full,synthetic,11
0.0202719889183137,0.0075475559569895,0.0138674120855915,2,23,residual_full,synthetic,11
0.0611251289930466,0.1155577003955841,0.0445661529593464,8,23,residual_full,synthetic,11
0.0477301742649864,0.061355534940958,0.0289985246400287,6,23,residual_full,synthetic,11
0.0619434736359847,0.0802076607942581,0.0430769304481541,4,23,residual_full,synthetic,11
0.0569972770970675,0.1158799305558204,0.0327106422735209,5,23,residual_full,synthetic,11
0.0067038205998386,0.0090928096324205,0.0051051756560208,3,23,residual_full,synthetic,11
0.0173130990261451,0.0342576541006565,0.0100010585318236,5,23,residual_full,synthetic,11
0.0372987615099845,0.0187773294746875,0.0201015515162379,2,23,residual_full,synthetic,11
0.0558541765994289,0.0290901884436607,0.0389510536325429,1,23,residual_full,synthetic,11
0.1652087377239792,0.1016220226883888,0.0738771118072706,5,23,residual_full,synthetic,11
0.0040763158687969,0.0,0.0027606789351577,2,24,residual_full,synthetic,11
0.0214113664277433,0.0690883845090866,0.0147994664508081,7,24,residual_full,synthetic,11
1.5251858200615588e-05,0.0,1.063216933853505e-05,1,24,residual_full,synthetic,11
0.0444760659494278,0.0388035587966442,0.0279254689244606,4,24,residual_full,synthetic,11
0.0626778966466732,0.0524775385856628,0.0477845840981661,4,24,residual_full,synthetic,11
0.0361621140087795,0.0821131765842437,0.0210592107841746,7,24,residual_full,synthetic,11
0.044889631135045,0.0475884675979614,0.0336073971895539,5,24,residual_full,synthetic,11
0.018794748701998,0.0042594447731971,0.0068007354583393,2,24,residual_full,synthetic,11
0.0021068974920923,0.0316866301000118,0.0015008865207847,5,24,residual_full,synthetic,11
1.0,1.0,0.0889442478988927,5,24,residual_full,synthetic,11
0.0337050069852358,0.0820745229721069,0.0258137747045482,8,24,residual_full,synthetic,11
0.0301011850708524,0.0533237345516681,0.0243034475564409,5,24,residual_full,synthetic,11
0.029298114759323,0.0751281231641769,0.0153730065194832,8,24,residual_full,synthetic,11
0.0150586381352009,0.016868557780981,0.0066645959566227,3,24,residual_full,synthetic,11
0.0521167387445282,0.0889038071036338,0.0400394855264361,8,24,residual_full,synthetic,11
0.033348886124684,0.0862750485539436,0.0203188150241985,8,24,residual_full,synthetic,11
0.0305770968489347,0.0476447641849517,0.0218539305568798,7,24,residual_full,synthetic,11
0.2504309164006346,0.1562307178974151,0.1275846792581402,7,24,residual_full,synthetic,11
0.0222317044878472,0.0318818390369415,0.0164028617422459,4,24,residual_full,synthetic,11
0.0508766218281264,0.1129311546683311,0.0305243032602195,8,24,residual_full,synthetic,11
0.0223493659722867,0.0786276832222938,0.0153437317380576,5,57,residual_full,synthetic,11
0.0229264629535799,0.027286659926176,0.0156590470160671,3,57,residual_full,synthetic,11
0.0531725407307783,0.1213418468832969,0.0320376299265446,6,57,residual_full,synthetic,11
0.0327759697700154,0.2185882478952407,0.0229392263443815,8,57,residual_full,synthetic,11
0.0189194367622738,0.0116909556090831,0.0090701003078527,2,57,residual_full,synthetic,11
0.0108363736824571,0.0274877566844224,0.0074374298558633,3,57,residual_full,synthetic,11
1.0,1.0,0.0753062559686344,7,57,residual_full,synthetic,11
0.0891002669292725,0.0986354351043701,0.0370571209862282,6,57,residual_full,synthetic,11
0.0510170956527338,0.0656599253416061,0.0359095832953077,5,57,residual_full,synthetic,11
0.1469186579735769,0.1389283537864685,0.0812500138322375,6,57,residual_full,synthetic,11
0.0788286129127882,0.0729812234640121,0.0472267009780668,4,57,residual_full,synthetic,11
0.0187064229794091,0.0118791982531547,0.0122089907870545,2,57,residual_full,synthetic,11
0.0553227694918784,0.0367397740483284,0.023171259838177,3,57,residual_full,synthetic,11
0.0358236416581698,0.1576262563467025,0.022680777190629,7,57,residual_full,synthetic,11
0.0020585063395222,0.0028126668184995,0.0012788913887265,2,57,residual_full,synthetic,11
0.0330806036264397,0.0338720418512821,0.0232537547722842,3,57,residual_full,synthetic,11
0.0043267293019444,0.0,0.0032386195112289,1,57,residual_full,synthetic,11
0.0017910409538084,0.010612703859806,0.0003826083290899,1,57,residual_full,synthetic,11
0.0469143451885257,0.0662793293595314,0.0304788884962624,5,57,residual_full,synthetic,11
0.0057538983627736,0.0,0.0039270120865495,1,57,residual_full,synthetic,11
0.003038636532797,0.0025053408462554,0.0017705348771902,3,59,residual_full,synthetic,11
0.0032055898019682,0.0109294718131423,0.0025135688490328,5,59,residual_full,synthetic,11
0.1941512504334928,0.1674976646900177,0.1489384551289343,6,59,residual_full,synthetic,11
0.0016800527050453,0.0086611518636345,0.00142200373495,4,59,residual_full,synthetic,11
0.007590444764944,0.0126718943938612,0.0054775296355173,4,59,residual_full,synthetic,11
0.0052414403114251,0.0390803441405296,0.0037394408828756,7,59,residual_full,synthetic,11
0.0013695348921319,0.0036739613860845,0.0010430482429721,3,59,residual_full,synthetic,11
0.0216517295877836,0.0270565897226333,0.0165714286286524,5,59,residual_full,synthetic,11
8.774565748359553e-05,0.0,6.770870180217793e-05,1,59,residual_full,synthetic,11
0.0023622286257865,0.0185257792472839,0.0016824888995377,6,59,residual_full,synthetic,11
9.047884205748424e-05,0.0,6.682517946269159e-05,2,59,residual_full,synthetic,11
0.0245318021324807,0.0527207106351852,0.0166230333121981,8,59,residual_full,synthetic,11
0.0030729443020597,0.0,0.0020380729788622,3,59,residual_full,synthetic,11
0.0247722452587871,0.0322252586483955,0.0181614941669947,5,59,residual_full,synthetic,11
0.003130123821847,0.0126065239310264,0.00247545952347,6,59,residual_full,synthetic,11
0.0022627208532064,0.0022537482436746,0.0016823260978728,4,59,residual_full,synthetic,11
0.0034866107979528,0.0,0.0021362523546521,2,59,residual_full,synthetic,11
0.0302785314624007,0.0161782577633857,0.0212172361544254,3,59,residual_full,synthetic,11
0.0055377217845322,0.0383784957230091,0.002810076678066,6,59,residual_full,synthetic,11
0.0443250442746953,0.0739587321877479,0.0331887612239682,8,59,residual_full,synthetic,11
0.0040847745318089,0.0214427318423986,0.0024444864534153,7,60,residual_full,synthetic,11
0.0035852441094964,0.0013236313825473,0.0023078453480331,3,60,residual_full,synthetic,11
0.000979859075451,0.0,0.0007548288827016,2,60,residual_full,synthetic,11
0.1303413583057479,0.2504213750362396,0.0395904332815874,8,60,residual_full,synthetic,11
0.0051902132480848,0.0076456661336123,0.003334339735061,4,60,residual_full,synthetic,11
0.005261970314082,0.0198028609156608,0.0040122890829043,6,60,residual_full,synthetic,11
0.0142915813517593,0.0349793583154678,0.0115176982055769,8,60,residual_full,synthetic,11
0.0356137416067636,0.0490984395146369,0.0277488727394838,7,60,residual_full,synthetic,11
0.0103571122663199,0.0,0.0065989386336397,2,60,residual_full,synthetic,11
0.0257524856822739,0.0429326817393302,0.0173190899967035,8,60,residual_full,synthetic,11
0.0142552412768668,0.0307022184133529,0.011096517449817,7,60,residual_full,synthetic,11
0.2210249397436162,0.0814557820558548,0.0790882681813612,1,60,residual_full,synthetic,11
0.0353978221356626,0.0333440527319908,0.0273274226074399,5,60,residual_full,synthetic,11
0.0025304382511696,0.0,0.0020040706611598,1,60,residual_full,synthetic,11
0.2218883438447622,0.0940049663186073,0.081092338842521,2,60,residual_full,synthetic,11
0.020975572871265,0.0313684530556201,0.0158731864624151,6,60,residual_full,synthetic,11
0.0470051269483845,0.0295104850083589,0.0257261601511498,4,60,residual_full,synthetic,11
0.0071188504713832,0.0153519809246063,0.0056466382499942,5,60,residual_full,synthetic,11
0.0001175139970399,0.0,8.989087444273551e-05,1,60,residual_full,synthetic,11
0.0046557945878196,0.0,0.0030264816912578,2,60,residual_full,synthetic,11
0.2731672678282401,0.1270272880792617,0.0903753005894098,5,65,residual_full,synthetic,11
0.0165211039492482,0.0017469236627221,0.0113801671734999,1,65,residual_full,synthetic,11
0.0669067174770772,0.0691806375980377,0.0288520607124241,5,65,residual_full,synthetic,11
0.0128738205625965,0.0,0.0095958037716109,1,65,residual_full,synthetic,11
0.1450233797242469,0.2623727321624756,0.0552288206794016,8,65,residual_full,synthetic,11
1.0,1.0,0.0308798997361562,7,65,residual_full,synthetic,11
0.0675215285396997,0.0784179121255874,0.0445069783633145,5,65,residual_full,synthetic,11
0.2406593062150122,0.4193787276744842,0.0655647135877004,8,65,residual_full,synthetic,11
0.1163695645685405,0.3117235898971557,0.0562988492884007,8,65,residual_full,synthetic,11
0.0166466313327292,0.0200366526842117,0.0122296458290013,3,65,residual_full,synthetic,11
1.0,0.0076663540676236,0.0041972584353275,2,65,residual_full,synthetic,11
0.0626437093933622,0.0510896742343902,0.0304483908008633,3,65,residual_full,synthetic,11
0.0378707639739336,0.0616928413510322,0.023728797473888,6,65,residual_full,synthetic,11
0.0027920074137958,0.0,0.0024450634292644,2,65,residual_full,synthetic,11
0.144335475429405,0.1314692199230194,0.0640199093416181,5,65,residual_full,synthetic,11
0.0711684832426404,0.0722533166408538,0.0380358333283472,4,65,residual_full,synthetic,11
0.0608372311005758,0.2780586779117584,0.0242903068700053,5,65,residual_full,synthetic,11
0.2546776365649054,0.3466579616069793,0.115881867589429,7,65,residual_full,synthetic,11
0.1252075740191843,0.1295720636844635,0.0862188477956981,6,65,residual_full,synthetic,11
0.1289810712672127,0.3349464833736419,0.0731100676073669,5,65,residual_full,synthetic,11
0.0002762178443261,0.0069288732483983,0.0001914597954027,3,71,residual_full,synthetic,11
0.0903613193159436,0.0717349350452423,0.0611737399163464,5,71,residual_full,synthetic,11
0.2219212726977727,0.1112018674612045,0.0576767754450457,4,71,residual_full,synthetic,11
0.0041857789055651,0.0089507056400179,0.0031338051973598,4,71,residual_full,synthetic,11
0.01615230381379,0.0508490353822708,0.0122767336389935,7,71,residual_full,synthetic,11
0.0214659855064558,0.0430577583611011,0.0144700861902059,7,71,residual_full,synthetic,11
0.0313829254580219,0.0374786220490932,0.0232962741290464,6,71,residual_full,synthetic,11
0.0214419832354237,0.0094785476103425,0.0110244076603243,3,71,residual_full,synthetic,11
0.0252526519535588,0.0255680307745933,0.0157656011582674,4,71,residual_full,synthetic,11
0.0084774719874474,0.0077431793324649,0.0060231253640547,4,71,residual_full,synthetic,11
0.0633201057908953,0.0110173653811216,0.0266929750948518,1,71,residual_full,synthetic,11
0.1388930688147978,0.177003264427185,0.0229804787877313,5,71,residual_full,synthetic,11
0.0084596227001044,0.0559055544435977,0.005965413781752,6,71,residual_full,synthetic,11
0.0028991329687334,0.0,0.0020889978598049,1,71,residual_full,synthetic,11
0.4198429052685736,0.2944247722625732,0.2941718042592222,4,71,residual_full,synthetic,11
0.0049236798262031,0.0,0.003019838094737,2,71,residual_full,synthetic,11
5.76071541065204e-05,0.0,4.829789423946932e-05,1,71,residual_full,synthetic,11
0.0227513735937617,0.042805977165699,0.0155657524237277,8,71,residual_full,synthetic,11
0.0203812685047862,0.0323174931108951,0.0137657384186534,6,71,residual_full,synthetic,11
0.0464139786685038,0.071087822318077,0.0333284946784158,8,71,residual_full,synthetic,11
0.0235380108482324,0.0210812799632549,0.0109308244189316,4,75,residual_full,synthetic,11
0.035723388219394,0.0511675328016281,0.0271932983251424,8,75,residual_full,synthetic,11
0.0186257490616323,0.0301096476614475,0.0135907461174961,7,75,residual_full,synthetic,11
0.0013390503930422,0.0,0.0007080167302114,1,75,residual_full,synthetic,11
0.0335161138573961,0.0494774505496025,0.0261348345261276,8,75,residual_full,synthetic,11
0.0102739214189677,0.0032891631126403,0.0081369045880941,3,75,residual_full,synthetic,11
0.0111270822496684,0.0060106478631496,0.0042156485493141,3,75,residual_full,synthetic,11
0.1266045739826899,0.0638205558061599,0.079523529138032,1,75,residual_full,synthetic,11
0.0424634737546539,0.1142694801092147,0.0316298330455993,7,75,residual_full,synthetic,11
0.2135648690023336,0.1407350301742553,0.1329465190515956,5,75,residual_full,synthetic,11
0.0041563240676978,0.0057273218408226,0.0027757830476608,3,75,residual_full,synthetic,11
0.0221449901661394,0.0054557481780648,0.0153722649880451,2,75,residual_full,synthetic,11
0.0331780849379237,0.0192631408572196,0.0236571379445757,3,75,residual_full,synthetic,11
0.229579975594541,0.1448074430227279,0.1374391717074854,4,75,residual_full,synthetic,11
0.0291798969540062,0.0035228244960308,0.0169147405817543,1,75,residual_full,synthetic,11
0.0032857727573255,0.0,0.0028345605608479,1,75,residual_full,synthetic,11
0.002807196849796,0.0,0.0020239361666624,2,75,residual_full,synthetic,11
0.1314937850007363,0.1027755215764045,0.0836532668648484,6,75,residual_full,synthetic,11
0.0050871794185299,0.0089763458818197,0.0039607907377815,5,75,residual_full,synthetic,11
0.0062164678934636,0.0411083959043026,0.0039047359750822,8,75,residual_full,synthetic,11
0.0020944170641962,0.0,0.001766710469126,4,78,residual_full,synthetic,11
0.0049108673076407,0.0168377999216318,0.0038149815914,6,78,residual_full,synthetic,11
0.0033619006264355,0.0041684918105602,0.0029464926776114,5,78,residual_full,synthetic,11
0.0004371387630234,0.0,0.0003240961739293,1,78,residual_full,synthetic,11
0.001713942774967,0.0,0.0015561210111313,2,78,residual_full,synthetic,11
0.0019085409992131,0.0016152597963809,0.0015862770030886,5,78,residual_full,synthetic,11
0.0230786554800197,0.0318328775465488,0.0191133523719994,6,78,residual_full,synthetic,11
0.0005881332648937,0.0,0.0004786101291426,2,78,residual_full,synthetic,11
0.0475312859228849,0.0558274015784263,0.0384496215805062,8,78,residual_full,synthetic,11
0.0015688171633863,0.0,0.0011750633140572,3,78,residual_full,synthetic,11
0.0201501504004432,0.0350866839289665,0.0165025773344285,7,78,residual_full,synthetic,11
0.0324975085394564,0.0510643348097801,0.023777620115427,8,78,residual_full,synthetic,11
3.793705721233387e-05,0.0,3.2637147634398467e-05,1,78,residual_full,synthetic,11
0.0190982315444905,0.0363234430551528,0.0141601665348173,8,78,residual_full,synthetic,11
0.0191583312220537,0.0113371666520833,0.0158069491929145,4,78,residual_full,synthetic,11
0.0075483857483804,0.0113415345549583,0.0052779540512449,4,78,residual_full,synthetic,11
0.010732266188566,0.0008546654134988,0.0086601375221715,3,78,residual_full,synthetic,11
0.0061917857477653,0.0235401075333356,0.0050629820907038,8,78,residual_full,synthetic,11
0.0410313599102649,0.0328130163252353,0.0292799369430286,5,78,residual_full,synthetic,11
0.0030711263396424,0.0004155910573899,0.0026935277180384,4,78,residual_full,synthetic,11
0.0115756443444025,0.0923786386847496,0.0076060301197961,7,80,residual_full,synthetic,11
0.0067699704013232,0.0265084542334079,0.0045953646270303,4,80,residual_full,synthetic,11
0.0725120370843129,0.0650053769350051,0.0487197613771103,3,80,residual_full,synthetic,11
0.0682751710656787,0.1130570173263549,0.0488527092106283,7,80,residual_full,synthetic,11
0.010539645244722,0.0372710153460502,0.0065509422793097,5,80,residual_full,synthetic,11
1.0,0.1708361208438873,0.1170594960379724,6,80,residual_full,synthetic,11
1.0,0.6499038338661194,0.5201003369369378,8,80,residual_full,synthetic,11
0.0167776029698532,0.1537820994853973,0.0095506855645564,8,80,residual_full,synthetic,11
1.0,0.0929704830050468,0.0933002768059452,2,80,residual_full,synthetic,11
0.0178683109978752,0.0631535574793815,0.0136056642191592,5,80,residual_full,synthetic,11
0.0421140300956074,0.1294715702533722,0.0328329564145642,8,80,residual_full,synthetic,11
0.0003586438534857,0.002241835463792,0.0001645122819592,1,80,residual_full,synthetic,11
0.0244571680544705,0.1463121920824051,0.0166312267900523,8,80,residual_full,synthetic,11
0.020836716195754,0.0144689306616783,0.0095445233625724,3,80,residual_full,synthetic,11
0.0148551092469284,0.0424405038356781,0.0089538156576124,6,80,residual_full,synthetic,11
0.0203896361230522,0.012680010870099,0.0143686528547721,2,80,residual_full,synthetic,11
0.0189669106939258,0.0556695237755775,0.0150249161636479,6,80,residual_full,synthetic,11
0.0955788056369882,0.1249290853738784,0.0537716077122751,6,80,residual_full,synthetic,11
0.0463464322017102,0.0745747089385986,0.0347019813991898,6,80,residual_full,synthetic,11
0.0021642826325036,0.0,0.0018008243328214,1,80,residual_full,synthetic,11
0.0025149558818153,0.0,0.0017524498806654,2,92,residual_full,synthetic,11
0.2370616048199301,0.1091801673173904,0.1198756678896744,1,92,residual_full,synthetic,11
0.0143891683011833,0.0091833267360925,0.0075657773294687,4,92,residual_full,synthetic,11
0.0461066178432607,0.0470158867537975,0.0313676837542422,6,92,residual_full,synthetic,11
0.0003984315215462,0.0,0.0003329987341016,2,92,residual_full,synthetic,11
0.0292468451737963,0.0555607452988624,0.0216498125718701,8,92,residual_full,synthetic,11
0.0116654351979951,0.0342814810574054,0.0090876005967494,7,92,residual_full,synthetic,11
0.0181341916161797,0.030118104070425,0.0146292721498236,6,92,residual_full,synthetic,11
0.0047894733759376,5.187466740608215e-06,0.0031632693958415,3,92,residual_full,synthetic,11
0.0298688549601957,0.045325081795454,0.0189046562048388,7,92,residual_full,synthetic,11
0.0001678377652405,0.0,0.0001190270728585,2,92,residual_full,synthetic,11
0.0086590785472668,0.0042841825634241,0.0028579636843508,2,92,residual_full,synthetic,11
0.1231159424021461,0.0971678048372268,0.0691934809563056,7,92,residual_full,synthetic,11
0.0098722725588811,0.0277675632387399,0.0076376513752989,6,92,residual_full,synthetic,11
0.4845419216988486,0.2382992208003997,0.1827713586810694,7,92,residual_full,synthetic,11
0.0296390931645348,0.0264649614691734,0.0193535246487918,4,92,residual_full,synthetic,11
1.0,1.0,0.0142385061621503,7,92,residual_full,synthetic,11
0.0049083716360391,0.0,0.0037758651111629,3,92,residual_full,synthetic,11
0.0276738959654034,0.0403684750199317,0.019206343525022,6,92,residual_full,synthetic,11
0.0011461338735728,0.0090047540143132,0.0005072589153767,4,92,residual_full,synthetic,11
0.0038195935490467,0.0,0.0032124250127803,3,95,residual_full,synthetic,11
0.0135199806195555,0.0419249422848224,0.0094820784218076,6,95,residual_full,synthetic,11
8.743371076691542e-05,0.0002759761118795,6.872331386785228e-05,3,95,residual_full,synthetic,11
0.0832822434550464,0.0905925035476684,0.0464798831875542,7,95,residual_full,synthetic,11
0.0055824807713302,0.001431128475815,0.0035900800435732,2,95,residual_full,synthetic,11
0.0003874286620597,0.0079358033835887,0.0002920591276209,4,95,residual_full,synthetic,11
0.0002427567056818,0.0006757567171007,0.0001891146348869,3,95,residual_full,synthetic,11
0.1113762666594496,0.3166357278823852,0.042127498904639,6,95,residual_full,synthetic,11
0.0035523652954861,0.0587942264974117,0.002377969747691,8,95,residual_full,synthetic,11
0.1110199757779225,0.1767447292804718,0.0631878395777478,8,95,residual_full,synthetic,11
0.0123562796437176,0.0564969182014465,0.0075703358236411,7,95,residual_full,synthetic,11
0.0060477015672084,0.0360181853175163,0.0043557156576512,8,95,residual_full,synthetic,11
0.0031982601627884,0.0292425528168678,0.0020904763333561,5,95,residual_full,synthetic,11
0.0026934556049703,0.0,0.001198695823751,1,95,residual_full,synthetic,11
0.0053075556549686,0.1174955144524574,0.0035108143790347,6,95,residual_full,synthetic,11
0.0058480172345536,0.0567983463406562,0.0024988615933875,6,95,residual_full,synthetic,11
0.0035600457315032,0.0178944803774356,0.0016748127986249,5,95,residual_full,synthetic,11
0.0014872918085,0.0699146389961242,0.0007997382785429,7,95,residual_full,synthetic,11
0.0039675309184664,0.0191132668405771,0.0014996725768963,4,95,residual_full,synthetic,11
0.0076782720806917,0.061680119484663,0.004837818271163,8,95,residual_full,synthetic,11
0.0005682920654265,0.0,0.0004228300637857,2,96,residual_full,synthetic,11
0.0313565041886791,0.0218596849590539,0.0186214511401197,5,96,residual_full,synthetic,11
0.0231103758498397,0.028925035148859,0.0190653672167754,4,96,residual_full,synthetic,11
0.0037867672126337,0.0050681075081229,0.0032597419977846,6,96,residual_full,synthetic,11
5.703346885244098e-05,0.0,4.9484450201878655e-05,3,96,residual_full,synthetic,11
3.651899752998844e-05,0.0,2.7018383499316844e-05,1,96,residual_full,synthetic,11
0.012618434699294,0.0025836788117885,0.010410606794368,4,96,residual_full,synthetic,11
0.0141511003377579,0.0272688474506139,0.0119740732981179,7,96,residual_full,synthetic,11
0.0583429699524232,0.0461747236549854,0.0299809323594736,7,96,residual_full,synthetic,11
0.0255055633475077,0.0313291624188423,0.0187762629205993,7,96,residual_full,synthetic,11
0.0008235163350692,0.0099539961665868,0.0006708244366904,6,96,residual_full,synthetic,11
0.0452045960186439,0.0286155492067337,0.0256515396226258,4,96,residual_full,synthetic,11
0.3898869236075372,0.0274469666182994,0.0175051649188168,6,96,residual_full,synthetic,11
0.4490717025688046,0.0533168874680995,0.017170913901144,7,96,residual_full,synthetic,11
0.0014903209008416,0.0101065719500184,0.001171179488212,6,96,residual_full,synthetic,11
6.895739628198783e-07,0.0,5.03510595140186e-07,1,96,residual_full,synthetic,11
0.0055221770024722,0.0,0.0046209993058659,2,96,residual_full,synthetic,11
0.0204813404122229,0.01793641038239,0.0126334721486699,4,96,residual_full,synthetic,11
0.0002722146073872,0.0,0.0001900730221228,1,96,residual_full,synthetic,11
0.0178752261196951,0.007230803836137,0.0132587420743447,3,96,residual_full,synthetic,11
0.0743019482699874,0.0822095721960067,0.0601849348152114,7,99,residual_full,synthetic,11
0.0273613406338015,0.0999517440795898,0.0211820646993972,5,99,residual_full,synthetic,11
0.0651346499796949,0.0752838104963302,0.0386056614195323,8,99,residual_full,synthetic,11
0.050178207734105,0.0604815334081649,0.0377516995734555,7,99,residual_full,synthetic,11
0.0279728010763111,0.0264086723327636,0.0183613930573903,4,99,residual_full,synthetic,11
0.0477364842953891,0.124334692955017,0.0321133508735158,6,99,residual_full,synthetic,11
1.0,0.9647073149681092,0.0971165144955387,8,99,residual_full,synthetic,11
0.0340248573464455,0.0301112812012434,0.0239040889102538,3,99,residual_full,synthetic,11
0.0296135488623361,0.0552606806159019,0.0196336028046695,8,99,residual_full,synthetic,11
0.0005255899401072,0.0,0.0003830563999448,1,99,residual_full,synthetic,11
1.0,1.0,0.0012512825244688,4,99,residual_full,synthetic,11
0.11860254247818,0.1209182292222976,0.0824844505887958,8,99,residual_full,synthetic,11
1.0,0.8718552589416504,0.0315517754770534,5,99,residual_full,synthetic,11
0.0430377681571102,0.0500829964876174,0.0336319622086386,5,99,residual_full,synthetic,11
0.0732603660812091,0.0471019446849823,0.0273031753453694,5,99,residual_full,synthetic,11
0.028629550691284,0.0051913037896156,0.0211218747477096,1,99,residual_full,synthetic,11
0.008009922383272,0.0,0.0057574220221284,2,99,residual_full,synthetic,11
0.0200673063661834,0.0256006270647048,0.0157864716608781,5,99,residual_full,synthetic,11
0.0136174624866247,0.0194535739719867,0.0104442485461369,4,99,residual_full,synthetic,11
0.0174993101615171,0.0299881249666214,0.0140564216608414,5,99,residual_full,synthetic,11
0.0570564312034025,0.0,0.0017351514622185,3,1000011,residual_full,osm,11
0.0206368056657026,0.0,0.0050892497307107,3,1000011,residual_full,osm,11
0.0018688786480764,0.0,0.000860313600337,1,1000011,residual_full,osm,11
0.0049850455284438,0.0069279037415981,0.0020662145968727,5,1000011,residual_full,osm,11
1.0,1.0,0.0393323987211856,4,1000011,residual_full,osm,11
0.0019766923945672,0.0,0.0005771298847871,2,1000011,residual_full,osm,11
0.0912406868575181,0.038407988846302,0.0270942710620339,6,1000011,residual_full,osm,11
0.0047160713354642,0.0,0.0014272121343773,1,1000011,residual_full,osm,11
0.0013725282745199,0.0,0.000137304753114,3,1000011,residual_full,osm,11
0.0004202653952853,0.0,0.0001426537759806,1,1000011,residual_full,osm,11
1.0,0.0073423846624791,0.0089331417358639,4,1000011,residual_full,osm,11
1.0,1.0,0.0010569378432478,4,1000011,residual_full,osm,11
1.0,1.0,0.0381824949144896,5,1000011,residual_full,osm,11
1.0,1.0,0.0559123297361752,4,1000011,residual_full,osm,11
0.0560630402293118,0.017283720895648,0.0210252808646353,3,1000011,residual_full,osm,11
1.0,1.0,0.0066016989099449,8,1000011,residual_full,osm,11
0.3762314890916151,0.0085024200379848,0.0100931764468028,4,1000011,residual_full,osm,11
1.0,1.0,0.0163203927226021,8,1000011,residual_full,osm,11
5.138261347836792e-05,0.0,2.1597773760314983e-05,1,1000011,residual_full,osm,11
0.6021572941222063,0.0571091957390308,0.0512438233236807,5,1000011,residual_full,osm,11
0.0027963252653343,0.0,0.0011044025539728,3,1000011,residual_full,osm,11
1.0,1.0,7.467837207358011e-05,1,1000011,residual_full,osm,11
1.0,1.0,0.02368468118595,6,1000011,residual_full,osm,11
1.0,0.0150121077895164,0.0194705951315272,3,1000011,residual_full,osm,11
1.0,0.0916967391967773,0.0667658116102856,8,1000011,residual_full,osm,11
0.5596763352949479,0.1259512901306152,0.124674276273178,4,1000011,residual_full,osm,11
0.0456266356095782,0.0195663683116436,0.008969505242047,6,1000011,residual_full,osm,11
0.0242556831759847,0.0207851454615592,0.0109051485910941,6,1000011,residual_full,osm,11
1.0,1.0,0.0220544546477488,7,1000011,residual_full,osm,11
0.0002117487381215,0.0,1.901825748645591e-05,1,1000011,residual_full,osm,11
1.0,1.0,0.1028647860928668,8,1000011,residual_full,osm,11
1.0,1.0,0.0128180698837398,7,1000011,residual_full,osm,11
0.5547000794861753,0.131223052740097,0.1249275386143708,5,1000011,residual_full,osm,11
0.0056561979323812,0.0,0.0009211520144964,2,1000011,residual_full,osm,11
0.0309415235786844,0.0143214156851172,0.0044414179090626,6,1000011,residual_full,osm,11
0.006340776460753,0.0,0.0027540430795552,2,1000011,residual_full,osm,11
1.0,1.0,0.0003228446770017,3,1000011,residual_full,osm,11
1.0,0.0548756457865238,0.050444113417961,5,1000011,residual_full,osm,11
0.5732047053013878,0.1587014347314834,0.1344870184074849,8,1000011,residual_full,osm,11
1.0,1.0,0.0201371283801707,5,1000011,residual_full,osm,11
1.0,1.0,0.0852585029112151,8,1000011,residual_full,osm,11
0.0017619030098989,0.0,0.0009066869569207,1,1000011,residual_full,osm,11
0.676942349610353,0.0345588140189647,0.0124940676955037,8,1000011,residual_full,osm,11
1.0,1.0,0.0160106424418932,6,1000011,residual_full,osm,11
0.0339462474238574,0.0051791216246783,0.0103545315814039,3,1000011,residual_full,osm,11
0.0631271237066354,0.0,0.0029458992534124,2,1000011,residual_full,osm,11
0.0004136840150587,0.0,0.0001223936329238,1,1000011,residual_full,osm,11
1.0,1.0,0.0633367571681078,5,1000011,residual_full,osm,11
1.0,1.0,0.0066399579849012,6,1000011,residual_full,osm,11
0.0042559763511618,0.0011307478416711,0.0020045591614665,4,1000011,residual_full,osm,11
7.151315215392362e-05,0.0,6.258621382062799e-06,1,1000011,residual_full,osm,11
1.0,1.0,0.0405848086279271,6,1000011,residual_full,osm,11
1.0,1.0,0.0032388056468941,6,1000011,residual_full,osm,11
0.0047705163955436,0.0,0.0006520152957816,1,1000011,residual_full,osm,11
1.0,1.0,0.0006404594858415,3,1000011,residual_full,osm,11
0.1265018875920146,0.0700717791914939,0.0687947667373331,4,1000011,residual_full,osm,11
0.0088223999340112,0.0,0.0052792752832526,1,1000011,residual_full,osm,11
0.5640452314856179,0.0618159845471382,0.0497854281251213,6,1000011,residual_full,osm,11
0.0092871930414384,0.0071315648965537,0.0022698756515339,5,1000011,residual_full,osm,11
1.0,1.0,0.0550515692338808,2,1000011,residual_full,osm,11
0.044079260670317,0.0246417112648487,0.0190631021255684,5,1000011,residual_full,osm,11
0.0409108621821413,0.0,0.0047730982241619,3,1000011,residual_full,osm,11
0.2546599120955756,0.0165632292628288,0.0274737828154502,2,1000011,residual_full,osm,11
0.0119738260792781,0.0,0.0015510211994198,3,1000011,residual_full,osm,11
1.0,1.0,0.000314122164834,4,1000011,residual_full,osm,11
1.0,1.0,0.0043978116158562,4,1000011,residual_full,osm,11
0.4383747296451353,0.0272920317947864,0.0095272300198113,7,1000011,residual_full,osm,11
0.0409255977156008,0.0,0.0018877944222758,1,1000011,residual_full,osm,11
0.0314569786158416,0.0,0.0030323101114491,2,1000011,residual_full,osm,11
0.0437406912472859,0.0092154927551746,0.0172585492616541,3,1000011,residual_full,osm,11
1.0,1.0,0.0062900281472557,7,1000011,residual_full,osm,11
0.0637392947690744,0.0345916971564292,0.0175436213989864,7,1000011,residual_full,osm,11
0.2807592556664393,0.0430508628487587,0.0281530549495258,7,1000011,residual_full,osm,11
1.0,1.0,0.0137323205398703,8,1000011,residual_full,osm,11
1.0,1.0,0.0755908079080324,8,1000011,residual_full,osm,11
0.0816557431587389,0.0623490549623966,0.0417175414765868,8,1000011,residual_full,osm,11
1.0,1.0,0.0072781005124298,7,1000011,residual_full,osm,11
1.0,1.0,0.0126378235294172,4,1000011,residual_full,osm,11
1.0,1.0,0.1018651726283589,8,1000011,residual_full,osm,11
0.1344707393054764,0.0715942978858947,0.0717511589959812,4,1000011,residual_full,osm,11
0.0374448849995078,0.0112635940313339,0.0114204590020403,4,1000011,residual_full,osm,11
0.5713944251228167,0.0950450077652931,0.0837312936352944,6,1000011,residual_full,osm,11
1.0,1.0,0.0011290164950566,2,1000011,residual_full,osm,11
0.1284282511695463,0.0308761429041624,0.028165248320211,5,1000011,residual_full,osm,11
0.083632898048345,0.0044986135326325,0.0089571006542868,3,1000011,residual_full,osm,11
1.0,1.0,0.0065050788983199,5,1000011,residual_full,osm,11
1.0,1.0,0.0069171683390173,7,1000011,residual_full,osm,11
0.0090427170907222,0.0,0.0020577335549508,2,1000011,residual_full,osm,11
0.003798780197831,0.0,0.0007253086621019,2,1000011,residual_full,osm,11
0.0139722714432837,0.0,0.0065352391370546,1,1000011,residual_full,osm,11
1.0,1.0,0.021062715978765,7,1000011,residual_full,osm,11
1.0,1.0,0.0695046551208032,7,1000011,residual_full,osm,11
8.743785258724657e-06,0.0,3.039104324998142e-06,1,1000011,residual_full,osm,11
1.0,1.0,1.8890188354178791e-06,1,1000011,residual_full,osm,11
1.0,1.0,0.0257956652721278,5,1000011,residual_full,osm,11
0.0217287481790804,0.0072098751552402,0.0095175618006587,4,1000011,residual_full,osm,11
0.0028741999268602,0.0,0.0015555042777213,3,1000011,residual_full,osm,11
1.0,1.0,0.0031825552023873,4,1000011,residual_full,osm,11
0.0041330623188171,0.0003401084104552,0.0019308655468155,4,1000011,residual_full,osm,11
1.0,1.0,0.0117269555027083,7,1000011,residual_full,osm,11
1.0,1.0,0.0303267294839159,6,1000011,residual_full,osm,11
1.0,1.0,0.0120268497328166,7,1000011,residual_full,osm,11
0.0191257218934305,0.012813052162528,0.0029330539694591,5,1000011,residual_full,osm,11
0.0054724978669902,0.0,0.0008645858909618,2,1000011,residual_full,osm,11
0.1275678752471104,0.0819634422659874,0.0785356144394645,5,1000011,residual_full,osm,11
0.056475694709269,0.0120682194828987,0.0287132165850055,1,1000011,residual_full,osm,11
0.3926312628252867,0.0459387823939323,0.0296074427907397,7,1000011,residual_full,osm,11
0.1239812259432847,0.0258523654192686,0.0260092291210847,4,1000011,residual_full,osm,11
0.0056568914124606,4.953145980834961e-05,0.0009233427689909,4,1000011,residual_full,osm,11
0.2030799676783132,0.0103013319894671,0.0047227229685991,5,1000011,residual_full,osm,11
0.0122149196511756,0.0,0.005551871298638,1,1000011,residual_full,osm,11
0.0615746283464988,0.0045296945609152,0.0032526805663672,4,1000011,residual_full,osm,11
0.0152747299887503,0.0055541414767503,0.0028432469158656,5,1000011,residual_full,osm,11
1.0,1.0,0.0463996769766091,8,1000011,residual_full,osm,11
0.0014269970293341,0.0,5.0867582242818005e-05,1,1000011,residual_full,osm,11
0.0285375426357532,0.0,0.0058670752691174,2,1000011,residual_full,osm,11
0.0187135081713769,0.0,0.0084728489212144,1,1000011,residual_full,osm,11
0.0361757001213141,0.0065317703410983,0.0188760251067816,2,1000011,residual_full,osm,11
0.0145443737682022,0.0,0.00572621801846,1,1000011,residual_full,osm,11
1.0,1.0,0.013217310611403,6,1000011,residual_full,osm,11
1.0,0.0595518872141838,0.0597087504595604,4,1000011,residual_full,osm,11
0.0709855622546454,0.0327293202280998,0.0128144520674899,8,1000011,residual_full,osm,11
0.0259882399433281,0.0,0.0152901136412818,1,1000011,residual_full,osm,11
0.0115915940754161,0.0064038895070552,0.0058438146445521,4,1000011,residual_full,osm,11
1.0,0.0543537586927413,0.0652643109386085,2,1000011,residual_full,osm,11
0.0372209774901457,0.0178148280829191,0.0043506094025218,6,1000011,residual_full,osm,11
1.0,1.0,0.0051294190921806,7,1000011,residual_full,osm,11
0.1593918908447914,0.0679632946848869,0.0552158940624471,6,1000011,residual_full,osm,11
0.2356143085709878,0.0277482159435749,0.0121336333797641,7,1000011,residual_full,osm,11
0.0007735541234029,0.0,8.61233175311945e-05,2,1000011,residual_full,osm,11
0.066303018200182,0.0324653945863246,0.0101140168180854,8,1000011,residual_full,osm,11
1.0,1.0,0.0176472739795862,4,1000011,residual_full,osm,11
1.0,1.0,0.0024336373942365,8,1000011,residual_full,osm,11
1.0,1.0,0.0754424892784353,8,1000011,residual_full,osm,11
0.0063724567833126,0.0,0.0007691835163394,1,1000011,residual_full,osm,11
1.0,1.0,0.0064702205451214,3,1000011,residual_full,osm,11
1.0590154153611309e-05,0.0,3.0896169034727486e-06,2,1000011,residual_full,osm,11
1.0,1.0,0.0033204913436125,6,1000011,residual_full,osm,11
0.0358868530582934,0.003715842962265,0.0167769219361782,2,1000011,residual_full,osm,11
0.0019659327934301,0.0,0.0008064885563901,1,1000011,residual_full,osm,11
0.3445084578866227,0.0,1.0777584573886566e-05,1,1000011,residual_full,osm,11
0.0565321019341816,0.0059845983050763,0.012593851992946,3,1000011,residual_full,osm,11
0.0209830700354921,0.0,0.003662249971964,3,1000011,residual_full,osm,11
1.0,0.0808899849653244,0.0803299078821504,4,1000011,residual_full,osm,11
1.0,1.0,0.0156586934603041,3,1000011,residual_full,osm,11
1.0,1.0,0.0305494599083323,7,1000011,residual_full,osm,11
0.0745720972946291,0.0017089881002902,0.0190707170727501,1,1000011,residual_full,osm,11
1.0,1.0,0.0004334576327098,1,1000011,residual_full,osm,11
1.0,1.0,3.5655756071055483e-06,2,1000011,residual_full,osm,11
1.0,1.0,0.1189235376860931,7,1000011,residual_full,osm,11
1.0,1.0,0.0326552444353696,6,1000011,residual_full,osm,11
1.0,1.0,0.0566542667839208,6,1000011,residual_full,osm,11
0.0305284039393562,0.0180668216198682,0.0132051320304266,5,1000011,residual_full,osm,11
0.0478715029663179,0.020540302619338,0.023564930547392,4,1000011,residual_full,osm,11
0.0199619221520575,0.0157409273087978,0.0058609282481302,5,1000011,residual_full,osm,11
0.0829652419853118,0.0371695719659328,0.0423449836176689,3,1000011,residual_full,osm,11
1.0,1.0,0.0027686225484223,6,1000011,residual_full,osm,11
0.2648458226270105,0.0247021652758121,0.0363295812765563,2,1000011,residual_full,osm,11
3.330341870055875e-05,0.0,1.2848845498710598e-05,1,1000011,residual_full,osm,11
0.0029682335156522,0.0,0.0014494697617234,1,1000011,residual_full,osm,11
1.0,1.0,0.004014825371091,7,1000011,residual_full,osm,11
1.0,1.0,0.0049134850919995,7,1000011,residual_full,osm,11
1.0,1.0,0.0453523123229368,5,1000011,residual_full,osm,11
1.0,1.0,0.0302814778926964,4,1000011,residual_full,osm,11
1.0,0.0357306227087974,0.0208328142404896,6,1000011,residual_full,osm,11
0.0014793538406324,0.0,0.0008061845796841,1,1000011,residual_full,osm,11
1.0,0.0012716273777186,0.0068771916800305,3,1000011,residual_full,osm,11
0.0316331506630648,0.0200902018696069,0.0180962499751923,4,1000011,residual_full,osm,11
1.0,1.0,0.0051883173459859,8,1000011,residual_full,osm,11
0.0568248814799939,0.0299393981695175,0.0200593994951412,6,1000011,residual_full,osm,11
1.0,1.0,0.0018569804636202,2,1000011,residual_full,osm,11
1.0,1.0,0.0031275339151063,4,1000011,residual_full,osm,11
1.0,1.0,0.0004198077846356,4,1000011,residual_full,osm,11
1.0,1.0,0.0181103103143267,6,1000011,residual_full,osm,11
1.0,0.0236513316631317,0.0238081965100363,4,1000011,residual_full,osm,11
0.005596635410984,0.0,0.0015889211636753,3,1000011,residual_full,osm,11
0.0416516833759691,0.0,0.0037967404538442,2,1000011,residual_full,osm,11
0.0335000216875885,0.0,0.0030024390938287,3,1000011,residual_full,osm,11
1.0,1.0,0.0016155051624917,4,1000011,residual_full,osm,11
0.113887954497035,0.0314128771424293,0.0279850487213473,5,1000011,residual_full,osm,11
1.0,1.0,0.0424226312793584,7,1000011,residual_full,osm,11
1.0,1.0,2.9584240906008803e-08,1,1000011,residual_full,osm,11
0.0107472268296681,0.0159249491989612,0.0046112341566053,6,1000011,residual_full,osm,11
1.0,1.0,0.0001089661368353,3,1000011,residual_full,osm,11
1.0,1.0,0.0181174875199718,4,1000011,residual_full,osm,11
0.0506961813579275,0.0130565501749515,0.0089117933557833,5,1000011,residual_full,osm,11
0.0117510713565369,0.0044726859778165,0.0017617914423515,4,1000011,residual_full,osm,11
1.0,1.0,0.0130721859508512,6,1000011,residual_full,osm,11
1.0,1.0,0.0059191433700057,4,1000011,residual_full,osm,11
0.1267770045844206,0.0188956782221794,0.0082988170306111,6,1000011,residual_full,osm,11
0.5571775615695747,0.0899241939187049,0.0664263195205129,8,1000011,residual_full,osm,11
1.0,1.0,0.0063264087572082,7,1000011,residual_full,osm,11
1.0,1.0,0.0504725176238144,8,1000011,residual_full,osm,11
1.0,1.0,0.0011419440689088,3,1000011,residual_full,osm,11
1.0,1.0,0.0507731573568368,7,1000011,residual_full,osm,11
1.0,1.0,0.0301032918223093,7,1000011,residual_full,osm,11
0.0019659327934301,0.0,0.0008064885563901,1,1000011,residual_full,osm,11
1.0,1.0,0.0006349182687489,3,1000011,residual_full,osm,11
1.0,1.0,0.0010130122715553,3,1000011,residual_full,osm,11
1.0,1.0,0.0017845557822208,4,1000011,residual_full,osm,11
1.0,0.0522237867116928,0.0373259765893852,7,1000011,residual_full,osm,11
1.0,1.0,0.0024257431376953,3,1000011,residual_full,osm,11
0.0057197268200719,0.0,0.0015564187200111,1,1000011,residual_full,osm,11
1.0,1.0,0.0105862012829491,6,1000011,residual_full,osm,11
0.0406931627247278,0.0,0.0027072732137265,2,1000011,residual_full,osm,11
1.0,1.0,0.0423509765295724,5,1000011,residual_full,osm,11
1.0,1.0,0.0311104305445233,8,1000011,residual_full,osm,11
1.0,1.0,0.0851580675556688,8,1000011,residual_full,osm,11
1.0,1.0,0.003876665461988,6,1000011,residual_full,osm,11
0.1109720025986304,0.0385506264865398,0.0222192891812953,7,1000011,residual_full,osm,11
3.3411149291673325e-08,0.0,3.824204764433913e-09,1,1000011,residual_full,osm,11
0.3971164525609506,0.015235373750329,0.0067891503594073,6,1000011,residual_full,osm,11
0.0063724567833126,0.0,0.0007691835163394,1,1000011,residual_full,osm,11
0.3982452546012935,0.0234242100268602,0.0135442122469289,6,1000011,residual_full,osm,11
0.0014024418142727,0.0,0.0006086002675132,1,1000011,residual_full,osm,11
1.0,1.0,0.0752145920493746,8,1000011,residual_full,osm,11
1.0,1.0,0.0116756071244389,8,1000011,residual_full,osm,11
1.0,1.0,0.0015318292923892,3,1000011,residual_full,osm,11
1.0,1.0,0.0001659886684686,2,1000011,residual_full,osm,11
1.0,1.0,0.0026268601272012,2,1000011,residual_full,osm,11
1.0,1.0,0.0021240433686924,6,1000011,residual_full,osm,11
0.1090631720646833,0.0447831936180591,0.0549768962562497,2,1000011,residual_full,osm,11
0.0092264121320276,0.0,0.0048633913564207,2,1000011,residual_full,osm,11
1.0,1.0,0.0025629137288895,4,1000011,residual_full,osm,11
0.5571526264930015,0.0421875305473804,0.040910515465005,4,1000011,residual_full,osm,11
1.0,0.0118311867117881,0.0033849628322729,5,1000011,residual_full,osm,11
1.0,1.0,0.0028167368601693,6,1000011,residual_full,osm,11
1.0,0.0193587411195039,0.0245341500791272,3,1000011,residual_full,osm,11
1.0,1.0,0.0120261499293548,8,1000011,residual_full,osm,11
0.3501257219809606,0.0,0.0013018331960474,1,1000011,residual_full,osm,11
0.6935464542795943,0.1119606867432594,0.1135514444905257,4,1000011,residual_full,osm,11
1.0,0.0507452189922332,0.0434460139100664,6,1000011,residual_full,osm,11
1.0,1.0,0.0048404284866524,4,1000011,residual_full,osm,11
1.0,1.0,0.007145709547828,4,1000011,residual_full,osm,11
1.0,1.0,0.005973639366946,6,1000011,residual_full,osm,11
1.0,1.0,0.0076712393173901,4,1000011,residual_full,osm,11
0.048275581968173,0.0115111544728279,0.0052156318715535,5,1000011,residual_full,osm,11
0.0451562706743011,0.0,0.0011935021888463,2,1000011,residual_full,osm,11
1.0,1.0,0.0054864024049374,5,1000011,residual_full,osm,11
0.1774150496908056,0.0807127282023429,0.0858881422526951,3,1000011,residual_full,osm,11
0.0049261543393637,0.0,0.0022346035071636,3,1000011,residual_full,osm,11
1.0,1.0,0.0082491959992555,8,1000011,residual_full,osm,11
1.0,1.0,0.0038651515477713,3,1000011,residual_full,osm,11
0.0290581072142437,0.0,0.0022151195566974,2,1000011,residual_full,osm,11
0.0083007874767945,0.0,0.0006683548796551,1,1000011,residual_full,osm,11
1.0,0.0940671488642692,0.0927901363979247,4,1000011,residual_full,osm,11
1.0,1.0,0.0730457468521514,8,1000011,residual_full,osm,11
1.0,1.0,0.1298093901903664,7,1000011,residual_full,osm,11
1.0,0.011139309965074,0.0105792346859107,4,1000011,residual_full,osm,11
1.0,1.0,0.0615696231203574,6,1000011,residual_full,osm,11
0.0321291070457209,0.0221900567412376,0.0134570732123493,6,1000011,residual_full,osm,11
0.0325627833617555,0.0002648122608661,0.0118922307058177,2,1000011,residual_full,osm,11
1.0,1.0,0.083187265193022,6,1000011,residual_full,osm,11
1.0,1.0,0.0057689383572637,7,1000011,residual_full,osm,11
0.000184650908652,0.0,2.340450010971145e-05,2,1000011,residual_full,osm,11
1.0,0.0478282049298286,0.0279133354460069,7,1000011,residual_full,osm,11
0.0293205501762774,0.0085146483033895,0.0022191245990016,5,1000011,residual_full,osm,11
0.0141164572244116,0.0,0.0056217093593451,2,1000011,residual_full,osm,11
0.0055074983096602,0.0,0.0012586436874309,2,1000011,residual_full,osm,11
1.0,1.0,0.0116592064184812,4,1000011,residual_full,osm,11
1.0,1.0,0.0004449662078554,8,1000011,residual_full,osm,11
1.0,1.0,0.1624426801410853,6,1000011,residual_full,osm,11
0.0466784474590656,0.0070155253633856,0.0057385110126845,4,1000011,residual_full,osm,11
0.115913134135379,0.0571246035397052,0.0687520199547235,2,1000011,residual_full,osm,11
1.0,1.0,0.0041493699725025,6,1000011,residual_full,osm,11
1.0,0.0518652945756912,0.0412684330823391,6,1000011,residual_full,osm,11
1.0,1.0,0.0009832347579222,3,1000011,residual_full,osm,11
1.0,1.0,0.0065188381501107,8,1000011,residual_full,osm,11
0.0163840434727078,0.0011014291085302,0.0062768394851435,3,1000011,residual_full,osm,11
0.1936481438308729,0.0238705165684223,0.0079692345063625,7,1000011,residual_full,osm,11
1.0,1.0,0.0342685439712804,6,1000011,residual_full,osm,11
0.0083665350455579,0.0,0.0035093597021648,3,1000011,residual_full,osm,11
1.0,1.0,0.0001129822325856,2,1000011,residual_full,osm,11
0.0018947371805908,0.0,0.0009094800680235,4,1000011,residual_full,osm,11
1.0,1.0,0.0349366666338192,8,1000011,residual_full,osm,11
1.0,1.0,0.0044283300756825,6,1000011,residual_full,osm,11
0.0026118397641741,0.0,0.0014033489397983,1,1000011,residual_full,osm,11
1.0,0.1674787402153015,0.1619001300230896,5,1000011,residual_full,osm,11
1.0,0.1121934950351715,0.088695622393557,8,1000011,residual_full,osm,11
0.0061565611172054,0.0,0.0016291443177851,2,1000011,residual_full,osm,11
1.0,1.0,0.0080731707670871,4,1000011,residual_full,osm,11
1.0,1.0,7.805157443687005e-05,2,1000011,residual_full,osm,11
1.0,1.0,5.786182216464412e-07,1,1000011,residual_full,osm,11
1.0,1.0,0.0015649563031735,4,1000011,residual_full,osm,11
1.0,1.0,0.0074855561218337,8,1000011,residual_full,osm,11
0.0947215620456282,0.0288664456456899,0.018269584132812,6,1000011,residual_full,osm,11
1.0,1.0,0.0035032922898202,5,1000011,residual_full,osm,11
1.0,1.0,0.0015861057162847,7,1000011,residual_full,osm,11
0.0134243533829011,0.0,0.005703433630772,2,1000011,residual_full,osm,11
1.0,1.0,0.0162201438731437,6,1000011,residual_full,osm,11
0.0146481806451822,0.0,0.0034716708889515,1,1000011,residual_full,osm,11
1.0,1.0,0.0035029883880679,5,1000011,residual_full,osm,11
1.0,1.0,0.0371455866918952,8,1000011,residual_full,osm,11
1.0,1.0,0.0003101514752811,5,1000011,residual_full,osm,11
0.0068132780356006,0.0,0.0007304032095411,3,1000011,residual_full,osm,11
1.0,1.0,0.005788922696527,7,1000011,residual_full,osm,11
1.0,1.0,0.0054425929705992,5,1000011,residual_full,osm,11
0.1148294664022268,0.0005743727087974,0.0057497829320688,3,1000011,residual_full,osm,11
1.0,1.0,0.0632042478746756,5,1000011,residual_full,osm,11
0.1193048545732065,0.0276536885648965,0.0098888870433177,7,1000011,residual_full,osm,11
0.0037627562180995,0.0577116683125495,0.002050244620539,1,3,direct_full,synthetic,22
0.1130331516711915,0.0595449246466159,0.0851544798011825,2,3,direct_full,synthetic,22
0.0022566456871628,0.0566405020654201,0.001898840436203,1,3,direct_full,synthetic,22
0.0219276513167809,0.0681879892945289,0.0148260815964024,5,3,direct_full,synthetic,22
0.0094355976664578,0.0670410320162773,0.0066856734267893,5,3,direct_full,synthetic,22
0.0405516881255595,0.0683980956673622,0.0293971285423595,6,3,direct_full,synthetic,22
0.0318647734251168,0.068883515894413,0.0220785407123194,6,3,direct_full,synthetic,22
5.942981197049058e-06,0.0565987415611743,4.847812125817253e-06,1,3,direct_full,synthetic,22
0.011372674111399,0.0743049681186676,0.0071496878268857,4,3,direct_full,synthetic,22
0.0917382242639235,0.07854875177145,0.0467755368312822,8,3,direct_full,synthetic,22
0.0024523908629041,0.0653003603219986,0.0018115733291235,5,3,direct_full,synthetic,22
0.1285819477583888,0.0689680278301239,0.0809955821923777,6,3,direct_full,synthetic,22
0.000756925166325,0.0600910931825637,0.0003687299485172,2,3,direct_full,synthetic,22
0.030250427445175,0.0700105875730514,0.0204447083612134,6,3,direct_full,synthetic,22
0.1131291164466851,0.069205418229103,0.0727980508996118,6,3,direct_full,synthetic,22
0.0618657588668586,0.0782255604863166,0.0385951447901549,8,3,direct_full,synthetic,22
0.0029606952218407,0.0577114708721637,0.0019463342098482,1,3,direct_full,synthetic,22
0.2033690904874349,0.0669842362403869,0.1282691306756013,5,3,direct_full,synthetic,22
0.0434143583186854,0.07496377825737,0.0313415302304415,7,3,direct_full,synthetic,22
0.0651477908415718,0.0664671584963798,0.041370248392764,4,3,direct_full,synthetic,22
0.0009550953004976,0.0538014844059944,0.0006289076050775,3,6,direct_full,synthetic,22
0.005863361585976,0.0607100166380405,0.0036219349200964,7,6,direct_full,synthetic,22
0.0082910403085149,0.0615078806877136,0.0065155478928613,8,6,direct_full,synthetic,22
0.0023108366745574,0.0595900677144527,0.0017572154872403,7,6,direct_full,synthetic,22
5.192511888907347e-06,0.0513951554894447,4.226152162632501e-06,1,6,direct_full,synthetic,22
0.1954991094406072,0.0616672001779079,0.1505242327247672,8,6,direct_full,synthetic,22
0.0016132860463433,0.0549730397760868,0.0012722689859217,4,6,direct_full,synthetic,22
0.0027043747997714,0.0532441884279251,0.0020514804369059,3,6,direct_full,synthetic,22
0.0064090866030837,0.0609678477048873,0.0051103119702932,8,6,direct_full,synthetic,22
0.0021995346451156,0.0577312335371971,0.0018717392671151,6,6,direct_full,synthetic,22
0.0092866165926116,0.0612885057926178,0.0055182779584123,7,6,direct_full,synthetic,22
0.0023465388890626,0.0560653991997242,0.0016168274218717,3,6,direct_full,synthetic,22
0.0045345296410593,0.0533871464431285,0.0030190926334537,3,6,direct_full,synthetic,22
0.0052112364735518,0.0542284846305847,0.0027585655987117,3,6,direct_full,synthetic,22
0.0106099436783391,0.0698898434638977,0.0031025014737156,6,6,direct_full,synthetic,22
0.0054139850441574,0.0584749989211559,0.0047030594512619,7,6,direct_full,synthetic,22
0.0017393950546151,0.0574066638946533,0.0014303550690725,7,6,direct_full,synthetic,22
0.0025240273368245,0.0590420328080654,0.0019542061174719,6,6,direct_full,synthetic,22
0.0058986529508003,0.0556129068136215,0.0043328336443808,5,6,direct_full,synthetic,22
0.0050132651029456,0.0568891465663909,0.0039791056059501,6,6,direct_full,synthetic,22
0.2126035492701072,0.0584334060549736,0.1020813948985673,3,10,direct_full,synthetic,22
0.0065943052015283,0.0678120031952858,0.0043514351793669,6,10,direct_full,synthetic,22
0.0261355354669083,0.0611581318080425,0.0144299522935981,4,10,direct_full,synthetic,22
0.0563662609423462,0.0585529133677482,0.0400775866342763,3,10,direct_full,synthetic,22
0.0592301499678968,0.0551572777330875,0.0410801090572905,2,10,direct_full,synthetic,22
0.1248672508551955,0.0662992671132087,0.0728893132071399,6,10,direct_full,synthetic,22
0.2303120857218921,0.0693641081452369,0.1560660336286525,6,10,direct_full,synthetic,22
0.2460426892894408,0.0766667872667312,0.1366961368658946,8,10,direct_full,synthetic,22
0.0322584150350958,0.0652516558766365,0.0208109532687041,5,10,direct_full,synthetic,22
0.1610317614681061,0.0781977623701095,0.1224791973287835,8,10,direct_full,synthetic,22
0.0096990092979827,0.0537133328616619,0.0069523161866108,1,10,direct_full,synthetic,22
0.1170337413907574,0.0583150647580623,0.0784777155553707,3,10,direct_full,synthetic,22
1.0,0.9723994135856628,0.0035171853141457,2,10,direct_full,synthetic,22
0.097475976180408,0.0659683346748352,0.0358675934523071,5,10,direct_full,synthetic,22
0.0137826121758021,0.162724032998085,0.008979429122961,6,10,direct_full,synthetic,22
0.1057852678102332,0.0643947049975395,0.0499812999272877,4,10,direct_full,synthetic,22
0.0027547140118014,0.0557746775448322,0.0021242802978717,2,10,direct_full,synthetic,22
0.1421000367655532,0.0595150962471962,0.0926995145580621,3,10,direct_full,synthetic,22
0.0135983592564074,0.0600243546068668,0.0085866541615143,4,10,direct_full,synthetic,22
0.0141680131950213,0.0556569583714008,0.0084834361728271,2,10,direct_full,synthetic,22
0.0012849293140838,0.0582079030573368,0.000713100842825,1,15,direct_full,synthetic,22
1.0,0.9791977405548096,0.0082876404314236,3,15,direct_full,synthetic,22
0.0291061217162595,0.0595103539526462,0.0210449621142258,2,15,direct_full,synthetic,22
0.0155167010029499,0.080493539571762,0.0104034668709788,8,15,direct_full,synthetic,22
0.001606303968755,0.06297068297863,0.0013483432428239,3,15,direct_full,synthetic,22
1.0,0.0775742754340171,0.3261406487577273,7,15,direct_full,synthetic,22
0.0155443501925272,0.0794248282909393,0.0056041600982728,6,15,direct_full,synthetic,22
0.0126885248305489,0.0570288933813571,0.0095707944618515,1,15,direct_full,synthetic,22
1.0,0.977812647819519,0.0032287066315407,7,15,direct_full,synthetic,22
0.0391734221261237,0.0663801655173301,0.0260030007868828,4,15,direct_full,synthetic,22
0.0037954600645403,0.0597542412579059,0.0027587592432369,2,15,direct_full,synthetic,22
0.0026981554096913,0.0713763758540153,0.0019957234060342,7,15,direct_full,synthetic,22
0.0024954513339944,0.0680795386433601,0.0016227004124392,5,15,direct_full,synthetic,22
0.001210963761011,0.0696631446480751,0.0008535565527292,5,15,direct_full,synthetic,22
0.0435243135175857,0.0746511593461036,0.02547667952582,7,15,direct_full,synthetic,22
0.0102576863365939,0.0571608133614063,0.0074929991412236,1,15,direct_full,synthetic,22
0.009546015187929,0.0703313574194908,0.006552967470458,5,15,direct_full,synthetic,22
0.000117411085778,0.0618169605731964,0.0001024569457123,3,15,direct_full,synthetic,22
0.0694259413555821,0.0783528536558151,0.0213481603195499,7,15,direct_full,synthetic,22
0.0001069362454275,0.0566840320825576,6.286480921628778e-05,1,15,direct_full,synthetic,22
0.3572970706351481,0.0653486996889114,0.05801546771935,5,17,direct_full,synthetic,22
0.1300111309707372,0.1792566627264022,0.0837648374705596,6,17,direct_full,synthetic,22
0.0093137864359703,0.063681960105896,0.0045906785473854,3,17,direct_full,synthetic,22
0.1934640202105749,0.0772357955574989,0.0093211807660127,8,17,direct_full,synthetic,22
0.0099578849916629,0.069651573896408,0.0043887315157645,5,17,direct_full,synthetic,22
0.0121990972203278,0.0701519399881362,0.0074252012887976,6,17,direct_full,synthetic,22
0.0148516523349753,0.0705135315656662,0.009873128263517,6,17,direct_full,synthetic,22
0.002597065651663,0.0730895921587944,0.0017696233486178,7,17,direct_full,synthetic,22
0.004788729967134,0.0718073323369026,0.0033277187019767,6,17,direct_full,synthetic,22
1.7016724772056513e-05,0.0568367503583431,1.069535224543324e-05,1,17,direct_full,synthetic,22
4.072919027708899e-06,0.0593876168131828,2.400627745242189e-06,2,17,direct_full,synthetic,22
0.0180784618512459,0.30027836561203,0.01039496224349,8,17,direct_full,synthetic,22
0.0228008721555021,0.0673883333802223,0.0154378846035526,5,17,direct_full,synthetic,22
0.0015711776843215,0.0560423359274864,0.0011226683861747,1,17,direct_full,synthetic,22
1.5117697268030028e-05,0.056582860648632,7.71365092333637e-06,1,17,direct_full,synthetic,22
0.0150831833787152,0.0672606974840164,0.0040590287551595,4,17,direct_full,synthetic,22
0.0064347502042269,0.0704785957932472,0.0050094451959674,6,17,direct_full,synthetic,22
8.126916168516019e-05,0.0557497628033161,6.577823992625643e-05,1,17,direct_full,synthetic,22
0.0002943236432306,0.0562366768717765,0.0002398391079985,1,17,direct_full,synthetic,22
0.0038470581742858,0.0721741914749145,0.0017238181371535,6,17,direct_full,synthetic,22
0.0338722949219579,0.0675236284732818,0.0245823149603582,7,23,direct_full,synthetic,22
0.0024712356537887,0.0531036481261253,0.0019581972102008,1,23,direct_full,synthetic,22
0.0207595831557773,0.0613078288733959,0.0134427591869867,6,23,direct_full,synthetic,22
0.0133114707024545,0.0600402243435382,0.0075112401512898,4,23,direct_full,synthetic,22
0.0661206281518311,0.0650432035326957,0.0528315782431023,7,23,direct_full,synthetic,22
0.0489791806789638,0.0584091544151306,0.0209532546301089,3,23,direct_full,synthetic,22
0.0395280880943188,0.0684328824281692,0.0269610006282055,8,23,direct_full,synthetic,22
0.0566375635640049,0.0621756091713905,0.0417053921357668,6,23,direct_full,synthetic,22
0.0101049946575264,0.0550615787506103,0.0043598279222349,2,23,direct_full,synthetic,22
0.1328441078880538,0.0671405345201492,0.0828880885440486,8,23,direct_full,synthetic,22
0.0127821673532556,0.064054824411869,0.0096877557880538,7,23,direct_full,synthetic,22
0.062400895790077,0.058153074234724,0.0445892877094821,4,23,direct_full,synthetic,22
0.0128019084345226,0.0582892298698425,0.0080049290733615,3,23,direct_full,synthetic,22
0.1079728987011858,0.0589534156024456,0.0514892030719483,3,23,direct_full,synthetic,22
0.0859544684699165,0.0685357376933097,0.0578409947342963,8,23,direct_full,synthetic,22
0.0895530444638974,0.06189551576972,0.046054318846628,4,23,direct_full,synthetic,22
0.0003048524157177,0.0575729943811893,0.0002591025879292,3,23,direct_full,synthetic,22
0.0637898538507295,0.0649365857243537,0.0307634443187993,7,23,direct_full,synthetic,22
0.0146274143124873,0.0550817623734474,0.0107018130142715,2,23,direct_full,synthetic,22
0.0079650055503679,0.0553947053849697,0.006065950441435,2,23,direct_full,synthetic,22
0.0036400504427909,0.0663439482450485,0.0024648396559821,3,29,direct_full,synthetic,22
0.3083967085187746,0.0743068233132362,0.1591187361808148,7,29,direct_full,synthetic,22
0.0018153063796177,0.0753238275647163,0.0008884202434763,5,29,direct_full,synthetic,22
0.2988665159908542,0.0756502896547317,0.1547044690734427,7,29,direct_full,synthetic,22
0.2371777898551849,0.0633328258991241,0.1327342158910575,4,29,direct_full,synthetic,22
0.0178156349599533,0.0732713043689727,0.0116502147716166,6,29,direct_full,synthetic,22
0.0072003803949544,0.0641950592398643,0.0040486962228476,4,29,direct_full,synthetic,22
0.2482407891800762,0.0780697241425514,0.1506797216116614,7,29,direct_full,synthetic,22
0.0302331625920824,0.0738821402192115,0.0169335442042792,5,29,direct_full,synthetic,22
0.000580803875416,0.0566841699182987,0.0003929284524999,1,29,direct_full,synthetic,22
0.0022636041812852,0.0572047382593154,0.00158428908122,1,29,direct_full,synthetic,22
0.0025812997032561,0.0728402435779571,0.0012335359720942,5,29,direct_full,synthetic,22
0.0033613902035501,0.076189748942852,0.0021582788296387,6,29,direct_full,synthetic,22
0.0270590198815197,0.0618756972253322,0.0168888422578456,3,29,direct_full,synthetic,22
0.0017812130355868,0.063086949288845,0.0011851633046511,3,29,direct_full,synthetic,22
0.0084920039467032,0.0686373487114906,0.0052414288222157,5,29,direct_full,synthetic,22
0.0157866813972004,0.0568949952721595,0.0120388467418508,1,29,direct_full,synthetic,22
0.0340597555421958,0.0684042647480964,0.0198786765563759,5,29,direct_full,synthetic,22
0.027982594716343,0.0602024346590042,0.0162587186812045,2,29,direct_full,synthetic,22
0.2129043163110618,0.0742832794785499,0.1315589886264031,6,29,direct_full,synthetic,22
6.696592935184764e-05,0.056102767586708,5.589936655268872e-05,1,31,direct_full,synthetic,22
0.0207851507598978,0.0682691410183906,0.0146794791648751,5,31,direct_full,synthetic,22
0.02069012690963,0.0688172876834869,0.0148937014005214,7,31,direct_full,synthetic,22
0.0002414400748294,0.0596203096210956,0.0001677238092483,3,31,direct_full,synthetic,22
8.582831766368315e-05,0.0601422488689422,5.899493508159562e-05,2,31,direct_full,synthetic,22
0.0030334447782773,0.0636723786592483,0.0015316026967257,3,31,direct_full,synthetic,22
0.0168670610714607,0.0674482211470604,0.0118532222571954,6,31,direct_full,synthetic,22
0.0018955530059855,0.0650839805603027,0.0013880718809304,4,31,direct_full,synthetic,22
0.0435839993836044,0.0733929276466369,0.0229243466330526,7,31,direct_full,synthetic,22
0.0199468935371401,0.0609410591423511,0.0142766591755232,3,31,direct_full,synthetic,22
0.0186132191154319,0.0614694990217685,0.0115788310628969,3,31,direct_full,synthetic,22
0.0011938365550838,0.0573714785277843,0.0008663674177812,1,31,direct_full,synthetic,22
8.783716832583277e-05,0.0558724701404571,7.293098008503502e-05,1,31,direct_full,synthetic,22
0.0520650972630548,0.3136878907680511,0.0300119712011174,5,31,direct_full,synthetic,22
0.0066687198603406,0.0639024674892425,0.0047102435440305,4,31,direct_full,synthetic,22
0.0192814916924621,0.0671205073595047,0.0128694965261396,5,31,direct_full,synthetic,22
0.0194865386457278,0.0599604025483131,0.0120026624472114,2,31,direct_full,synthetic,22
0.0507066955919663,0.0618143156170845,0.0359745327947928,3,31,direct_full,synthetic,22
0.0366140642964227,0.0601382330060005,0.0215969425177972,2,31,direct_full,synthetic,22
0.0023513749595543,0.0594750940799713,0.0019272337147705,3,31,direct_full,synthetic,22
0.022399394766885,0.0554120801389217,0.014394528882262,3,34,direct_full,synthetic,22
0.0084480777805968,0.0540766678750515,0.0062084309485579,2,34,direct_full,synthetic,22
0.0126898858524235,0.0593864582479,0.0099531733493213,6,34,direct_full,synthetic,22
0.0209539650936548,0.0652571246027946,0.013034273330317,8,34,direct_full,synthetic,22
0.0944547396312903,0.0616434030234813,0.0605992039382857,7,34,direct_full,synthetic,22
0.0114359382703647,0.0533578246831893,0.0079123931542472,2,34,direct_full,synthetic,22
0.0892045438609003,0.0632026493549346,0.0541108118677116,8,34,direct_full,synthetic,22
0.0063738220536595,0.0574015527963638,0.0044222037051946,5,34,direct_full,synthetic,22
0.0042891908113708,0.0543890185654163,0.0031459158114974,3,34,direct_full,synthetic,22
1.0,0.9860731363296508,0.0739385769834135,6,34,direct_full,synthetic,22
0.0074861090447116,0.056315291672945,0.0060495389438913,4,34,direct_full,synthetic,22
0.0015186013293349,0.0526785925030708,0.0012888674502009,2,34,direct_full,synthetic,22
1.0,0.9861429333686828,0.0291692673670211,8,34,direct_full,synthetic,22
0.0421890679546017,0.06172551587224,0.0242258920289886,6,34,direct_full,synthetic,22
0.0029691057461309,0.0524633415043354,0.0019925946171744,1,34,direct_full,synthetic,22
0.0133079540917343,0.0646332651376724,0.0075319727814514,6,34,direct_full,synthetic,22
0.0709142904155183,0.0554667823016643,0.0501658363887245,3,34,direct_full,synthetic,22
0.0029433544315944,0.0528960898518562,0.0024457774576403,2,34,direct_full,synthetic,22
1.0,0.5448597073554993,0.2485043868667508,8,34,direct_full,synthetic,22
0.0146093117605412,0.0587951838970184,0.0093518119469853,5,34,direct_full,synthetic,22
0.000768213046241,0.0541453696787357,0.000472250474974,1,40,direct_full,synthetic,22
0.0002435991207128,0.0535978488624095,0.0001925111944845,1,40,direct_full,synthetic,22
0.0318342046189059,0.0554633103311061,0.0126674662386092,1,40,direct_full,synthetic,22
1.0,0.0653077960014343,0.2617816420576628,5,40,direct_full,synthetic,22
0.0164852637222224,0.1593171805143356,0.0084332329118496,7,40,direct_full,synthetic,22
0.0017256534686684,0.0589861497282981,0.001085571777509,2,40,direct_full,synthetic,22
0.000329727289729,0.0580940134823322,0.0001977950958052,2,40,direct_full,synthetic,22
0.0435121836610652,0.0717869102954864,0.031943102127142,8,40,direct_full,synthetic,22
0.0109185463052811,0.0598394088447093,0.006754280400065,3,40,direct_full,synthetic,22
0.0092941165829193,0.0620879605412483,0.0061608162162102,5,40,direct_full,synthetic,22
0.0615690632762009,0.0756417512893676,0.0271088088898686,8,40,direct_full,synthetic,22
0.0187649175941827,0.0596150606870651,0.012183157019507,4,40,direct_full,synthetic,22
0.0625933024399478,0.054549716413021,0.0305091563389507,1,40,direct_full,synthetic,22
0.0685638445670427,0.0590344071388244,0.0418507899347367,4,40,direct_full,synthetic,22
0.013717723298386,0.0555576458573341,0.009033658948546,2,40,direct_full,synthetic,22
1.0,0.9862143397331238,0.0057890771901807,4,40,direct_full,synthetic,22
0.0861473594941176,0.0968735367059707,0.0607127325912889,8,40,direct_full,synthetic,22
0.0274465023601684,0.0630786269903183,0.0185377193221287,4,40,direct_full,synthetic,22
0.0284129162684381,0.0648279637098312,0.0198457718827511,6,40,direct_full,synthetic,22
1.0,0.0693326294422149,0.2732496653780121,6,40,direct_full,synthetic,22
0.012724630578472,0.0582858771085739,0.0088742230185501,1,44,direct_full,synthetic,22
0.0034311967756164,0.0586341917514801,0.0024846629416275,1,44,direct_full,synthetic,22
1.5739619734222998e-05,0.0576575621962547,1.246785082681152e-05,1,44,direct_full,synthetic,22
0.1384006437410643,0.0674406886100769,0.088707983875432,4,44,direct_full,synthetic,22
0.1011302545463166,0.0659800097346305,0.0677288049949663,4,44,direct_full,synthetic,22
0.0119025372565115,0.0618007704615592,0.0098106038777843,3,44,direct_full,synthetic,22
0.0207377725111382,0.0750607177615165,0.014142039374407,7,44,direct_full,synthetic,22
0.0789329703105798,0.0677041336894035,0.0576851634953445,5,44,direct_full,synthetic,22
0.0434636786429175,0.082266628742218,0.030454280470967,8,44,direct_full,synthetic,22
0.0569047471384028,0.0829316228628158,0.0366693921780577,8,44,direct_full,synthetic,22
0.0488432152877719,0.074300117790699,0.0376993648744396,8,44,direct_full,synthetic,22
0.0228648442857098,0.0732045024633407,0.014939271796172,5,44,direct_full,synthetic,22
0.016447145425274,0.0649226158857345,0.0095185199788933,3,44,direct_full,synthetic,22
0.0492028984816708,0.0751499235630035,0.0245941324303022,8,44,direct_full,synthetic,22
0.1370666690983549,0.0696160271763801,0.0874562116397992,5,44,direct_full,synthetic,22
0.0121301700934829,0.0789223164319992,0.0076468842052149,6,44,direct_full,synthetic,22
0.026167856419685,0.0739897191524505,0.0208498281487337,7,44,direct_full,synthetic,22
0.0524343116740282,0.0815893337130546,0.0337713049391349,7,44,direct_full,synthetic,22
0.1495271880391856,0.0785380825400352,0.1025068114573359,7,44,direct_full,synthetic,22
0.0342689688759397,0.0716346651315689,0.0253496492960212,7,44,direct_full,synthetic,22
0.0394201256196692,0.0742112547159195,0.0236596568725716,6,57,direct_full,synthetic,22
0.0035534011124135,0.0595594607293605,0.0023399099744614,2,57,direct_full,synthetic,22
0.1122434690988463,0.0813524425029754,0.0692885796781642,7,57,direct_full,synthetic,22
0.0172951835807373,0.0643031671643257,0.0118651852452128,4,57,direct_full,synthetic,22
0.1786590914051413,0.3663523197174072,0.0978037893712225,8,57,direct_full,synthetic,22
0.2337133338833064,0.3890334665775299,0.1489928621703076,8,57,direct_full,synthetic,22
0.0054748631345057,0.0560530088841915,0.003171719868526,1,57,direct_full,synthetic,22
0.0695738314333708,0.0811277031898498,0.0468735392792711,7,57,direct_full,synthetic,22
0.0790887815457949,0.0678336694836616,0.05216111993931,5,57,direct_full,synthetic,22
0.1106142364622767,0.0618363320827484,0.0675991868702903,3,57,direct_full,synthetic,22
0.111646780744828,0.0692463591694831,0.0598134997020716,5,57,direct_full,synthetic,22
0.0002681896844064,0.0577182956039905,0.0001974297892402,2,57,direct_full,synthetic,22
0.0029945760984877,0.0542568601667881,0.0024238728411659,1,57,direct_full,synthetic,22
0.037462282924534,0.0629969537258148,0.0246496844821234,3,57,direct_full,synthetic,22
0.1619277316175981,0.4496063590049743,0.1021260540490152,7,57,direct_full,synthetic,22
0.0146537330952259,0.0763541460037231,0.0099431986352335,6,57,direct_full,synthetic,22
0.067937936384549,0.2621643543243408,0.0318981653442601,8,57,direct_full,synthetic,22
0.0044441376877012,0.0543725378811359,0.0031214382921205,1,57,direct_full,synthetic,22
0.0005351787241967,0.0545469000935554,0.0003959877421302,1,57,direct_full,synthetic,22
0.0721262993947439,0.3089011609554291,0.0367854495298498,4,57,direct_full,synthetic,22
0.0033928425851579,0.0608282871544361,0.0025096893900015,3,78,direct_full,synthetic,22
0.0002841745454901,0.0582274831831455,0.0001098538285515,3,78,direct_full,synthetic,22
0.0707547093769495,0.0574068836867809,0.0390282866242233,2,78,direct_full,synthetic,22
0.0331315885777018,0.0571155734360218,0.0226006356461528,2,78,direct_full,synthetic,22
3.9918975969222e-06,0.0556688010692596,3.208665235201768e-06,1,78,direct_full,synthetic,22
0.0733292849320427,0.0608447343111038,0.0503346965000794,4,78,direct_full,synthetic,22
0.0037284695110575,0.0568767786026001,0.002828490494382,2,78,direct_full,synthetic,22
0.0007830701695334,0.0568623393774032,0.0005391352120032,2,78,direct_full,synthetic,22
0.0002173824811028,0.0553348660469055,0.0001031565071099,1,78,direct_full,synthetic,22
0.0059708655834084,0.0668137818574905,0.0037935249637413,6,78,direct_full,synthetic,22
0.3216178602169823,0.0609444305300712,0.0131947209298305,2,78,direct_full,synthetic,22
0.003349697906339,0.055545974522829,0.0024863897873144,1,78,direct_full,synthetic,22
0.002122722296754,0.0571781359612941,0.0016127619314366,2,78,direct_full,synthetic,22
0.4009150987065391,0.0593973770737648,0.0044539751957657,2,78,direct_full,synthetic,22
0.0010401620119042,0.0610838010907173,0.0007027082326562,3,78,direct_full,synthetic,22
0.4069989360205118,0.0751334130764007,0.0387461424144494,8,78,direct_full,synthetic,22
0.0712541481073678,0.0656629726290702,0.0409815992630555,7,78,direct_full,synthetic,22
1.4509697834119706e-05,0.0572331324219703,9.336899939964426e-06,2,78,direct_full,synthetic,22
0.02604381061176,0.0559319518506526,0.0166067915715166,1,78,direct_full,synthetic,22
0.0173288101797752,0.0649446621537208,0.0128175442075179,6,78,direct_full,synthetic,22
0.0103725136841406,0.0579056926071643,0.0070980183515233,3,83,direct_full,synthetic,22
0.0004468840222552,0.0545869842171669,0.000343819795803,1,83,direct_full,synthetic,22
0.0114963894881102,0.055866751819849,0.0095124168957807,2,83,direct_full,synthetic,22
0.016268234967312,0.0635980814695358,0.0117370994597638,6,83,direct_full,synthetic,22
0.0025408734261057,0.0615001581609249,0.0019678999919239,5,83,direct_full,synthetic,22
0.0270152233631689,0.0602874718606472,0.0218353864868772,5,83,direct_full,synthetic,22
0.0322505480657842,0.0627432614564895,0.0191624192029453,5,83,direct_full,synthetic,22
0.1158895067810712,0.0623434819281101,0.092981289453579,6,83,direct_full,synthetic,22
0.0084920080348545,0.0629649385809898,0.0053257169237955,6,83,direct_full,synthetic,22
0.0129392389742589,0.062151588499546,0.0101925523877954,7,83,direct_full,synthetic,22
0.1198062119346456,0.060945875942707,0.0821747241026831,5,83,direct_full,synthetic,22
0.0778932944377174,0.064259372651577,0.0565913514621533,7,83,direct_full,synthetic,22
0.0039535388943261,0.0571424029767513,0.0032594554578237,3,83,direct_full,synthetic,22
0.0244611955719483,0.0637803897261619,0.0180821926298108,7,83,direct_full,synthetic,22
0.0001679926753507,0.0549087785184383,0.000132128355866,1,83,direct_full,synthetic,22
0.0013673158634909,0.0547786802053451,0.0011604911483585,1,83,direct_full,synthetic,22
0.0007730434324501,0.0564342476427555,0.0006393673137311,2,83,direct_full,synthetic,22
0.0114478278856402,0.056399155408144,0.0075247366250001,2,83,direct_full,synthetic,22
0.0018732447273854,0.0591553002595901,0.0014860114780609,4,83,direct_full,synthetic,22
0.041252232721632,0.0603455081582069,0.0274798308751727,5,83,direct_full,synthetic,22
0.0005542931388263,0.0597708560526371,0.0003742685578866,2,89,direct_full,synthetic,22
0.0021693174298661,0.0588457509875297,0.0015420469282473,3,89,direct_full,synthetic,22
0.0039205411676734,0.0600359849631786,0.002439940566072,3,89,direct_full,synthetic,22
0.0309817610564208,0.0724960938096046,0.0186957503677321,7,89,direct_full,synthetic,22
0.0191735096844941,0.0626432299613952,0.0089573840087312,4,89,direct_full,synthetic,22
0.009599608182881,0.0613073110580444,0.0064923869784871,4,89,direct_full,synthetic,22
1.0,0.0733843371272087,0.4371531086607637,8,89,direct_full,synthetic,22
0.041192584142093,0.0703338533639907,0.0255926703051889,7,89,direct_full,synthetic,22
0.0191189368809242,0.0672256872057914,0.0069073915521426,5,89,direct_full,synthetic,22
0.2309473433130153,0.0754187554121017,0.1074743331858954,7,89,direct_full,synthetic,22
1.0,0.1003279611468315,0.5856042957847865,7,89,direct_full,synthetic,22
0.051115783353736,0.0704825520515441,0.0246505681810178,6,89,direct_full,synthetic,22
0.0008048828878015,0.0577718839049339,0.0005556133451653,2,89,direct_full,synthetic,22
0.000692695773062,0.0608583353459835,0.0004564445900693,3,89,direct_full,synthetic,22
0.0029813295373808,0.0657512471079826,0.001601039069606,5,89,direct_full,synthetic,22
0.007319083860775,0.0604516118764877,0.0053105488734952,4,89,direct_full,synthetic,22
0.0004560711824425,0.0585087426006794,0.00025894310815,2,89,direct_full,synthetic,22
0.001177519056308,0.05441115796566,0.000969001534647,1,89,direct_full,synthetic,22
0.0007915308234472,0.0627152696251869,0.000561005556465,4,89,direct_full,synthetic,22
0.1277387994452455,0.0675810128450393,0.0640685035891049,5,89,direct_full,synthetic,22
0.0592625893379987,0.061960082501173,0.0122262941453018,7,1000022,direct_full,osm,22
1.0,0.9817620515823364,3.830386051204275e-05,1,1000022,direct_full,osm,22
0.661188347996704,0.0561278499662876,0.0562001097618811,3,1000022,direct_full,osm,22
0.0684773196604434,0.0634916722774505,0.0164568316608687,8,1000022,direct_full,osm,22
1.0,0.9686917662620544,0.0035103580418762,5,1000022,direct_full,osm,22
0.4269227685564114,0.0583638288080692,0.005153144985875,5,1000022,direct_full,osm,22
4.2850968628993513e-07,0.0538499392569065,4.302574940521651e-08,1,1000022,direct_full,osm,22
1.0,0.0636465325951576,0.1154086127406441,6,1000022,direct_full,osm,22
0.7179726076464917,0.0607525408267974,0.0726504165983706,6,1000022,direct_full,osm,22
1.0,0.9688242077827454,0.0100999553657432,5,1000022,direct_full,osm,22
1.0,0.9777487516403198,0.0016312716633554,2,1000022,direct_full,osm,22
0.2135306690610565,0.060665164142847,0.0455691405960021,6,1000022,direct_full,osm,22
1.0,0.963601291179657,0.0047414008899772,7,1000022,direct_full,osm,22
1.0,0.9713818430900574,0.0248184784766137,7,1000022,direct_full,osm,22
0.2483802790361015,0.0636602193117141,0.0673399341750326,8,1000022,direct_full,osm,22
0.022021770509337,0.0614911131560802,0.0102814122585643,4,1000022,direct_full,osm,22
1.0,0.9767957925796508,0.0013847188702557,4,1000022,direct_full,osm,22
0.0340343814985129,0.0546453855931758,0.0164498309753569,2,1000022,direct_full,osm,22
0.0277765933306157,0.0561061166226863,0.0122621468674755,3,1000022,direct_full,osm,22
1.0,0.96674245595932,0.0968519352342708,7,1000022,direct_full,osm,22
1.0,0.9671757221221924,0.0083647700028205,8,1000022,direct_full,osm,22
0.0276698256138903,0.0574366264045238,0.0034386379678677,4,1000022,direct_full,osm,22
1.0,0.9756230711936952,0.0244870694431793,6,1000022,direct_full,osm,22
1.0,0.9756656289100648,0.0142393742736365,7,1000022,direct_full,osm,22
1.0,0.97995126247406,0.0118349823098322,5,1000022,direct_full,osm,22
0.0294054384941623,0.0617512129247188,0.00129932322958,7,1000022,direct_full,osm,22
1.0,0.9688062071800232,0.0026587800060128,3,1000022,direct_full,osm,22
0.6315839167413906,0.0603191740810871,0.0415769791475647,6,1000022,direct_full,osm,22
1.0,0.9641854166984558,0.0693017866818498,7,1000022,direct_full,osm,22
0.0019540864976809,0.054813552647829,0.0011492619765784,2,1000022,direct_full,osm,22
4.031824819450414e-06,0.0533575043082237,1.308216586595299e-06,1,1000022,direct_full,osm,22
1.0,0.9801921844482422,0.0325326275725992,6,1000022,direct_full,osm,22
1.0,0.9752184748649596,7.512784939981066e-05,3,1000022,direct_full,osm,22
0.1978922772713425,0.062181007117033,0.0220536213484058,7,1000022,direct_full,osm,22
0.0043767158651036,0.0533845536410808,0.0007199003296098,1,1000022,direct_full,osm,22
1.0,0.97696191072464,3.068688565904151e-06,2,1000022,direct_full,osm,22
0.0036367163277706,0.053117386996746,0.0017857504792187,1,1000022,direct_full,osm,22
1.0,0.9768341183662416,0.0104030554766012,8,1000022,direct_full,osm,22
1.0,0.9804623126983644,0.0019051924859544,8,1000022,direct_full,osm,22
1.0,0.9737799763679504,0.0085075439451156,7,1000022,direct_full,osm,22
0.0993250360936151,0.0638774707913398,0.0267407076095561,8,1000022,direct_full,osm,22
0.0005906540299985,0.0533856265246868,0.000288908564717,1,1000022,direct_full,osm,22
1.0,0.3327096104621887,0.0368384994550554,8,1000022,direct_full,osm,22
0.2239499477707431,0.0624783188104629,0.0107974293998261,7,1000022,direct_full,osm,22
0.3852108743477386,0.0609137639403343,0.0173471970039202,6,1000022,direct_full,osm,22
1.0,0.9671768546104432,0.0459801396114748,7,1000022,direct_full,osm,22
0.03198801126336,0.0559334978461265,0.0050391358313637,3,1000022,direct_full,osm,22
1.0,0.979867935180664,0.0041465663486509,8,1000022,direct_full,osm,22
0.2423752066286533,0.0595012344419956,0.0339359441674108,5,1000022,direct_full,osm,22
0.2393751716606396,0.0548017211258411,0.026901612969817,2,1000022,direct_full,osm,22
0.0216305204615653,0.0569570325314998,0.0053848271604814,4,1000022,direct_full,osm,22
1.0,0.976367175579071,0.0379044633191299,7,1000022,direct_full,osm,22
1.0,0.9763166308403016,0.0075735238904501,6,1000022,direct_full,osm,22
1.0,0.0620264783501625,0.018405070877571,7,1000022,direct_full,osm,22
1.0,0.9782927632331848,0.0001894409257243,2,1000022,direct_full,osm,22
0.0041714617162269,0.0559260472655296,0.002437781008418,3,1000022,direct_full,osm,22
1.0,0.9736880660057068,0.0111517788146171,8,1000022,direct_full,osm,22
1.0,0.9752488732337952,0.0024136971166162,5,1000022,direct_full,osm,22
1.0,0.9636855721473694,0.006565650256765,8,1000022,direct_full,osm,22
1.0,0.9791505336761476,0.0047124898477113,5,1000022,direct_full,osm,22
1.0,0.976751983165741,0.0003962824170605,5,1000022,direct_full,osm,22
0.0467223422667265,0.0860779657959938,0.0069573799054684,6,1000022,direct_full,osm,22
1.0,0.9737856984138488,0.005304791926408,7,1000022,direct_full,osm,22
0.0511337035583889,0.057750005275011,0.0013286610696379,4,1000022,direct_full,osm,22
1.0,0.9688629508018494,0.009424202147,6,1000022,direct_full,osm,22
0.2030706186781794,0.0611887760460376,0.0746957498523132,6,1000022,direct_full,osm,22
1.0,0.9799562692642212,0.0314243149126428,7,1000022,direct_full,osm,22
1.0,0.9810606241226196,0.0089359371570525,8,1000022,direct_full,osm,22
1.0,0.9640695452690125,0.0017039859008202,2,1000022,direct_full,osm,22
1.0,0.9756563305854796,0.0005481583127516,2,1000022,direct_full,osm,22
1.0,0.9641740322113036,0.0022431868127415,4,1000022,direct_full,osm,22
0.5774625828096114,0.0574729852378368,0.0248457754560725,4,1000022,direct_full,osm,22
0.0432561920160647,0.0591975562274456,0.0190905998468878,5,1000022,direct_full,osm,22
1.0,0.9764522910118104,0.0027124608662837,7,1000022,direct_full,osm,22
0.025500396682591,0.0553557276725769,0.0032756753796771,2,1000022,direct_full,osm,22
1.0,0.0597407035529613,0.0174331853006596,5,1000022,direct_full,osm,22
0.6483726272674809,0.0600839927792549,0.0508825928786983,6,1000022,direct_full,osm,22
0.0019761245586455,0.0535406917333602,0.0005770733438072,1,1000022,direct_full,osm,22
1.0,0.1615010052919387,0.008221114514428,6,1000022,direct_full,osm,22
1.0,0.979969084262848,3.4962562388934794e-05,1,1000022,direct_full,osm,22
1.0,0.9777725338935852,0.0023423064809821,3,1000022,direct_full,osm,22
1.0,0.9797884821891784,0.0037353688607285,4,1000022,direct_full,osm,22
1.0,0.9755324125289916,0.0037660818719803,4,1000022,direct_full,osm,22
0.0104277327299394,0.0606811717152595,0.0037585682528435,5,1000022,direct_full,osm,22
1.0,0.9756789803504944,0.0164817028256158,7,1000022,direct_full,osm,22
1.0,0.9791619777679444,0.015850007514156,5,1000022,direct_full,osm,22
1.0,0.9713349342346193,0.0040379220895939,3,1000022,direct_full,osm,22
0.000429112800577,0.0533894971013069,2.3308864453148737e-05,1,1000022,direct_full,osm,22
0.0854254622289054,0.061446763575077,0.010235901427306,7,1000022,direct_full,osm,22
1.0,0.9752980470657348,0.000490109086489,4,1000022,direct_full,osm,22
1.0,0.9763354659080504,0.0007023233409486,2,1000022,direct_full,osm,22
0.1119495075034033,0.1078767329454422,0.0566203762601654,6,1000022,direct_full,osm,22
1.0,0.9771906137466432,0.0550017091426372,3,1000022,direct_full,osm,22
1.0,0.9755664467811584,0.0173066229917479,6,1000022,direct_full,osm,22
0.058120635509415,0.058400709182024,0.0230022955473974,5,1000022,direct_full,osm,22
1.0,0.0625688657164573,0.0319519666439951,7,1000022,direct_full,osm,22
0.1004109153248165,0.0580460578203201,0.0220936410985269,5,1000022,direct_full,osm,22
0.5618621855192851,0.0567587725818157,0.0392958073954662,3,1000022,direct_full,osm,22
1.0,0.3931889533996582,0.0138208224252822,6,1000022,direct_full,osm,22
1.1944932526430918e-06,0.053373385220766,1.011949318555604e-07,1,1000022,direct_full,osm,22
1.0,0.9805880188941956,0.001021395638292,6,1000022,direct_full,osm,22
1.0,0.9671259522438048,0.0185905656338218,7,1000022,direct_full,osm,22
0.0524912248267336,0.0609063208103179,0.0132734045377608,6,1000022,direct_full,osm,22
0.096356870165787,0.1264501959085464,0.0066121487741194,3,1000022,direct_full,osm,22
0.0406610291429626,0.0550604648888111,0.0027764002588903,2,1000022,direct_full,osm,22
1.0,0.97563236951828,0.0195058249834439,5,1000022,direct_full,osm,22
0.101507390542377,0.0939394906163215,0.0032017527400825,5,1000022,direct_full,osm,22
0.004139607429631,0.0559180527925491,0.001587577733914,3,1000022,direct_full,osm,22
1.0,0.981442391872406,0.0010101487384279,5,1000022,direct_full,osm,22
0.0152428417699717,0.0546567179262638,0.0041577626575225,2,1000022,direct_full,osm,22
0.0012337919862523,0.0532059408724308,0.0005542731651838,1,1000022,direct_full,osm,22
1.0,0.9797995686531068,0.0077255094798333,8,1000022,direct_full,osm,22
1.0,0.0635951831936836,0.0446799071216366,8,1000022,direct_full,osm,22
1.0,0.9755334258079528,0.0047468290809075,4,1000022,direct_full,osm,22
1.0,0.9740110635757446,0.0129059240158892,4,1000022,direct_full,osm,22
0.003453790204041,0.056020114570856,0.0009131732929925,3,1000022,direct_full,osm,22
0.0024119239656386,0.054735217243433,0.0008986770979651,2,1000022,direct_full,osm,22
1.0,0.979446291923523,0.0999877658070129,7,1000022,direct_full,osm,22
0.3549696699507438,0.0636453256011009,0.0073723697546857,5,1000022,direct_full,osm,22
0.0092482295618965,0.0551861934363842,0.0018261009233536,2,1000022,direct_full,osm,22
0.096623724418568,0.1326489150524139,0.0172404259360675,7,1000022,direct_full,osm,22
0.0249053678839179,0.0589341707527637,0.0067796819960241,4,1000022,direct_full,osm,22
1.0,0.9743883609771729,0.0020745460876886,3,1000022,direct_full,osm,22
1.0,0.9642041325569152,0.0294255220009244,6,1000022,direct_full,osm,22
1.0,0.975238561630249,0.036595442436025,7,1000022,direct_full,osm,22
1.0,0.9764169454574584,0.0069026801700126,8,1000022,direct_full,osm,22
1.0,0.9818285703659058,0.0390352210014717,6,1000022,direct_full,osm,22
1.0,0.976443350315094,0.0121278404544656,5,1000022,direct_full,osm,22
0.0018289407942931,0.0535432584583759,0.0007527824414005,1,1000022,direct_full,osm,22
1.0,0.982601761817932,0.0066638406146562,5,1000022,direct_full,osm,22
1.0,0.0642629787325859,0.1091836942822152,8,1000022,direct_full,osm,22
1.0,0.976246178150177,0.0025232002648018,3,1000022,direct_full,osm,22
1.0,0.9737764596939088,0.0054806325351498,4,1000022,direct_full,osm,22
0.0010806962141624,0.05391201749444,0.0003816159156833,1,1000022,direct_full,osm,22
0.7178453325663612,0.0616519004106521,0.0290024465166473,7,1000022,direct_full,osm,22
1.0,0.9774286150932312,0.0104814099691498,8,1000022,direct_full,osm,22
1.0,0.0574909262359142,0.0065099111390086,4,1000022,direct_full,osm,22
1.0,0.9755355715751648,0.0051600506377164,4,1000022,direct_full,osm,22
0.0168836304490609,0.0996242091059684,0.0015027124417553,2,1000022,direct_full,osm,22
0.0185030660062668,0.0549849793314933,0.0020641143515678,2,1000022,direct_full,osm,22
2.967537254594532e-06,0.053375244140625,5.172639377939366e-07,1,1000022,direct_full,osm,22
1.0,0.9753583073616028,0.0254204233939,7,1000022,direct_full,osm,22
1.0,0.9800565838813782,0.0151651225327989,8,1000022,direct_full,osm,22
1.0,0.973952293395996,4.645516922675615e-05,1,1000022,direct_full,osm,22
1.0,0.976805567741394,0.0159209991813197,7,1000022,direct_full,osm,22
0.0261255771742024,0.0550043694674968,0.0153494546921364,2,1000022,direct_full,osm,22
0.0210335016215947,0.0576245784759521,0.008902418010754,4,1000022,direct_full,osm,22
1.0,0.9671475291252136,0.0038814276796852,5,1000022,direct_full,osm,22
0.0080022783041793,0.0549639239907264,0.0010340053354778,2,1000022,direct_full,osm,22
1.0,0.9763990044593812,0.0226153735756123,6,1000022,direct_full,osm,22
0.0791483345720144,0.063997559249401,0.0420390388583239,7,1000022,direct_full,osm,22
0.0001767938654594,0.0545189306139946,5.3835804801453055e-05,2,1000022,direct_full,osm,22
4.744199803452531e-06,0.0563117079436779,2.3079325460334308e-06,3,1000022,direct_full,osm,22
1.0,0.9775919318199158,0.0150444799020029,7,1000022,direct_full,osm,22
0.0122149196511756,0.0533855333924293,0.005551871298638,1,1000022,direct_full,osm,22
1.0,0.967126965522766,0.0139149096711293,8,1000022,direct_full,osm,22
1.0,0.9772529006004332,0.0848761515021653,8,1000022,direct_full,osm,22
1.0,0.9647446274757384,0.0075422350265901,7,1000022,direct_full,osm,22
1.0,0.976341962814331,0.0590852773341261,6,1000022,direct_full,osm,22
1.0,0.9737372398376464,7.467837207358011e-05,1,1000022,direct_full,osm,22
1.0,0.9764248132705688,0.135000551219476,6,1000022,direct_full,osm,22
1.0,0.9763956069946288,0.019585060890409,6,1000022,direct_full,osm,22
1.0,0.9711516499519348,0.0102922023627275,6,1000022,direct_full,osm,22
5.496675320859623e-05,0.0576065070927143,2.2123146170424443e-05,1,1000022,direct_full,osm,22
1.0,0.9737995266914368,0.0062459904578754,6,1000022,direct_full,osm,22
1.0,0.9810171723365784,0.0050414537769895,2,1000022,direct_full,osm,22
0.0255128415265319,0.0550199151039123,0.0013477975735442,2,1000022,direct_full,osm,22
1.0,0.9672159552574158,0.1436701044794212,8,1000022,direct_full,osm,22
1.0,0.977153182029724,1.509416376882741e-06,1,1000022,direct_full,osm,22
0.0671614482111822,0.0546323396265506,0.0042510484659272,2,1000022,direct_full,osm,22
1.0,0.966727614402771,0.0170562247304369,4,1000022,direct_full,osm,22
1.0,0.9776440262794496,0.0106162249026285,8,1000022,direct_full,osm,22
1.0,0.97563499212265,0.0819622769197602,3,1000022,direct_full,osm,22
1.0,0.9779880046844482,0.0076953498777035,8,1000022,direct_full,osm,22
1.0,0.981811821460724,0.1337459261139945,5,1000022,direct_full,osm,22
0.0988722863169444,0.0549698919057846,0.0055458828107962,2,1000022,direct_full,osm,22
1.0,0.979541838169098,0.0308956892529175,8,1000022,direct_full,osm,22
1.0,0.0638201385736465,0.0942052265774255,8,1000022,direct_full,osm,22
0.1109456319929681,0.0562907680869102,0.0550967200043272,3,1000022,direct_full,osm,22
0.5055506804777129,0.0546565800905227,0.0030364812071421,2,1000022,direct_full,osm,22
1.0,0.9752320647239684,0.124106131060087,3,1000022,direct_full,osm,22
0.0060763697423074,0.0592488385736942,0.0033295232894558,4,1000022,direct_full,osm,22
1.0,0.9744491577148438,0.002550558727399,8,1000022,direct_full,osm,22
1.0,0.9801816344261168,0.0017993845893316,6,1000022,direct_full,osm,22
1.0,0.980415105819702,0.016663244454453,4,1000022,direct_full,osm,22
1.0,0.9777998924255372,0.071775843966098,6,1000022,direct_full,osm,22
1.0,0.0587201155722141,0.0412094711947009,5,1000022,direct_full,osm,22
0.0353068913006345,0.0616935566067695,0.0116499559696186,7,1000022,direct_full,osm,22
0.5536822712484293,0.0575941987335681,0.1251932279874953,4,1000022,direct_full,osm,22
1.0,0.3921180069446563,0.0074213945032331,5,1000022,direct_full,osm,22
0.6680460131765696,0.0627332106232643,0.0679970053733476,7,1000022,direct_full,osm,22
1.0,0.9767539501190186,0.0131854556346617,8,1000022,direct_full,osm,22
0.6072203967256453,0.0587943382561206,0.0520363347333689,5,1000022,direct_full,osm,22
1.0,0.9767764806747437,0.00565536742054,3,1000022,direct_full,osm,22
1.0,0.9802640676498412,0.0020369498933121,4,1000022,direct_full,osm,22
1.0,0.9636444449424744,0.0033960429376764,4,1000022,direct_full,osm,22
0.0652340546681948,0.0556400083005428,0.0058871264011397,3,1000022,direct_full,osm,22
1.0,0.976909875869751,0.0438451325221288,6,1000022,direct_full,osm,22
1.0,0.977780282497406,0.0047371358263368,7,1000022,direct_full,osm,22
1.0,0.9764177799224854,0.0938581400013631,7,1000022,direct_full,osm,22
1.0,0.9718039631843568,0.0049846003372971,3,1000022,direct_full,osm,22
1.0,0.9716633558273317,0.0002289789113383,5,1000022,direct_full,osm,22
1.0,0.963628888130188,0.00758260562506,6,1000022,direct_full,osm,22
1.0,0.9770607948303224,0.1128037303194877,7,1000022,direct_full,osm,22
1.0,0.9777910113334656,0.0281508769099735,6,1000022,direct_full,osm,22
1.0,0.9641624689102172,0.0013921346387324,3,1000022,direct_full,osm,22
1.0,0.9791993498802184,0.0008955571850381,7,1000022,direct_full,osm,22
0.0297215226649764,0.0545154772698879,0.009924063277781,2,1000022,direct_full,osm,22
0.7142370445617534,0.0605437383055686,0.0255256813076203,6,1000022,direct_full,osm,22
1.0,0.9810784459114076,0.018075623009035,6,1000022,direct_full,osm,22
1.0,0.9800405502319336,0.0436659906582029,6,1000022,direct_full,osm,22
0.6293463348956856,0.0549524687230587,0.0234448921429868,2,1000022,direct_full,osm,22
1.0,0.0612084828317165,0.1091107637624466,5,1000022,direct_full,osm,22
1.0,0.9642144441604614,0.0067435445957689,6,1000022,direct_full,osm,22
0.5782059616210586,0.0599615350365638,0.1453678196130101,5,1000022,direct_full,osm,22
0.0179093140336461,0.0564473681151866,0.0022080475987702,3,1000022,direct_full,osm,22
0.0582594083894187,0.0636293292045593,0.0204400262729786,8,1000022,direct_full,osm,22
1.0,0.9763619303703308,0.0140648734737886,7,1000022,direct_full,osm,22
5.231218480616917e-07,0.053379651159048,7.556975553316369e-08,1,1000022,direct_full,osm,22
1.0,0.054972693324089,0.0065295627646762,2,1000022,direct_full,osm,22
1.0,0.9794653058052064,0.0008644637769688,2,1000022,direct_full,osm,22
1.0,0.9666140079498292,7.498400060359233e-05,2,1000022,direct_full,osm,22
1.0,0.977106750011444,0.0840970871295419,6,1000022,direct_full,osm,22
0.0011188595382847,0.0531046092510223,0.0001259294921825,1,1000022,direct_full,osm,22
0.0645246712103525,0.055630762130022,0.0056512208009816,3,1000022,direct_full,osm,22
0.6898106618323505,0.0611131340265274,0.1016986395733126,6,1000022,direct_full,osm,22
0.0083007874767945,0.0535667054355144,0.0006683548796551,1,1000022,direct_full,osm,22
0.0139849567985723,0.0535688363015651,0.0065845499432013,1,1000022,direct_full,osm,22
1.0,0.9818013310432434,0.0070456312930801,6,1000022,direct_full,osm,22
0.6009422175300472,0.1154016256332397,0.0544049628419273,8,1000022,direct_full,osm,22
1.0,0.9752208590507508,0.0064434078997277,2,1000022,direct_full,osm,22
1.0,0.9768185615539552,0.0023850088242673,5,1000022,direct_full,osm,22
0.375751529011269,0.0609074085950851,0.0065331019392025,6,1000022,direct_full,osm,22
0.4215249159356058,0.0549685545265674,0.0053641488570457,2,1000022,direct_full,osm,22
1.0,0.971238911151886,0.0053044627004421,7,1000022,direct_full,osm,22
1.0,0.966601312160492,0.0216470434416584,5,1000022,direct_full,osm,22
0.0085123091141061,0.0595075115561485,0.0023949433892865,5,1000022,direct_full,osm,22
0.0645422531655747,0.0593001432716846,0.0320678464867197,5,1000022,direct_full,osm,22
0.0011188595382847,0.0531046092510223,0.0001259294921825,1,1000022,direct_full,osm,22
1.0,0.97740375995636,0.1255154697295354,7,1000022,direct_full,osm,22
1.0,0.9666253924369812,0.0015060167247702,2,1000022,direct_full,osm,22
1.0,0.9802103638648988,0.0041665940874793,7,1000022,direct_full,osm,22
1.0,0.0601223148405551,0.0252120643916463,5,1000022,direct_full,osm,22
0.002456896093271,0.0532135926187038,0.0014134341111018,1,1000022,direct_full,osm,22
0.0638990349683662,0.0604438334703445,0.0325591408008452,6,1000022,direct_full,osm,22
1.0,0.9802308678627014,0.0429988502326407,8,1000022,direct_full,osm,22
1.0,0.9763855934143066,1.8890188354178791e-06,1,1000022,direct_full,osm,22
0.0282597870268177,0.0583617575466632,0.0072751058676985,4,1000022,direct_full,osm,22
1.0,0.9818235635757446,0.0013982852169383,8,1000022,direct_full,osm,22
1.0,0.9762659072875975,0.010362940408929,7,1000022,direct_full,osm,22
1.0,0.9798491597175598,0.0711059544593881,7,1000022,direct_full,osm,22
1.0,0.9753322005271912,0.0004174049556112,5,1000022,direct_full,osm,22
0.1557400598357285,0.0634680166840553,0.0313583289159508,8,1000022,direct_full,osm,22
0.0179122024077859,0.0546250790357589,0.0029363882439664,2,1000022,direct_full,osm,22
0.0288537754620598,0.090469017624855,0.0088329106460746,4,1000022,direct_full,osm,22
0.0384177688022483,0.237452745437622,0.0119226304503776,8,1000022,direct_full,osm,22
0.0088033412522382,0.0580626912415027,0.0026116123830197,4,1000022,direct_full,osm,22
1.0,0.9665915369987488,0.0145492512222551,6,1000022,direct_full,osm,22
1.0,0.9774568676948548,0.0204056141360546,7,1000022,direct_full,osm,22
1.0,0.9637065529823304,0.0231649286710416,5,1000022,direct_full,osm,22
0.0088966690799848,0.0555829964578151,0.0033148090209054,2,1000022,direct_full,osm,22
0.265937800087012,0.059634156525135,0.0488504392419353,6,1000022,direct_full,osm,22
0.0046892191125932,0.0539098642766475,0.0009616162273236,1,1000022,direct_full,osm,22
0.638991904783758,0.0575926825404167,0.0304353916806759,4,1000022,direct_full,osm,22
0.013597470609899,0.0618222467601299,0.0050554776531671,7,1000022,direct_full,osm,22
0.6610937299036866,0.0533684380352497,0.0559455850567669,1,1000022,direct_full,osm,22
0.0611811649284678,0.0571547858417034,0.009012238847247,3,1000022,direct_full,osm,22
0.0289222598220337,0.0535743311047554,0.0118903849501182,1,1000022,direct_full,osm,22
1.0,0.9671082496643066,0.015789036513351,5,1000022,direct_full,osm,22
0.7127446033018017,0.0573975704610347,0.0918496742009207,4,1000022,direct_full,osm,22
1.0,0.9647010564804076,0.061524847209212,7,1000022,direct_full,osm,22
0.0088223999340112,0.0530009791254997,0.0052792752832526,1,1000022,direct_full,osm,22
1.0,0.9711135625839232,0.0780993475815776,5,1000022,direct_full,osm,22
1.0,0.9669795036315918,0.0016381599195545,6,1000022,direct_full,osm,22
0.034034217618444,0.0533853359520435,0.0164497554056014,1,1000022,direct_full,osm,22
1.0,0.9799178242683412,0.0378337663756462,8,1000022,direct_full,osm,22
1.0,0.9804838299751282,0.0042470090603038,7,1000022,direct_full,osm,22
0.000429112800577,0.0533894971013069,2.3308864453148737e-05,1,1000022,direct_full,osm,22
1.0,0.9769657254219056,2.9584240906008803e-08,1,1000022,direct_full,osm,22
0.0006593882559656,0.053208440542221,0.0003271665305768,1,1000022,direct_full,osm,22
1.0,0.9810261130332948,0.0097080281265014,7,1000022,direct_full,osm,22
0.009274697776067,0.0550066865980625,0.0034730052434638,2,1000022,direct_full,osm,22
1.0,0.967191219329834,0.0650007925256996,7,1000022,direct_full,osm,22
1.0,0.0550025217235088,0.0050512894787456,2,1000022,direct_full,osm,22
0.0895616449529855,0.060395672917366,0.008503540721293,6,1000022,direct_full,osm,22
1.0,0.9637383818626404,0.0235550219220276,7,1000022,direct_full,osm,22
0.0144971372464125,0.0544680617749691,0.0041547784466318,2,1000022,direct_full,osm,22
1.0,0.9764052629470824,0.1250366871719281,4,1000022,direct_full,osm,22
1.0,0.9740270376205444,0.0070582901459584,5,1000022,direct_full,osm,22
1.0,0.9778311252593994,0.006136867448268,8,1000022,direct_full,osm,22
0.0486585314785547,0.0599138215184211,0.015328604726501,6,1000022,direct_full,osm,22
0.0031611493216653,0.0548039898276329,0.0014495453314789,2,1000022,direct_full,osm,22
0.0671222932207218,0.0586458928883075,0.0318441748482028,5,1000022,direct_full,osm,22
1.0,0.9768311977386476,0.0474529296369091,7,1000022,direct_full,osm,22
1.0,0.97637140750885,0.0374542800262513,6,1000022,direct_full,osm,22
1.0,0.9764224290847778,0.0046215936346794,3,1000022,direct_full,osm,22
1.0,0.0576340034604072,0.0074861132652653,4,1000022,direct_full,osm,22
0.5326884996275778,0.105254516005516,0.0823348044418889,4,1000022,direct_full,osm,22
0.0714820725355612,0.0859290435910224,0.0139995451055969,6,1000022,direct_full,osm,22
0.177027416322177,0.0563013590872287,0.0009871546188106,3,1000022,direct_full,osm,22
0.0037627562180995,0.047438520938158,0.002050244620539,1,3,direct_no_fiedler,synthetic,22
0.1130331516711915,0.0504461973905563,0.0851544798011825,2,3,direct_no_fiedler,synthetic,22
0.0022566456871628,0.0456674434244632,0.001898840436203,1,3,direct_no_fiedler,synthetic,22
0.0219276513167809,0.1020855158567428,0.0148260815964024,5,3,direct_no_fiedler,synthetic,22
0.0094355976664578,0.0638890787959098,0.0066856734267893,5,3,direct_no_fiedler,synthetic,22
0.0405516881255595,0.0662553608417511,0.0293971285423595,6,3,direct_no_fiedler,synthetic,22
0.0318647734251168,0.0674908831715583,0.0220785407123194,6,3,direct_no_fiedler,synthetic,22
5.942981197049058e-06,0.045641116797924,4.847812125817253e-06,1,3,direct_no_fiedler,synthetic,22
0.011372674111399,0.1225532889366149,0.0071496878268857,4,3,direct_no_fiedler,synthetic,22
0.0917382242639235,0.0868976488709449,0.0467755368312822,8,3,direct_no_fiedler,synthetic,22
0.0024523908629041,0.0604951232671737,0.0018115733291235,5,3,direct_no_fiedler,synthetic,22
0.1285819477583888,0.0678036883473396,0.0809955821923777,6,3,direct_no_fiedler,synthetic,22
0.000756925166325,0.0514393523335456,0.0003687299485172,2,3,direct_no_fiedler,synthetic,22
0.030250427445175,0.0822088569402694,0.0204447083612134,6,3,direct_no_fiedler,synthetic,22
0.1131291164466851,0.0673053562641143,0.0727980508996118,6,3,direct_no_fiedler,synthetic,22
0.0618657588668586,0.0850801467895507,0.0385951447901549,8,3,direct_no_fiedler,synthetic,22
0.0029606952218407,0.0474376119673252,0.0019463342098482,1,3,direct_no_fiedler,synthetic,22
0.2033690904874349,0.063403196632862,0.1282691306756013,5,3,direct_no_fiedler,synthetic,22
0.0434143583186854,0.0802365466952323,0.0313415302304415,7,3,direct_no_fiedler,synthetic,22
0.0651477908415718,0.062551200389862,0.041370248392764,4,3,direct_no_fiedler,synthetic,22
0.0009550953004976,0.0488459281623363,0.0006289076050775,3,6,direct_no_fiedler,synthetic,22
0.005863361585976,0.0606508180499076,0.0036219349200964,7,6,direct_no_fiedler,synthetic,22
0.0082910403085149,0.0632228106260299,0.0065155478928613,8,6,direct_no_fiedler,synthetic,22
0.0023108366745574,0.0580230504274368,0.0017572154872403,7,6,direct_no_fiedler,synthetic,22
5.192511888907347e-06,0.0449068062007427,4.226152162632501e-06,1,6,direct_no_fiedler,synthetic,22
0.1954991094406072,0.0641004368662834,0.1505242327247672,8,6,direct_no_fiedler,synthetic,22
0.0016132860463433,0.0510106235742569,0.0012722689859217,4,6,direct_no_fiedler,synthetic,22
0.0027043747997714,0.04800646007061,0.0020514804369059,3,6,direct_no_fiedler,synthetic,22
0.0064090866030837,0.0625752508640289,0.0051103119702932,8,6,direct_no_fiedler,synthetic,22
0.0021995346451156,0.0562287010252475,0.0018717392671151,6,6,direct_no_fiedler,synthetic,22
0.0092866165926116,0.0619976893067359,0.0055182779584123,7,6,direct_no_fiedler,synthetic,22
0.0023465388890626,0.0510197654366493,0.0016168274218717,3,6,direct_no_fiedler,synthetic,22
0.0045345296410593,0.0484214685857296,0.0030190926334537,3,6,direct_no_fiedler,synthetic,22
0.0052112364735518,0.0493746846914291,0.0027585655987117,3,6,direct_no_fiedler,synthetic,22
0.0106099436783391,0.1443447768688202,0.0031025014737156,6,6,direct_no_fiedler,synthetic,22
0.0054139850441574,0.0570974983274936,0.0047030594512619,7,6,direct_no_fiedler,synthetic,22
0.0017393950546151,0.0557146444916725,0.0014303550690725,7,6,direct_no_fiedler,synthetic,22
0.0025240273368245,0.0573162287473678,0.0019542061174719,6,6,direct_no_fiedler,synthetic,22
0.0058986529508003,0.0523429252207279,0.0043328336443808,5,6,direct_no_fiedler,synthetic,22
0.0050132651029456,0.0546631328761577,0.0039791056059501,6,6,direct_no_fiedler,synthetic,22
0.2126035492701072,0.0557690784335136,0.1020813948985673,3,10,direct_no_fiedler,synthetic,22
0.0065943052015283,0.0733180418610572,0.0043514351793669,6,10,direct_no_fiedler,synthetic,22
0.0261355354669083,0.0599756017327308,0.0144299522935981,4,10,direct_no_fiedler,synthetic,22
0.0563662609423462,0.0559558644890785,0.0400775866342763,3,10,direct_no_fiedler,synthetic,22
0.0592301499678968,0.0494649149477481,0.0410801090572905,2,10,direct_no_fiedler,synthetic,22
0.1248672508551955,0.0710977911949157,0.0728893132071399,6,10,direct_no_fiedler,synthetic,22
0.2303120857218921,0.0785241946578025,0.1560660336286525,6,10,direct_no_fiedler,synthetic,22
0.2460426892894408,0.1027002558112144,0.1366961368658946,8,10,direct_no_fiedler,synthetic,22
0.0322584150350958,0.0683669745922088,0.0208109532687041,5,10,direct_no_fiedler,synthetic,22
0.1610317614681061,0.097278706729412,0.1224791973287835,8,10,direct_no_fiedler,synthetic,22
0.0096990092979827,0.0472307838499546,0.0069523161866108,1,10,direct_no_fiedler,synthetic,22
0.1170337413907574,0.0548193454742431,0.0784777155553707,3,10,direct_no_fiedler,synthetic,22
1.0,0.999974489212036,0.0035171853141457,2,10,direct_no_fiedler,synthetic,22
0.097475976180408,0.0686142146587371,0.0358675934523071,5,10,direct_no_fiedler,synthetic,22
0.0137826121758021,0.2630346119403839,0.008979429122961,6,10,direct_no_fiedler,synthetic,22
0.1057852678102332,0.0679372921586036,0.0499812999272877,4,10,direct_no_fiedler,synthetic,22
0.0027547140118014,0.0509410947561264,0.0021242802978717,2,10,direct_no_fiedler,synthetic,22
0.1421000367655532,0.0563444569706916,0.0926995145580621,3,10,direct_no_fiedler,synthetic,22
0.0135983592564074,0.0586279220879077,0.0085866541615143,4,10,direct_no_fiedler,synthetic,22
0.0141680131950213,0.0506279580295085,0.0084834361728271,2,10,direct_no_fiedler,synthetic,22
0.0012849293140838,0.0484670773148536,0.000713100842825,1,15,direct_no_fiedler,synthetic,22
1.0,0.999991536140442,0.0082876404314236,3,15,direct_no_fiedler,synthetic,22
0.0291061217162595,0.0504345968365669,0.0210449621142258,2,15,direct_no_fiedler,synthetic,22
0.0155167010029499,0.1063206568360328,0.0104034668709788,8,15,direct_no_fiedler,synthetic,22
0.001606303968755,0.0562000162899494,0.0013483432428239,3,15,direct_no_fiedler,synthetic,22
1.0,0.0874748080968856,0.3261406487577273,7,15,direct_no_fiedler,synthetic,22
0.0155443501925272,0.0888012647628784,0.0056041600982728,6,15,direct_no_fiedler,synthetic,22
0.0126885248305489,0.0464869998395442,0.0095707944618515,1,15,direct_no_fiedler,synthetic,22
1.0,0.9999510049819946,0.0032287066315407,7,15,direct_no_fiedler,synthetic,22
0.0391734221261237,0.0619757063686847,0.0260030007868828,4,15,direct_no_fiedler,synthetic,22
0.0037954600645403,0.0511147379875183,0.0027587592432369,2,15,direct_no_fiedler,synthetic,22
0.0026981554096913,0.0706378817558288,0.0019957234060342,7,15,direct_no_fiedler,synthetic,22
0.0024954513339944,0.0662266016006469,0.0016227004124392,5,15,direct_no_fiedler,synthetic,22
0.001210963761011,0.0680773183703422,0.0008535565527292,5,15,direct_no_fiedler,synthetic,22
0.0435243135175857,0.0791072323918342,0.02547667952582,7,15,direct_no_fiedler,synthetic,22
0.0102576863365939,0.046706274151802,0.0074929991412236,1,15,direct_no_fiedler,synthetic,22
0.009546015187929,0.0787767544388771,0.006552967470458,5,15,direct_no_fiedler,synthetic,22
0.000117411085778,0.0537913888692855,0.0001024569457123,3,15,direct_no_fiedler,synthetic,22
0.0694259413555821,0.1029158532619476,0.0213481603195499,7,15,direct_no_fiedler,synthetic,22
0.0001069362454275,0.0452431626617908,6.286480921628778e-05,1,15,direct_no_fiedler,synthetic,22
0.3572970706351481,0.0630875006318092,0.05801546771935,5,17,direct_no_fiedler,synthetic,22
0.1300111309707372,0.3312208950519562,0.0837648374705596,6,17,direct_no_fiedler,synthetic,22
0.0093137864359703,0.0607641190290451,0.0045906785473854,3,17,direct_no_fiedler,synthetic,22
0.1934640202105749,0.0852067694067955,0.0093211807660127,8,17,direct_no_fiedler,synthetic,22
0.0099578849916629,0.0707951486110687,0.0043887315157645,5,17,direct_no_fiedler,synthetic,22
0.0121990972203278,0.0715216919779777,0.0074252012887976,6,17,direct_no_fiedler,synthetic,22
0.0148516523349753,0.0733991414308548,0.009873128263517,6,17,direct_no_fiedler,synthetic,22
0.002597065651663,0.0780716389417648,0.0017696233486178,7,17,direct_no_fiedler,synthetic,22
0.004788729967134,0.0754122212529182,0.0033277187019767,6,17,direct_no_fiedler,synthetic,22
1.7016724772056513e-05,0.047934640198946,1.069535224543324e-05,1,17,direct_no_fiedler,synthetic,22
4.072919027708899e-06,0.0514796450734138,2.400627745242189e-06,2,17,direct_no_fiedler,synthetic,22
0.0180784618512459,0.3963742554187774,0.01039496224349,8,17,direct_no_fiedler,synthetic,22
0.0228008721555021,0.0673035010695457,0.0154378846035526,5,17,direct_no_fiedler,synthetic,22
0.0015711776843215,0.0467367023229599,0.0011226683861747,1,17,direct_no_fiedler,synthetic,22
1.5117697268030028e-05,0.0476045571267604,7.71365092333637e-06,1,17,direct_no_fiedler,synthetic,22
0.0150831833787152,0.0656139552593231,0.0040590287551595,4,17,direct_no_fiedler,synthetic,22
0.0064347502042269,0.0728004053235054,0.0050094451959674,6,17,direct_no_fiedler,synthetic,22
8.126916168516019e-05,0.0458770655095577,6.577823992625643e-05,1,17,direct_no_fiedler,synthetic,22
0.0002943236432306,0.0464438572525978,0.0002398391079985,1,17,direct_no_fiedler,synthetic,22
0.0038470581742858,0.0766679719090461,0.0017238181371535,6,17,direct_no_fiedler,synthetic,22
0.0338722949219579,0.0720613896846771,0.0245823149603582,7,23,direct_no_fiedler,synthetic,22
0.0024712356537887,0.0449138432741165,0.0019581972102008,1,23,direct_no_fiedler,synthetic,22
0.0207595831557773,0.059414979070425,0.0134427591869867,6,23,direct_no_fiedler,synthetic,22
0.0133114707024545,0.0573411956429481,0.0075112401512898,4,23,direct_no_fiedler,synthetic,22
0.0661206281518311,0.0668430477380752,0.0528315782431023,7,23,direct_no_fiedler,synthetic,22
0.0489791806789638,0.0547867156565189,0.0209532546301089,3,23,direct_no_fiedler,synthetic,22
0.0395280880943188,0.0742118433117866,0.0269610006282055,8,23,direct_no_fiedler,synthetic,22
0.0566375635640049,0.0610484518110752,0.0417053921357668,6,23,direct_no_fiedler,synthetic,22
0.0101049946575264,0.0481978952884674,0.0043598279222349,2,23,direct_no_fiedler,synthetic,22
0.1328441078880538,0.0711633488535881,0.0828880885440486,8,23,direct_no_fiedler,synthetic,22
0.0127821673532556,0.0636176392436027,0.0096877557880538,7,23,direct_no_fiedler,synthetic,22
0.062400895790077,0.0536113753914833,0.0445892877094821,4,23,direct_no_fiedler,synthetic,22
0.0128019084345226,0.0543161295354366,0.0080049290733615,3,23,direct_no_fiedler,synthetic,22
0.1079728987011858,0.0553364492952823,0.0514892030719483,3,23,direct_no_fiedler,synthetic,22
0.0859544684699165,0.0736287236213684,0.0578409947342963,8,23,direct_no_fiedler,synthetic,22
0.0895530444638974,0.0609231851994991,0.046054318846628,4,23,direct_no_fiedler,synthetic,22
0.0003048524157177,0.0524944178760051,0.0002591025879292,3,23,direct_no_fiedler,synthetic,22
0.0637898538507295,0.0671077072620391,0.0307634443187993,7,23,direct_no_fiedler,synthetic,22
0.0146274143124873,0.0482104532420635,0.0107018130142715,2,23,direct_no_fiedler,synthetic,22
0.0079650055503679,0.0483547374606132,0.006065950441435,2,23,direct_no_fiedler,synthetic,22
0.0036400504427909,0.1671633571386337,0.0024648396559821,3,29,direct_no_fiedler,synthetic,22
0.3083967085187746,0.0788342133164405,0.1591187361808148,7,29,direct_no_fiedler,synthetic,22
0.0018153063796177,0.1369761675596237,0.0008884202434763,5,29,direct_no_fiedler,synthetic,22
0.2988665159908542,0.089304931461811,0.1547044690734427,7,29,direct_no_fiedler,synthetic,22
0.2371777898551849,0.0573564581573009,0.1327342158910575,4,29,direct_no_fiedler,synthetic,22
0.0178156349599533,0.1027131527662277,0.0116502147716166,6,29,direct_no_fiedler,synthetic,22
0.0072003803949544,0.0591035410761833,0.0040486962228476,4,29,direct_no_fiedler,synthetic,22
0.2482407891800762,0.0864056125283241,0.1506797216116614,7,29,direct_no_fiedler,synthetic,22
0.0302331625920824,0.1208223775029182,0.0169335442042792,5,29,direct_no_fiedler,synthetic,22
0.000580803875416,0.0462631322443485,0.0003929284524999,1,29,direct_no_fiedler,synthetic,22
0.0022636041812852,0.0471701622009277,0.00158428908122,1,29,direct_no_fiedler,synthetic,22
0.0025812997032561,0.0965761169791221,0.0012335359720942,5,29,direct_no_fiedler,synthetic,22
0.0033613902035501,0.1054181680083274,0.0021582788296387,6,29,direct_no_fiedler,synthetic,22
0.0270590198815197,0.0540273450314998,0.0168888422578456,3,29,direct_no_fiedler,synthetic,22
0.0017812130355868,0.0567972175776958,0.0011851633046511,3,29,direct_no_fiedler,synthetic,22
0.0084920039467032,0.0677177831530571,0.0052414288222157,5,29,direct_no_fiedler,synthetic,22
0.0157866813972004,0.0460165478289127,0.0120388467418508,1,29,direct_no_fiedler,synthetic,22
0.0340597555421958,0.0722478628158569,0.0198786765563759,5,29,direct_no_fiedler,synthetic,22
0.027982594716343,0.0522292740643024,0.0162587186812045,2,29,direct_no_fiedler,synthetic,22
0.2129043163110618,0.0788112953305244,0.1315589886264031,6,29,direct_no_fiedler,synthetic,22
6.696592935184764e-05,0.0458340011537075,5.589936655268872e-05,1,31,direct_no_fiedler,synthetic,22
0.0207851507598978,0.0676702037453651,0.0146794791648751,5,31,direct_no_fiedler,synthetic,22
0.02069012690963,0.0680901184678077,0.0148937014005214,7,31,direct_no_fiedler,synthetic,22
0.0002414400748294,0.0516320131719112,0.0001677238092483,3,31,direct_no_fiedler,synthetic,22
8.582831766368315e-05,0.0529207922518253,5.899493508159562e-05,2,31,direct_no_fiedler,synthetic,22
0.0030334447782773,0.0592535883188247,0.0015316026967257,3,31,direct_no_fiedler,synthetic,22
0.0168670610714607,0.0656539946794509,0.0118532222571954,6,31,direct_no_fiedler,synthetic,22
0.0018955530059855,0.0619175992906093,0.0013880718809304,4,31,direct_no_fiedler,synthetic,22
0.0435839993836044,0.0778857916593551,0.0229243466330526,7,31,direct_no_fiedler,synthetic,22
0.0199468935371401,0.0540871545672416,0.0142766591755232,3,31,direct_no_fiedler,synthetic,22
0.0186132191154319,0.0552315451204776,0.0115788310628969,3,31,direct_no_fiedler,synthetic,22
0.0011938365550838,0.0483004190027713,0.0008663674177812,1,31,direct_no_fiedler,synthetic,22
8.783716832583277e-05,0.0454285331070423,7.293098008503502e-05,1,31,direct_no_fiedler,synthetic,22
0.0520650972630548,0.2812518179416656,0.0300119712011174,5,31,direct_no_fiedler,synthetic,22
0.0066687198603406,0.0592360459268093,0.0047102435440305,4,31,direct_no_fiedler,synthetic,22
0.0192814916924621,0.0650170817971229,0.0128694965261396,5,31,direct_no_fiedler,synthetic,22
0.0194865386457278,0.0527750849723815,0.0120026624472114,2,31,direct_no_fiedler,synthetic,22
0.0507066955919663,0.0560295395553112,0.0359745327947928,3,31,direct_no_fiedler,synthetic,22
0.0366140642964227,0.0531214289367198,0.0215969425177972,2,31,direct_no_fiedler,synthetic,22
0.0023513749595543,0.0509635768830776,0.0019272337147705,3,31,direct_no_fiedler,synthetic,22
0.022399394766885,0.0513181760907173,0.014394528882262,3,34,direct_no_fiedler,synthetic,22
0.0084480777805968,0.0484233349561691,0.0062084309485579,2,34,direct_no_fiedler,synthetic,22
0.0126898858524235,0.0574477389454841,0.0099531733493213,6,34,direct_no_fiedler,synthetic,22
0.0209539650936548,0.0690959319472312,0.013034273330317,8,34,direct_no_fiedler,synthetic,22
0.0944547396312903,0.0632271319627761,0.0605992039382857,7,34,direct_no_fiedler,synthetic,22
0.0114359382703647,0.0475902929902076,0.0079123931542472,2,34,direct_no_fiedler,synthetic,22
0.0892045438609003,0.0647646561264991,0.0541108118677116,8,34,direct_no_fiedler,synthetic,22
0.0063738220536595,0.0541635900735855,0.0044222037051946,5,34,direct_no_fiedler,synthetic,22
0.0042891908113708,0.0493173524737358,0.0031459158114974,3,34,direct_no_fiedler,synthetic,22
1.0,0.9999901056289672,0.0739385769834135,6,34,direct_no_fiedler,synthetic,22
0.0074861090447116,0.0528874434530735,0.0060495389438913,4,34,direct_no_fiedler,synthetic,22
0.0015186013293349,0.0463525466620922,0.0012888674502009,2,34,direct_no_fiedler,synthetic,22
1.0,0.9999902248382568,0.0291692673670211,8,34,direct_no_fiedler,synthetic,22
0.0421890679546017,0.0616494938731193,0.0242258920289886,6,34,direct_no_fiedler,synthetic,22
0.0029691057461309,0.0459752231836319,0.0019925946171744,1,34,direct_no_fiedler,synthetic,22
0.0133079540917343,0.0679481402039527,0.0075319727814514,6,34,direct_no_fiedler,synthetic,22
0.0709142904155183,0.0505135767161846,0.0501658363887245,3,34,direct_no_fiedler,synthetic,22
0.0029433544315944,0.0467560179531574,0.0024457774576403,2,34,direct_no_fiedler,synthetic,22
1.0,0.3695631027221679,0.2485043868667508,8,34,direct_no_fiedler,synthetic,22
0.0146093117605412,0.0572690218687057,0.0093518119469853,5,34,direct_no_fiedler,synthetic,22
0.000768213046241,0.0473986081779003,0.000472250474974,1,40,direct_no_fiedler,synthetic,22
0.0002435991207128,0.0464271157979965,0.0001925111944845,1,40,direct_no_fiedler,synthetic,22
0.0318342046189059,0.0496993921697139,0.0126674662386092,1,40,direct_no_fiedler,synthetic,22
1.0,0.066219612956047,0.2617816420576628,5,40,direct_no_fiedler,synthetic,22
0.0164852637222224,0.2251439541578292,0.0084332329118496,7,40,direct_no_fiedler,synthetic,22
0.0017256534686684,0.0649440363049507,0.001085571777509,2,40,direct_no_fiedler,synthetic,22
0.000329727289729,0.0860900953412056,0.0001977950958052,2,40,direct_no_fiedler,synthetic,22
0.0435121836610652,0.0857810080051422,0.031943102127142,8,40,direct_no_fiedler,synthetic,22
0.0109185463052811,0.0558012798428535,0.006754280400065,3,40,direct_no_fiedler,synthetic,22
0.0092941165829193,0.0606282204389572,0.0061608162162102,5,40,direct_no_fiedler,synthetic,22
0.0615690632762009,0.1014748737215995,0.0271088088898686,8,40,direct_no_fiedler,synthetic,22
0.0187649175941827,0.056368239223957,0.012183157019507,4,40,direct_no_fiedler,synthetic,22
0.0625933024399478,0.0480723120272159,0.0305091563389507,1,40,direct_no_fiedler,synthetic,22
0.0685638445670427,0.0553214438259601,0.0418507899347367,4,40,direct_no_fiedler,synthetic,22
0.013717723298386,0.0489442497491836,0.009033658948546,2,40,direct_no_fiedler,synthetic,22
1.0,0.999980926513672,0.0057890771901807,4,40,direct_no_fiedler,synthetic,22
0.0861473594941176,0.2500762641429901,0.0607127325912889,8,40,direct_no_fiedler,synthetic,22
0.0274465023601684,0.0898702591657638,0.0185377193221287,4,40,direct_no_fiedler,synthetic,22
0.0284129162684381,0.0655732452869415,0.0198457718827511,6,40,direct_no_fiedler,synthetic,22
1.0,0.1371785104274749,0.2732496653780121,6,40,direct_no_fiedler,synthetic,22
0.012724630578472,0.0477067492902278,0.0088742230185501,1,44,direct_no_fiedler,synthetic,22
0.0034311967756164,0.0482066683471202,0.0024846629416275,1,44,direct_no_fiedler,synthetic,22
1.5739619734222998e-05,0.0466355383396148,1.246785082681152e-05,1,44,direct_no_fiedler,synthetic,22
0.1384006437410643,0.0636910200119018,0.088707983875432,4,44,direct_no_fiedler,synthetic,22
0.1011302545463166,0.0609759166836738,0.0677288049949663,4,44,direct_no_fiedler,synthetic,22
0.0119025372565115,0.0533978305757045,0.0098106038777843,3,44,direct_no_fiedler,synthetic,22
0.0207377725111382,0.0786332562565803,0.014142039374407,7,44,direct_no_fiedler,synthetic,22
0.0789329703105798,0.0635122507810592,0.0576851634953445,5,44,direct_no_fiedler,synthetic,22
0.0434636786429175,0.0932413190603256,0.030454280470967,8,44,direct_no_fiedler,synthetic,22
0.0569047471384028,0.0949496626853942,0.0366693921780577,8,44,direct_no_fiedler,synthetic,22
0.0488432152877719,0.0765943825244903,0.0376993648744396,8,44,direct_no_fiedler,synthetic,22
0.0228648442857098,0.1202301532030105,0.014939271796172,5,44,direct_no_fiedler,synthetic,22
0.016447145425274,0.1013301163911819,0.0095185199788933,3,44,direct_no_fiedler,synthetic,22
0.0492028984816708,0.0787995904684066,0.0245941324303022,8,44,direct_no_fiedler,synthetic,22
0.1370666690983549,0.0670503824949264,0.0874562116397992,5,44,direct_no_fiedler,synthetic,22
0.0121301700934829,0.1293097734451294,0.0076468842052149,6,44,direct_no_fiedler,synthetic,22
0.026167856419685,0.0765368640422821,0.0208498281487337,7,44,direct_no_fiedler,synthetic,22
0.0524343116740282,0.1373725533485412,0.0337713049391349,7,44,direct_no_fiedler,synthetic,22
0.1495271880391856,0.0855475962162017,0.1025068114573359,7,44,direct_no_fiedler,synthetic,22
0.0342689688759397,0.0717063322663307,0.0253496492960212,7,44,direct_no_fiedler,synthetic,22
0.0394201256196692,0.0933388099074363,0.0236596568725716,6,57,direct_no_fiedler,synthetic,22
0.0035534011124135,0.0563964284956455,0.0023399099744614,2,57,direct_no_fiedler,synthetic,22
0.1122434690988463,0.1045129299163818,0.0692885796781642,7,57,direct_no_fiedler,synthetic,22
0.0172951835807373,0.0654977038502693,0.0118651852452128,4,57,direct_no_fiedler,synthetic,22
0.1786590914051413,0.3696818053722381,0.0978037893712225,8,57,direct_no_fiedler,synthetic,22
0.2337133338833064,0.3426266610622406,0.1489928621703076,8,57,direct_no_fiedler,synthetic,22
0.0054748631345057,0.0501618310809135,0.003171719868526,1,57,direct_no_fiedler,synthetic,22
0.0695738314333708,0.0976022407412529,0.0468735392792711,7,57,direct_no_fiedler,synthetic,22
0.0790887815457949,0.0730474665760994,0.05216111993931,5,57,direct_no_fiedler,synthetic,22
0.1106142364622767,0.0606460906565189,0.0675991868702903,3,57,direct_no_fiedler,synthetic,22
0.111646780744828,0.0751518458127975,0.0598134997020716,5,57,direct_no_fiedler,synthetic,22
0.0002681896844064,0.0528963766992092,0.0001974297892402,2,57,direct_no_fiedler,synthetic,22
0.0029945760984877,0.0467137061059474,0.0024238728411659,1,57,direct_no_fiedler,synthetic,22
0.037462282924534,0.0630374327301979,0.0246496844821234,3,57,direct_no_fiedler,synthetic,22
0.1619277316175981,0.4033497273921966,0.1021260540490152,7,57,direct_no_fiedler,synthetic,22
0.0146537330952259,0.2167177200317382,0.0099431986352335,6,57,direct_no_fiedler,synthetic,22
0.067937936384549,0.3076741099357605,0.0318981653442601,8,57,direct_no_fiedler,synthetic,22
0.0044441376877012,0.046920895576477,0.0031214382921205,1,57,direct_no_fiedler,synthetic,22
0.0005351787241967,0.0470890440046787,0.0003959877421302,1,57,direct_no_fiedler,synthetic,22
0.0721262993947439,0.3348657488822937,0.0367854495298498,4,57,direct_no_fiedler,synthetic,22
0.0033928425851579,0.0542387813329696,0.0025096893900015,3,78,direct_no_fiedler,synthetic,22
0.0002841745454901,0.0499083958566188,0.0001098538285515,3,78,direct_no_fiedler,synthetic,22
0.0707547093769495,0.0481764450669288,0.0390282866242233,2,78,direct_no_fiedler,synthetic,22
0.0331315885777018,0.0479510724544525,0.0226006356461528,2,78,direct_no_fiedler,synthetic,22
3.9918975969222e-06,0.045557714998722,3.208665235201768e-06,1,78,direct_no_fiedler,synthetic,22
0.0733292849320427,0.0541163198649883,0.0503346965000794,4,78,direct_no_fiedler,synthetic,22
0.0037284695110575,0.0474574640393257,0.002828490494382,2,78,direct_no_fiedler,synthetic,22
0.0007830701695334,0.047475378960371,0.0005391352120032,2,78,direct_no_fiedler,synthetic,22
0.0002173824811028,0.0449652932584285,0.0001031565071099,1,78,direct_no_fiedler,synthetic,22
0.0059708655834084,0.0656331107020378,0.0037935249637413,6,78,direct_no_fiedler,synthetic,22
0.3216178602169823,0.0651511549949646,0.0131947209298305,2,78,direct_no_fiedler,synthetic,22
0.003349697906339,0.0452348217368125,0.0024863897873144,1,78,direct_no_fiedler,synthetic,22
0.002122722296754,0.0480206720530986,0.0016127619314366,2,78,direct_no_fiedler,synthetic,22
0.4009150987065391,0.0785052925348281,0.0044539751957657,2,78,direct_no_fiedler,synthetic,22
0.0010401620119042,0.0545592904090881,0.0007027082326562,3,78,direct_no_fiedler,synthetic,22
0.4069989360205118,0.1227500066161155,0.0387461424144494,8,78,direct_no_fiedler,synthetic,22
0.0712541481073678,0.0628477409482002,0.0409815992630555,7,78,direct_no_fiedler,synthetic,22
1.4509697834119706e-05,0.0481697954237461,9.336899939964426e-06,2,78,direct_no_fiedler,synthetic,22
0.02604381061176,0.045999277383089,0.0166067915715166,1,78,direct_no_fiedler,synthetic,22
0.0173288101797752,0.061557225883007,0.0128175442075179,6,78,direct_no_fiedler,synthetic,22
0.0103725136841406,0.0499600879848003,0.0070980183515233,3,83,direct_no_fiedler,synthetic,22
0.0004468840222552,0.044658001512289,0.000343819795803,1,83,direct_no_fiedler,synthetic,22
0.0114963894881102,0.0466247908771038,0.0095124168957807,2,83,direct_no_fiedler,synthetic,22
0.016268234967312,0.0605020895600318,0.0117370994597638,6,83,direct_no_fiedler,synthetic,22
0.0025408734261057,0.0558946840465068,0.0019678999919239,5,83,direct_no_fiedler,synthetic,22
0.0270152233631689,0.0534490533173084,0.0218353864868772,5,83,direct_no_fiedler,synthetic,22
0.0322505480657842,0.0585282631218433,0.0191624192029453,5,83,direct_no_fiedler,synthetic,22
0.1158895067810712,0.0576564334332942,0.092981289453579,6,83,direct_no_fiedler,synthetic,22
0.0084920080348545,0.058717306703329,0.0053257169237955,6,83,direct_no_fiedler,synthetic,22
0.0129392389742589,0.0574147813022136,0.0101925523877954,7,83,direct_no_fiedler,synthetic,22
0.1198062119346456,0.0555414706468582,0.0821747241026831,5,83,direct_no_fiedler,synthetic,22
0.0778932944377174,0.0612076893448829,0.0565913514621533,7,83,direct_no_fiedler,synthetic,22
0.0039535388943261,0.0485280528664588,0.0032594554578237,3,83,direct_no_fiedler,synthetic,22
0.0244611955719483,0.0598122514784336,0.0180821926298108,7,83,direct_no_fiedler,synthetic,22
0.0001679926753507,0.0451485067605972,0.000132128355866,1,83,direct_no_fiedler,synthetic,22
0.0013673158634909,0.0449823327362537,0.0011604911483585,1,83,direct_no_fiedler,synthetic,22
0.0007730434324501,0.0477393195033073,0.0006393673137311,2,83,direct_no_fiedler,synthetic,22
0.0114478278856402,0.0475998260080814,0.0075247366250001,2,83,direct_no_fiedler,synthetic,22
0.0018732447273854,0.0521249957382679,0.0014860114780609,4,83,direct_no_fiedler,synthetic,22
0.041252232721632,0.0540067292749881,0.0274798308751727,5,83,direct_no_fiedler,synthetic,22
0.0005542931388263,0.1036387160420417,0.0003742685578866,2,89,direct_no_fiedler,synthetic,22
0.0021693174298661,0.0530714429914951,0.0015420469282473,3,89,direct_no_fiedler,synthetic,22
0.0039205411676734,0.0556770265102386,0.002439940566072,3,89,direct_no_fiedler,synthetic,22
0.0309817610564208,0.0789379850029945,0.0186957503677321,7,89,direct_no_fiedler,synthetic,22
0.0191735096844941,0.0606426410377025,0.0089573840087312,4,89,direct_no_fiedler,synthetic,22
0.009599608182881,0.0580432303249836,0.0064923869784871,4,89,direct_no_fiedler,synthetic,22
1.0,0.0821867659687995,0.4371531086607637,8,89,direct_no_fiedler,synthetic,22
0.041192584142093,0.0745682790875434,0.0255926703051889,7,89,direct_no_fiedler,synthetic,22
0.0191189368809242,0.0695567429065704,0.0069073915521426,5,89,direct_no_fiedler,synthetic,22
0.2309473433130153,0.0856669843196868,0.1074743331858954,7,89,direct_no_fiedler,synthetic,22
1.0,0.256878137588501,0.5856042957847865,7,89,direct_no_fiedler,synthetic,22
0.051115783353736,0.0797561854124069,0.0246505681810178,6,89,direct_no_fiedler,synthetic,22
0.0008048828878015,0.0515005551278591,0.0005556133451653,2,89,direct_no_fiedler,synthetic,22
0.000692695773062,0.0571966506540775,0.0004564445900693,3,89,direct_no_fiedler,synthetic,22
0.0029813295373808,0.0664232671260833,0.001601039069606,5,89,direct_no_fiedler,synthetic,22
0.007319083860775,0.0570108965039253,0.0053105488734952,4,89,direct_no_fiedler,synthetic,22
0.0004560711824425,0.0537884831428527,0.00025894310815,2,89,direct_no_fiedler,synthetic,22
0.001177519056308,0.0451361574232578,0.000969001534647,1,89,direct_no_fiedler,synthetic,22
0.0007915308234472,0.0607575885951519,0.000561005556465,4,89,direct_no_fiedler,synthetic,22
0.1277387994452455,0.0703130736947059,0.0640685035891049,5,89,direct_no_fiedler,synthetic,22
0.0592625893379987,0.0607741884887218,0.0122262941453018,7,1000022,direct_no_fiedler,osm,22
1.0,0.9999680519104004,3.830386051204275e-05,1,1000022,direct_no_fiedler,osm,22
0.661188347996704,0.0589566454291343,0.0562001097618811,3,1000022,direct_no_fiedler,osm,22
0.0684773196604434,0.0854594409465789,0.0164568316608687,8,1000022,direct_no_fiedler,osm,22
1.0,0.9998725652694702,0.0035103580418762,5,1000022,direct_no_fiedler,osm,22
0.4269227685564114,0.0540055632591247,0.005153144985875,5,1000022,direct_no_fiedler,osm,22
4.2850968628993513e-07,0.0464845933020114,4.302574940521651e-08,1,1000022,direct_no_fiedler,osm,22
1.0,0.1069895923137664,0.1154086127406441,6,1000022,direct_no_fiedler,osm,22
0.7179726076464917,0.0584179013967514,0.0726504165983706,6,1000022,direct_no_fiedler,osm,22
1.0,0.9998725652694702,0.0100999553657432,5,1000022,direct_no_fiedler,osm,22
1.0,0.999922513961792,0.0016312716633554,2,1000022,direct_no_fiedler,osm,22
0.2135306690610565,0.0674610882997512,0.0455691405960021,6,1000022,direct_no_fiedler,osm,22
1.0,0.9999338388442992,0.0047414008899772,7,1000022,direct_no_fiedler,osm,22
1.0,0.999852180480957,0.0248184784766137,7,1000022,direct_no_fiedler,osm,22
0.2483802790361015,0.0639475062489509,0.0673399341750326,8,1000022,direct_no_fiedler,osm,22
0.022021770509337,0.1714237928390503,0.0102814122585643,4,1000022,direct_no_fiedler,osm,22
1.0,0.9999817609786988,0.0013847188702557,4,1000022,direct_no_fiedler,osm,22
0.0340343814985129,0.0470185913145542,0.0164498309753569,2,1000022,direct_no_fiedler,osm,22
0.0277765933306157,0.0495672076940536,0.0122621468674755,3,1000022,direct_no_fiedler,osm,22
1.0,0.9999655485153198,0.0968519352342708,7,1000022,direct_no_fiedler,osm,22
1.0,0.999897003173828,0.0083647700028205,8,1000022,direct_no_fiedler,osm,22
0.0276698256138903,0.0518956035375595,0.0034386379678677,4,1000022,direct_no_fiedler,osm,22
1.0,0.999981164932251,0.0244870694431793,6,1000022,direct_no_fiedler,osm,22
1.0,0.9999812841415404,0.0142393742736365,7,1000022,direct_no_fiedler,osm,22
1.0,0.9999858140945436,0.0118349823098322,5,1000022,direct_no_fiedler,osm,22
0.0294054384941623,0.0712784826755523,0.00129932322958,7,1000022,direct_no_fiedler,osm,22
1.0,0.9998718500137328,0.0026587800060128,3,1000022,direct_no_fiedler,osm,22
0.6315839167413906,0.0577948875725269,0.0415769791475647,6,1000022,direct_no_fiedler,osm,22
1.0,0.9998915195465088,0.0693017866818498,7,1000022,direct_no_fiedler,osm,22
0.0019540864976809,0.0473293736577034,0.0011492619765784,2,1000022,direct_no_fiedler,osm,22
4.031824819450414e-06,0.0448823347687721,1.308216586595299e-06,1,1000022,direct_no_fiedler,osm,22
1.0,0.99997878074646,0.0325326275725992,6,1000022,direct_no_fiedler,osm,22
1.0,0.999979853630066,7.512784939981066e-05,3,1000022,direct_no_fiedler,osm,22
0.1978922772713425,0.1772626489400863,0.0220536213484058,7,1000022,direct_no_fiedler,osm,22
0.0043767158651036,0.0448895506560802,0.0007199003296098,1,1000022,direct_no_fiedler,osm,22
1.0,0.999984622001648,3.068688565904151e-06,2,1000022,direct_no_fiedler,osm,22
0.0036367163277706,0.0446186922490596,0.0017857504792187,1,1000022,direct_no_fiedler,osm,22
1.0,0.9999821186065674,0.0104030554766012,8,1000022,direct_no_fiedler,osm,22
1.0,0.9999816417694092,0.0019051924859544,8,1000022,direct_no_fiedler,osm,22
1.0,0.999881625175476,0.0085075439451156,7,1000022,direct_no_fiedler,osm,22
0.0993250360936151,0.0750506222248077,0.0267407076095561,8,1000022,direct_no_fiedler,osm,22
0.0005906540299985,0.0448897369205951,0.000288908564717,1,1000022,direct_no_fiedler,osm,22
1.0,0.2836642265319824,0.0368384994550554,8,1000022,direct_no_fiedler,osm,22
0.2239499477707431,0.1925624907016754,0.0107974293998261,7,1000022,direct_no_fiedler,osm,22
0.3852108743477386,0.058401770889759,0.0173471970039202,6,1000022,direct_no_fiedler,osm,22
1.0,0.9999713897705078,0.0459801396114748,7,1000022,direct_no_fiedler,osm,22
0.03198801126336,0.0492758080363273,0.0050391358313637,3,1000022,direct_no_fiedler,osm,22
1.0,0.99997878074646,0.0041465663486509,8,1000022,direct_no_fiedler,osm,22
0.2423752066286533,0.0737499296665191,0.0339359441674108,5,1000022,direct_no_fiedler,osm,22
0.2393751716606396,0.0473312214016914,0.026901612969817,2,1000022,direct_no_fiedler,osm,22
0.0216305204615653,0.0519015155732631,0.0053848271604814,4,1000022,direct_no_fiedler,osm,22
1.0,0.9999706745147704,0.0379044633191299,7,1000022,direct_no_fiedler,osm,22
1.0,0.9999823570251464,0.0075735238904501,6,1000022,direct_no_fiedler,osm,22
1.0,0.1369366645812988,0.018405070877571,7,1000022,direct_no_fiedler,osm,22
1.0,0.999980926513672,0.0001894409257243,2,1000022,direct_no_fiedler,osm,22
0.0041714617162269,0.0492350123822689,0.002437781008418,3,1000022,direct_no_fiedler,osm,22
1.0,0.9998821020126344,0.0111517788146171,8,1000022,direct_no_fiedler,osm,22
1.0,0.9999799728393556,0.0024136971166162,5,1000022,direct_no_fiedler,osm,22
1.0,0.9999337196350098,0.006565650256765,8,1000022,direct_no_fiedler,osm,22
1.0,0.9999737739562988,0.0047124898477113,5,1000022,direct_no_fiedler,osm,22
1.0,0.9999717473983764,0.0003962824170605,5,1000022,direct_no_fiedler,osm,22
0.0467223422667265,0.1282014846801757,0.0069573799054684,6,1000022,direct_no_fiedler,osm,22
1.0,0.9998818635940552,0.005304791926408,7,1000022,direct_no_fiedler,osm,22
0.0511337035583889,0.0525882057845592,0.0013286610696379,4,1000022,direct_no_fiedler,osm,22
1.0,0.9998726844787598,0.009424202147,6,1000022,direct_no_fiedler,osm,22
0.2030706186781794,0.1562628000974655,0.0746957498523132,6,1000022,direct_no_fiedler,osm,22
1.0,0.9999730587005616,0.0314243149126428,7,1000022,direct_no_fiedler,osm,22
1.0,0.9999698400497437,0.0089359371570525,8,1000022,direct_no_fiedler,osm,22
1.0,0.9998902082443236,0.0017039859008202,2,1000022,direct_no_fiedler,osm,22
1.0,0.999975323677063,0.0005481583127516,2,1000022,direct_no_fiedler,osm,22
1.0,0.999947190284729,0.0022431868127415,4,1000022,direct_no_fiedler,osm,22
0.5774625828096114,0.0575706586241722,0.0248457754560725,4,1000022,direct_no_fiedler,osm,22
0.0432561920160647,0.0562287010252475,0.0190905998468878,5,1000022,direct_no_fiedler,osm,22
1.0,0.999980926513672,0.0027124608662837,7,1000022,direct_no_fiedler,osm,22
0.025500396682591,0.0646356418728828,0.0032756753796771,2,1000022,direct_no_fiedler,osm,22
1.0,0.0626566708087921,0.0174331853006596,5,1000022,direct_no_fiedler,osm,22
0.6483726272674809,0.0569261275231838,0.0508825928786983,6,1000022,direct_no_fiedler,osm,22
0.0019761245586455,0.0451895147562027,0.0005770733438072,1,1000022,direct_no_fiedler,osm,22
1.0,0.1745887249708175,0.008221114514428,6,1000022,direct_no_fiedler,osm,22
1.0,0.9999724626541138,3.4962562388934794e-05,1,1000022,direct_no_fiedler,osm,22
1.0,0.9999227523803712,0.0023423064809821,3,1000022,direct_no_fiedler,osm,22
1.0,0.9999758005142212,0.0037353688607285,4,1000022,direct_no_fiedler,osm,22
1.0,0.9999781847000122,0.0037660818719803,4,1000022,direct_no_fiedler,osm,22
0.0104277327299394,0.0986758321523666,0.0037585682528435,5,1000022,direct_no_fiedler,osm,22
1.0,0.9999812841415404,0.0164817028256158,7,1000022,direct_no_fiedler,osm,22
1.0,0.9999737739562988,0.015850007514156,5,1000022,direct_no_fiedler,osm,22
1.0,0.9998506307601928,0.0040379220895939,3,1000022,direct_no_fiedler,osm,22
0.000429112800577,0.0448866672813892,2.3308864453148737e-05,1,1000022,direct_no_fiedler,osm,22
0.0854254622289054,0.0641974508762359,0.010235901427306,7,1000022,direct_no_fiedler,osm,22
1.0,0.999974012374878,0.000490109086489,4,1000022,direct_no_fiedler,osm,22
1.0,0.9999701976776124,0.0007023233409486,2,1000022,direct_no_fiedler,osm,22
0.1119495075034033,0.2633543908596039,0.0566203762601654,6,1000022,direct_no_fiedler,osm,22
1.0,0.9999833106994628,0.0550017091426372,3,1000022,direct_no_fiedler,osm,22
1.0,0.9999783039093018,0.0173066229917479,6,1000022,direct_no_fiedler,osm,22
0.058120635509415,0.0536355972290039,0.0230022955473974,5,1000022,direct_no_fiedler,osm,22
1.0,0.0618468523025512,0.0319519666439951,7,1000022,direct_no_fiedler,osm,22
0.1004109153248165,0.0690886378288269,0.0220936410985269,5,1000022,direct_no_fiedler,osm,22
0.5618621855192851,0.0597770065069198,0.0392958073954662,3,1000022,direct_no_fiedler,osm,22
1.0,0.3048974871635437,0.0138208224252822,6,1000022,direct_no_fiedler,osm,22
1.1944932526430918e-06,0.0448321178555488,1.011949318555604e-07,1,1000022,direct_no_fiedler,osm,22
1.0,0.9999874830245972,0.001021395638292,6,1000022,direct_no_fiedler,osm,22
1.0,0.9999715089797974,0.0185905656338218,7,1000022,direct_no_fiedler,osm,22
0.0524912248267336,0.0584069900214672,0.0132734045377608,6,1000022,direct_no_fiedler,osm,22
0.096356870165787,0.2175649851560592,0.0066121487741194,3,1000022,direct_no_fiedler,osm,22
0.0406610291429626,0.1467537730932235,0.0027764002588903,2,1000022,direct_no_fiedler,osm,22
1.0,0.999981164932251,0.0195058249834439,5,1000022,direct_no_fiedler,osm,22
0.101507390542377,0.2121551930904388,0.0032017527400825,5,1000022,direct_no_fiedler,osm,22
0.004139607429631,0.0492419525980949,0.001587577733914,3,1000022,direct_no_fiedler,osm,22
1.0,0.9999710321426392,0.0010101487384279,5,1000022,direct_no_fiedler,osm,22
0.0152428417699717,0.0470168218016624,0.0041577626575225,2,1000022,direct_no_fiedler,osm,22
0.0012337919862523,0.0445946715772151,0.0005542731651838,1,1000022,direct_no_fiedler,osm,22
1.0,0.9999794960021972,0.0077255094798333,8,1000022,direct_no_fiedler,osm,22
1.0,0.0641510039567947,0.0446799071216366,8,1000022,direct_no_fiedler,osm,22
1.0,0.9999781847000122,0.0047468290809075,4,1000022,direct_no_fiedler,osm,22
1.0,0.999981164932251,0.0129059240158892,4,1000022,direct_no_fiedler,osm,22
0.003453790204041,0.0502154529094696,0.0009131732929925,3,1000022,direct_no_fiedler,osm,22
0.0024119239656386,0.0480356477200984,0.0008986770979651,2,1000022,direct_no_fiedler,osm,22
1.0,0.9999749660491944,0.0999877658070129,7,1000022,direct_no_fiedler,osm,22
0.3549696699507438,0.179672360420227,0.0073723697546857,5,1000022,direct_no_fiedler,osm,22
0.0092482295618965,0.0479657240211963,0.0018261009233536,2,1000022,direct_no_fiedler,osm,22
0.096623724418568,0.1200136393308639,0.0172404259360675,7,1000022,direct_no_fiedler,osm,22
0.0249053678839179,0.076010450720787,0.0067796819960241,4,1000022,direct_no_fiedler,osm,22
1.0,0.9999822378158568,0.0020745460876886,3,1000022,direct_no_fiedler,osm,22
1.0,0.9999477863311768,0.0294255220009244,6,1000022,direct_no_fiedler,osm,22
1.0,0.999974250793457,0.036595442436025,7,1000022,direct_no_fiedler,osm,22
1.0,0.9999805688858032,0.0069026801700126,8,1000022,direct_no_fiedler,osm,22
1.0,0.9999685287475586,0.0390352210014717,6,1000022,direct_no_fiedler,osm,22
1.0,0.999980330467224,0.0121278404544656,5,1000022,direct_no_fiedler,osm,22
0.0018289407942931,0.0451884046196937,0.0007527824414005,1,1000022,direct_no_fiedler,osm,22
1.0,0.999980092048645,0.0066638406146562,5,1000022,direct_no_fiedler,osm,22
1.0,0.078626349568367,0.1091836942822152,8,1000022,direct_no_fiedler,osm,22
1.0,0.9999806880950928,0.0025232002648018,3,1000022,direct_no_fiedler,osm,22
1.0,0.9999130964279176,0.0054806325351498,4,1000022,direct_no_fiedler,osm,22
0.0010806962141624,0.0616771914064884,0.0003816159156833,1,1000022,direct_no_fiedler,osm,22
0.7178453325663612,0.0599439479410648,0.0290024465166473,7,1000022,direct_no_fiedler,osm,22
1.0,0.999985694885254,0.0104814099691498,8,1000022,direct_no_fiedler,osm,22
1.0,0.0522427074611187,0.0065099111390086,4,1000022,direct_no_fiedler,osm,22
1.0,0.9999781847000122,0.0051600506377164,4,1000022,direct_no_fiedler,osm,22
0.0168836304490609,0.2141909748315811,0.0015027124417553,2,1000022,direct_no_fiedler,osm,22
0.0185030660062668,0.0476432517170906,0.0020641143515678,2,1000022,direct_no_fiedler,osm,22
2.967537254594532e-06,0.0448909811675548,5.172639377939366e-07,1,1000022,direct_no_fiedler,osm,22
1.0,0.9999741315841676,0.0254204233939,7,1000022,direct_no_fiedler,osm,22
1.0,0.999972939491272,0.0151651225327989,8,1000022,direct_no_fiedler,osm,22
1.0,0.9999810457229614,4.645516922675615e-05,1,1000022,direct_no_fiedler,osm,22
1.0,0.999985933303833,0.0159209991813197,7,1000022,direct_no_fiedler,osm,22
0.0261255771742024,0.0476426854729652,0.0153494546921364,2,1000022,direct_no_fiedler,osm,22
0.0210335016215947,0.0522477366030216,0.008902418010754,4,1000022,direct_no_fiedler,osm,22
1.0,0.9999712705612184,0.0038814276796852,5,1000022,direct_no_fiedler,osm,22
0.0080022783041793,0.0540848188102245,0.0010340053354778,2,1000022,direct_no_fiedler,osm,22
1.0,0.999970555305481,0.0226153735756123,6,1000022,direct_no_fiedler,osm,22
0.0791483345720144,0.108385793864727,0.0420390388583239,7,1000022,direct_no_fiedler,osm,22
0.0001767938654594,0.0469556674361228,5.3835804801453055e-05,2,1000022,direct_no_fiedler,osm,22
4.744199803452531e-06,0.0498875528573989,2.3079325460334308e-06,3,1000022,direct_no_fiedler,osm,22
1.0,0.9999843835830688,0.0150444799020029,7,1000022,direct_no_fiedler,osm,22
0.0122149196511756,0.0448907352983951,0.005551871298638,1,1000022,direct_no_fiedler,osm,22
1.0,0.9999715089797974,0.0139149096711293,8,1000022,direct_no_fiedler,osm,22
1.0,0.999983549118042,0.0848761515021653,8,1000022,direct_no_fiedler,osm,22
1.0,0.9999535083770752,0.0075422350265901,7,1000022,direct_no_fiedler,osm,22
1.0,0.9999704360961914,0.0590852773341261,6,1000022,direct_no_fiedler,osm,22
1.0,0.9999125003814696,7.467837207358011e-05,1,1000022,direct_no_fiedler,osm,22
1.0,0.9999808073043824,0.135000551219476,6,1000022,direct_no_fiedler,osm,22
1.0,0.9999704360961914,0.019585060890409,6,1000022,direct_no_fiedler,osm,22
1.0,0.9999754428863524,0.0102922023627275,6,1000022,direct_no_fiedler,osm,22
5.496675320859623e-05,0.1557009220123291,2.2123146170424443e-05,1,1000022,direct_no_fiedler,osm,22
1.0,0.9999135732650756,0.0062459904578754,6,1000022,direct_no_fiedler,osm,22
1.0,0.9999693632125854,0.0050414537769895,2,1000022,direct_no_fiedler,osm,22
0.0255128415265319,0.0476426221430301,0.0013477975735442,2,1000022,direct_no_fiedler,osm,22
1.0,0.9999715089797974,0.1436701044794212,8,1000022,direct_no_fiedler,osm,22
1.0,0.9999831914901732,1.509416376882741e-06,1,1000022,direct_no_fiedler,osm,22
0.0671614482111822,0.0470184013247489,0.0042510484659272,2,1000022,direct_no_fiedler,osm,22
1.0,0.9999650716781616,0.0170562247304369,4,1000022,direct_no_fiedler,osm,22
1.0,0.9999845027923584,0.0106162249026285,8,1000022,direct_no_fiedler,osm,22
1.0,0.999981164932251,0.0819622769197602,3,1000022,direct_no_fiedler,osm,22
1.0,0.9999854564666748,0.0076953498777035,8,1000022,direct_no_fiedler,osm,22
1.0,0.999968409538269,0.1337459261139945,5,1000022,direct_no_fiedler,osm,22
0.0988722863169444,0.0476452857255935,0.0055458828107962,2,1000022,direct_no_fiedler,osm,22
1.0,0.9999778270721436,0.0308956892529175,8,1000022,direct_no_fiedler,osm,22
1.0,0.0821431502699852,0.0942052265774255,8,1000022,direct_no_fiedler,osm,22
0.1109456319929681,0.0498954616487026,0.0550967200043272,3,1000022,direct_no_fiedler,osm,22
0.5055506804777129,0.0748243555426597,0.0030364812071421,2,1000022,direct_no_fiedler,osm,22
1.0,0.999979853630066,0.124106131060087,3,1000022,direct_no_fiedler,osm,22
0.0060763697423074,0.093205027282238,0.0033295232894558,4,1000022,direct_no_fiedler,osm,22
1.0,0.9999823570251464,0.002550558727399,8,1000022,direct_no_fiedler,osm,22
1.0,0.9999825954437256,0.0017993845893316,6,1000022,direct_no_fiedler,osm,22
1.0,0.9999741315841676,0.016663244454453,4,1000022,direct_no_fiedler,osm,22
1.0,0.9999233484268188,0.071775843966098,6,1000022,direct_no_fiedler,osm,22
1.0,0.0543568767607212,0.0412094711947009,5,1000022,direct_no_fiedler,osm,22
0.0353068913006345,0.0635178610682487,0.0116499559696186,7,1000022,direct_no_fiedler,osm,22
0.5536822712484293,0.0522353202104568,0.1251932279874953,4,1000022,direct_no_fiedler,osm,22
1.0,0.3000320792198181,0.0074213945032331,5,1000022,direct_no_fiedler,osm,22
0.6680460131765696,0.0676204264163971,0.0679970053733476,7,1000022,direct_no_fiedler,osm,22
1.0,0.999985933303833,0.0131854556346617,8,1000022,direct_no_fiedler,osm,22
0.6072203967256453,0.0544024854898452,0.0520363347333689,5,1000022,direct_no_fiedler,osm,22
1.0,0.9999818801879884,0.00565536742054,3,1000022,direct_no_fiedler,osm,22
1.0,0.999974250793457,0.0020369498933121,4,1000022,direct_no_fiedler,osm,22
1.0,0.9999333620071412,0.0033960429376764,4,1000022,direct_no_fiedler,osm,22
0.0652340546681948,0.0487177670001983,0.0058871264011397,3,1000022,direct_no_fiedler,osm,22
1.0,0.999984860420227,0.0438451325221288,6,1000022,direct_no_fiedler,osm,22
1.0,0.9999231100082396,0.0047371358263368,7,1000022,direct_no_fiedler,osm,22
1.0,0.999980926513672,0.0938581400013631,7,1000022,direct_no_fiedler,osm,22
1.0,0.9998792409896852,0.0049846003372971,3,1000022,direct_no_fiedler,osm,22
1.0,0.99985671043396,0.0002289789113383,5,1000022,direct_no_fiedler,osm,22
1.0,0.9999336004257202,0.00758260562506,6,1000022,direct_no_fiedler,osm,22
1.0,0.999984860420227,0.1128037303194877,7,1000022,direct_no_fiedler,osm,22
1.0,0.9999233484268188,0.0281508769099735,6,1000022,direct_no_fiedler,osm,22
1.0,0.9999470710754396,0.0013921346387324,3,1000022,direct_no_fiedler,osm,22
1.0,0.9999738931655884,0.0008955571850381,7,1000022,direct_no_fiedler,osm,22
0.0297215226649764,0.0468350388109684,0.009924063277781,2,1000022,direct_no_fiedler,osm,22
0.7142370445617534,0.1695586591958999,0.0255256813076203,6,1000022,direct_no_fiedler,osm,22
1.0,0.999969720840454,0.018075623009035,6,1000022,direct_no_fiedler,osm,22
1.0,0.9999799728393556,0.0436659906582029,6,1000022,direct_no_fiedler,osm,22
0.6293463348956856,0.0476287566125392,0.0234448921429868,2,1000022,direct_no_fiedler,osm,22
1.0,0.1016415506601333,0.1091107637624466,5,1000022,direct_no_fiedler,osm,22
1.0,0.999947428703308,0.0067435445957689,6,1000022,direct_no_fiedler,osm,22
0.5782059616210586,0.0565530993044376,0.1453678196130101,5,1000022,direct_no_fiedler,osm,22
0.0179093140336461,0.0575535409152507,0.0022080475987702,3,1000022,direct_no_fiedler,osm,22
0.0582594083894187,0.0759622082114219,0.0204400262729786,8,1000022,direct_no_fiedler,osm,22
1.0,0.9999849796295166,0.0140648734737886,7,1000022,direct_no_fiedler,osm,22
5.231218480616917e-07,0.0448911227285862,7.556975553316369e-08,1,1000022,direct_no_fiedler,osm,22
1.0,0.0476435087621212,0.0065295627646762,2,1000022,direct_no_fiedler,osm,22
1.0,0.9999773502349854,0.0008644637769688,2,1000022,direct_no_fiedler,osm,22
1.0,0.999964952468872,7.498400060359233e-05,2,1000022,direct_no_fiedler,osm,22
1.0,0.9999819993972778,0.0840970871295419,6,1000022,direct_no_fiedler,osm,22
0.0011188595382847,0.0451879315078258,0.0001259294921825,1,1000022,direct_no_fiedler,osm,22
0.0645246712103525,0.04871741309762,0.0056512208009816,3,1000022,direct_no_fiedler,osm,22
0.6898106618323505,0.0588034391403198,0.1016986395733126,6,1000022,direct_no_fiedler,osm,22
0.0083007874767945,0.0451886765658855,0.0006683548796551,1,1000022,direct_no_fiedler,osm,22
0.0139849567985723,0.0451898463070392,0.0065845499432013,1,1000022,direct_no_fiedler,osm,22
1.0,0.999968409538269,0.0070456312930801,6,1000022,direct_no_fiedler,osm,22
0.6009422175300472,0.2460389733314514,0.0544049628419273,8,1000022,direct_no_fiedler,osm,22
1.0,0.999979853630066,0.0064434078997277,2,1000022,direct_no_fiedler,osm,22
1.0,0.9999818801879884,0.0023850088242673,5,1000022,direct_no_fiedler,osm,22
0.375751529011269,0.0583919696509838,0.0065331019392025,6,1000022,direct_no_fiedler,osm,22
0.4215249159356058,0.0476435311138629,0.0053641488570457,2,1000022,direct_no_fiedler,osm,22
1.0,0.999975562095642,0.0053044627004421,7,1000022,direct_no_fiedler,osm,22
1.0,0.9999653100967408,0.0216470434416584,5,1000022,direct_no_fiedler,osm,22
0.0085123091141061,0.0744969099760055,0.0023949433892865,5,1000022,direct_no_fiedler,osm,22
0.0645422531655747,0.0566126555204391,0.0320678464867197,5,1000022,direct_no_fiedler,osm,22
0.0011188595382847,0.0451879315078258,0.0001259294921825,1,1000022,direct_no_fiedler,osm,22
1.0,0.999985694885254,0.1255154697295354,7,1000022,direct_no_fiedler,osm,22
1.0,0.999627947807312,0.0015060167247702,2,1000022,direct_no_fiedler,osm,22
1.0,0.9999799728393556,0.0041665940874793,7,1000022,direct_no_fiedler,osm,22
1.0,0.0576423667371273,0.0252120643916463,5,1000022,direct_no_fiedler,osm,22
0.002456896093271,0.0445939376950264,0.0014134341111018,1,1000022,direct_no_fiedler,osm,22
0.0638990349683662,0.0576262362301349,0.0325591408008452,6,1000022,direct_no_fiedler,osm,22
1.0,0.999980092048645,0.0429988502326407,8,1000022,direct_no_fiedler,osm,22
1.0,0.9999802112579346,1.8890188354178791e-06,1,1000022,direct_no_fiedler,osm,22
0.0282597870268177,0.0630487650632858,0.0072751058676985,4,1000022,direct_no_fiedler,osm,22
1.0,0.9999685287475586,0.0013982852169383,8,1000022,direct_no_fiedler,osm,22
1.0,0.9999808073043824,0.010362940408929,7,1000022,direct_no_fiedler,osm,22
1.0,0.9999792575836182,0.0711059544593881,7,1000022,direct_no_fiedler,osm,22
1.0,0.999974012374878,0.0004174049556112,5,1000022,direct_no_fiedler,osm,22
0.1557400598357285,0.1071526184678077,0.0313583289159508,8,1000022,direct_no_fiedler,osm,22
0.0179122024077859,0.0470185913145542,0.0029363882439664,2,1000022,direct_no_fiedler,osm,22
0.0288537754620598,0.2009749859571457,0.0088329106460746,4,1000022,direct_no_fiedler,osm,22
0.0384177688022483,0.2447584420442581,0.0119226304503776,8,1000022,direct_no_fiedler,osm,22
0.0088033412522382,0.062568761408329,0.0026116123830197,4,1000022,direct_no_fiedler,osm,22
1.0,0.9996334314346312,0.0145492512222551,6,1000022,direct_no_fiedler,osm,22
1.0,0.9999858140945436,0.0204056141360546,7,1000022,direct_no_fiedler,osm,22
1.0,0.9999333620071412,0.0231649286710416,5,1000022,direct_no_fiedler,osm,22
0.0088966690799848,0.0516652762889862,0.0033148090209054,2,1000022,direct_no_fiedler,osm,22
0.265937800087012,0.05651431158185,0.0488504392419353,6,1000022,direct_no_fiedler,osm,22
0.0046892191125932,0.0457969792187213,0.0009616162273236,1,1000022,direct_no_fiedler,osm,22
0.638991904783758,0.0522454231977462,0.0304353916806759,4,1000022,direct_no_fiedler,osm,22
0.013597470609899,0.0603283159434795,0.0050554776531671,7,1000022,direct_no_fiedler,osm,22
0.6610937299036866,0.0448923893272876,0.0559455850567669,1,1000022,direct_no_fiedler,osm,22
0.0611811649284678,0.1558240056037902,0.009012238847247,3,1000022,direct_no_fiedler,osm,22
0.0289222598220337,0.0451892279088497,0.0118903849501182,1,1000022,direct_no_fiedler,osm,22
1.0,0.9999712705612184,0.015789036513351,5,1000022,direct_no_fiedler,osm,22
0.7127446033018017,0.0519503876566886,0.0918496742009207,4,1000022,direct_no_fiedler,osm,22
1.0,0.9999535083770752,0.061524847209212,7,1000022,direct_no_fiedler,osm,22
0.0088223999340112,0.0444526337087154,0.0052792752832526,1,1000022,direct_no_fiedler,osm,22
1.0,0.9999754428863524,0.0780993475815776,5,1000022,direct_no_fiedler,osm,22
1.0,0.9999713897705078,0.0016381599195545,6,1000022,direct_no_fiedler,osm,22
0.034034217618444,0.0448907762765884,0.0164497554056014,1,1000022,direct_no_fiedler,osm,22
1.0,0.9999796152114868,0.0378337663756462,8,1000022,direct_no_fiedler,osm,22
1.0,0.999982476234436,0.0042470090603038,7,1000022,direct_no_fiedler,osm,22
0.000429112800577,0.0448866672813892,2.3308864453148737e-05,1,1000022,direct_no_fiedler,osm,22
1.0,0.999984622001648,2.9584240906008803e-08,1,1000022,direct_no_fiedler,osm,22
0.0006593882559656,0.0445934124290943,0.0003271665305768,1,1000022,direct_no_fiedler,osm,22
1.0,0.9999698400497437,0.0097080281265014,7,1000022,direct_no_fiedler,osm,22
0.009274697776067,0.0476461090147495,0.0034730052434638,2,1000022,direct_no_fiedler,osm,22
1.0,0.9999713897705078,0.0650007925256996,7,1000022,direct_no_fiedler,osm,22
1.0,0.0476361326873302,0.0050512894787456,2,1000022,direct_no_fiedler,osm,22
0.0895616449529855,0.0658856257796287,0.008503540721293,6,1000022,direct_no_fiedler,osm,22
1.0,0.9999334812164308,0.0235550219220276,7,1000022,direct_no_fiedler,osm,22
0.0144971372464125,0.0467087551951408,0.0041547784466318,2,1000022,direct_no_fiedler,osm,22
1.0,0.9999808073043824,0.1250366871719281,4,1000022,direct_no_fiedler,osm,22
1.0,0.9999812841415404,0.0070582901459584,5,1000022,direct_no_fiedler,osm,22
1.0,0.9999865293502808,0.006136867448268,8,1000022,direct_no_fiedler,osm,22
0.0486585314785547,0.0749955922365188,0.015328604726501,6,1000022,direct_no_fiedler,osm,22
0.0031611493216653,0.047330405563116,0.0014495453314789,2,1000022,direct_no_fiedler,osm,22
0.0671222932207218,0.0541527681052684,0.0318441748482028,5,1000022,direct_no_fiedler,osm,22
1.0,0.9999815225601196,0.0474529296369091,7,1000022,direct_no_fiedler,osm,22
1.0,0.9999808073043824,0.0374542800262513,6,1000022,direct_no_fiedler,osm,22
1.0,0.999980330467224,0.0046215936346794,3,1000022,direct_no_fiedler,osm,22
1.0,0.0522425919771194,0.0074861132652653,4,1000022,direct_no_fiedler,osm,22
0.5326884996275778,0.2253660857677459,0.0823348044418889,4,1000022,direct_no_fiedler,osm,22
0.0714820725355612,0.1678061634302139,0.0139995451055969,6,1000022,direct_no_fiedler,osm,22
0.177027416322177,0.0498950779438018,0.0009871546188106,3,1000022,direct_no_fiedler,osm,22
0.0037627562180995,0.0184835623949766,0.002050244620539,1,3,residual_full,synthetic,22
0.1130331516711915,0.1065354794263839,0.0851544798011825,2,3,residual_full,synthetic,22
0.0022566456871628,0.0152592752128839,0.001898840436203,1,3,residual_full,synthetic,22
0.0219276513167809,0.0558770447969436,0.0148260815964024,5,3,residual_full,synthetic,22
0.0094355976664578,0.0471968464553356,0.0066856734267893,5,3,residual_full,synthetic,22
0.0405516881255595,0.0728647634387016,0.0293971285423595,6,3,residual_full,synthetic,22
0.0318647734251168,0.0670708417892456,0.0220785407123194,6,3,residual_full,synthetic,22
5.942981197049058e-06,0.0133049441501498,4.847812125817253e-06,1,3,residual_full,synthetic,22
0.011372674111399,0.0467868708074092,0.0071496878268857,4,3,residual_full,synthetic,22
0.0917382242639235,0.1168260127305984,0.0467755368312822,8,3,residual_full,synthetic,22
0.0024523908629041,0.0378508940339088,0.0018115733291235,5,3,residual_full,synthetic,22
0.1285819477583888,0.1262619495391845,0.0809955821923777,6,3,residual_full,synthetic,22
0.000756925166325,0.0232956763356924,0.0003687299485172,2,3,residual_full,synthetic,22
0.030250427445175,0.067671462893486,0.0204447083612134,6,3,residual_full,synthetic,22
0.1131291164466851,0.1175925806164741,0.0727980508996118,6,3,residual_full,synthetic,22
0.0618657588668586,0.103000983595848,0.0385951447901549,8,3,residual_full,synthetic,22
0.0029606952218407,0.0183796510100364,0.0019463342098482,1,3,residual_full,synthetic,22
0.2033690904874349,0.1681890785694122,0.1282691306756013,5,3,residual_full,synthetic,22
0.0434143583186854,0.0902842581272125,0.0313415302304415,7,3,residual_full,synthetic,22
0.0651477908415718,0.0799799114465713,0.041370248392764,4,3,residual_full,synthetic,22
0.0009550953004976,0.0196676980704069,0.0006289076050775,3,6,residual_full,synthetic,22
0.005863361585976,0.0401438698172569,0.0036219349200964,7,6,residual_full,synthetic,22
0.0082910403085149,0.0462864711880683,0.0065155478928613,8,6,residual_full,synthetic,22
0.0023108366745574,0.0346210710704326,0.0017572154872403,7,6,residual_full,synthetic,22
5.192511888907347e-06,0.0122722284868359,4.226152162632501e-06,1,6,residual_full,synthetic,22
0.1954991094406072,0.1915590912103653,0.1505242327247672,8,6,residual_full,synthetic,22
0.0016132860463433,0.0238143075257539,0.0012722689859217,4,6,residual_full,synthetic,22
0.0027043747997714,0.0196887217462062,0.0020514804369059,3,6,residual_full,synthetic,22
0.0064090866030837,0.0441123694181442,0.0051103119702932,8,6,residual_full,synthetic,22
0.0021995346451156,0.0324255675077438,0.0018717392671151,6,6,residual_full,synthetic,22
0.0092866165926116,0.0437457635998725,0.0055182779584123,7,6,residual_full,synthetic,22
0.0023465388890626,0.023990673944354,0.0016168274218717,3,6,residual_full,synthetic,22
0.0045345296410593,0.02132567204535,0.0030190926334537,3,6,residual_full,synthetic,22
0.0052112364735518,0.0226564034819602,0.0027585655987117,3,6,residual_full,synthetic,22
0.0106099436783391,0.0469311960041523,0.0031025014737156,6,6,residual_full,synthetic,22
0.0054139850441574,0.036338347941637,0.0047030594512619,7,6,residual_full,synthetic,22
0.0017393950546151,0.0310368333011865,0.0014303550690725,7,6,residual_full,synthetic,22
0.0025240273368245,0.0338619388639926,0.0019542061174719,6,6,residual_full,synthetic,22
0.0058986529508003,0.0289261881262063,0.0043328336443808,5,6,residual_full,synthetic,22
0.0050132651029456,0.0320919081568717,0.0039791056059501,6,6,residual_full,synthetic,22
0.2126035492701072,0.1315783411264419,0.1020813948985673,3,10,residual_full,synthetic,22
0.0065943052015283,0.056303285062313,0.0043514351793669,6,10,residual_full,synthetic,22
0.0261355354669083,0.0498286299407482,0.0144299522935981,4,10,residual_full,synthetic,22
0.0563662609423462,0.0698712319135665,0.0400775866342763,3,10,residual_full,synthetic,22
0.0592301499678968,0.0609150677919387,0.0410801090572905,2,10,residual_full,synthetic,22
0.1248672508551955,0.1221374720335006,0.0728893132071399,6,10,residual_full,synthetic,22
0.2303120857218921,0.2133654952049255,0.1560660336286525,6,10,residual_full,synthetic,22
0.2460426892894408,0.2341672629117965,0.1366961368658946,8,10,residual_full,synthetic,22
0.0322584150350958,0.0668696165084838,0.0208109532687041,5,10,residual_full,synthetic,22
0.1610317614681061,0.2260768413543701,0.1224791973287835,8,10,residual_full,synthetic,22
0.0096990092979827,0.0230681356042623,0.0069523161866108,1,10,residual_full,synthetic,22
0.1170337413907574,0.1065405011177063,0.0784777155553707,3,10,residual_full,synthetic,22
1.0,1.0,0.0035171853141457,2,10,residual_full,synthetic,22
0.097475976180408,0.082296222448349,0.0358675934523071,5,10,residual_full,synthetic,22
0.0137826121758021,0.0706219226121902,0.008979429122961,6,10,residual_full,synthetic,22
0.1057852678102332,0.0955220013856887,0.0499812999272877,4,10,residual_full,synthetic,22
0.0027547140118014,0.0243009403347969,0.0021242802978717,2,10,residual_full,synthetic,22
0.1421000367655532,0.1230695992708206,0.0926995145580621,3,10,residual_full,synthetic,22
0.0135983592564074,0.0421419888734817,0.0085866541615143,4,10,residual_full,synthetic,22
0.0141680131950213,0.0301653835922479,0.0084834361728271,2,10,residual_full,synthetic,22
0.0012849293140838,0.0187515690922737,0.000713100842825,1,15,residual_full,synthetic,22
1.0,1.0,0.0082876404314236,3,15,residual_full,synthetic,22
0.0291061217162595,0.0422640033066272,0.0210449621142258,2,15,residual_full,synthetic,22
0.0155167010029499,0.095534823834896,0.0104034668709788,8,15,residual_full,synthetic,22
0.001606303968755,0.0312989056110382,0.0013483432428239,3,15,residual_full,synthetic,22
1.0,0.3894675672054291,0.3261406487577273,7,15,residual_full,synthetic,22
0.0155443501925272,0.081114538013935,0.0056041600982728,6,15,residual_full,synthetic,22
0.0126885248305489,0.0242501329630613,0.0095707944618515,1,15,residual_full,synthetic,22
1.0,1.0,0.0032287066315407,7,15,residual_full,synthetic,22
0.0391734221261237,0.0638388469815254,0.0260030007868828,4,15,residual_full,synthetic,22
0.0037954600645403,0.0250883717089891,0.0027587592432369,2,15,residual_full,synthetic,22
0.0026981554096913,0.0504467748105526,0.0019957234060342,7,15,residual_full,synthetic,22
0.0024954513339944,0.0449729561805725,0.0016227004124392,5,15,residual_full,synthetic,22
0.001210963761011,0.0463014654815197,0.0008535565527292,5,15,residual_full,synthetic,22
0.0435243135175857,0.0834176614880561,0.02547667952582,7,15,residual_full,synthetic,22
0.0102576863365939,0.0225523225963115,0.0074929991412236,1,15,residual_full,synthetic,22
0.009546015187929,0.0553395003080368,0.006552967470458,5,15,residual_full,synthetic,22
0.000117411085778,0.0264363978058099,0.0001024569457123,3,15,residual_full,synthetic,22
0.0694259413555821,0.0915040075778961,0.0213481603195499,7,15,residual_full,synthetic,22
0.0001069362454275,0.0124368658289313,6.286480921628778e-05,1,15,residual_full,synthetic,22
0.3572970706351481,0.0978240221738815,0.05801546771935,5,17,residual_full,synthetic,22
0.1300111309707372,0.1452963501214981,0.0837648374705596,6,17,residual_full,synthetic,22
0.0093137864359703,0.0410726480185985,0.0045906785473854,3,17,residual_full,synthetic,22
0.1934640202105749,0.0747034922242164,0.0093211807660127,8,17,residual_full,synthetic,22
0.0099578849916629,0.0532602444291114,0.0043887315157645,5,17,residual_full,synthetic,22
0.0121990972203278,0.057449135929346,0.0074252012887976,6,17,residual_full,synthetic,22
0.0148516523349753,0.0620318427681922,0.009873128263517,6,17,residual_full,synthetic,22
0.002597065651663,0.0590176694095134,0.0017696233486178,7,17,residual_full,synthetic,22
0.004788729967134,0.0577635876834392,0.0033277187019767,6,17,residual_full,synthetic,22
1.7016724772056513e-05,0.0175420753657817,1.069535224543324e-05,1,17,residual_full,synthetic,22
4.072919027708899e-06,0.0231802761554718,2.400627745242189e-06,2,17,residual_full,synthetic,22
0.0180784618512459,0.1633257418870926,0.01039496224349,8,17,residual_full,synthetic,22
0.0228008721555021,0.0604938343167305,0.0154378846035526,5,17,residual_full,synthetic,22
0.0015711776843215,0.0166102703660726,0.0011226683861747,1,17,residual_full,synthetic,22
1.5117697268030028e-05,0.0169743876904249,7.71365092333637e-06,1,17,residual_full,synthetic,22
0.0150831833787152,0.0469698198139667,0.0040590287551595,4,17,residual_full,synthetic,22
0.0064347502042269,0.0564982965588569,0.0050094451959674,6,17,residual_full,synthetic,22
8.126916168516019e-05,0.0140435127541422,6.577823992625643e-05,1,17,residual_full,synthetic,22
0.0002943236432306,0.0151890227571129,0.0002398391079985,1,17,residual_full,synthetic,22
0.0038470581742858,0.0574989318847656,0.0017238181371535,6,17,residual_full,synthetic,22
0.0338722949219579,0.0749651864171028,0.0245823149603582,7,23,residual_full,synthetic,22
0.0024712356537887,0.0140395304188132,0.0019581972102008,1,23,residual_full,synthetic,22
0.0207595831557773,0.0481124445796012,0.0134427591869867,6,23,residual_full,synthetic,22
0.0133114707024545,0.0393274240195751,0.0075112401512898,4,23,residual_full,synthetic,22
0.0661206281518311,0.0971501022577285,0.0528315782431023,7,23,residual_full,synthetic,22
0.0489791806789638,0.0490764379501342,0.0209532546301089,3,23,residual_full,synthetic,22
0.0395280880943188,0.0798426568508148,0.0269610006282055,8,23,residual_full,synthetic,22
0.0566375635640049,0.0785401090979576,0.0417053921357668,6,23,residual_full,synthetic,22
0.0101049946575264,0.0221298579126596,0.0043598279222349,2,23,residual_full,synthetic,22
0.1328441078880538,0.1323143690824508,0.0828880885440486,8,23,residual_full,synthetic,22
0.0127821673532556,0.0499210879206657,0.0096877557880538,7,23,residual_full,synthetic,22
0.062400895790077,0.0709422677755355,0.0445892877094821,4,23,residual_full,synthetic,22
0.0128019084345226,0.0354254506528377,0.0080049290733615,3,23,residual_full,synthetic,22
0.1079728987011858,0.0804231166839599,0.0514892030719483,3,23,residual_full,synthetic,22
0.0859544684699165,0.1101030707359314,0.0578409947342963,8,23,residual_full,synthetic,22
0.0895530444638974,0.0828013718128204,0.046054318846628,4,23,residual_full,synthetic,22
0.0003048524157177,0.0248416922986507,0.0002591025879292,3,23,residual_full,synthetic,22
0.0637898538507295,0.075425699353218,0.0307634443187993,7,23,residual_full,synthetic,22
0.0146274143124873,0.0284718424081802,0.0107018130142715,2,23,residual_full,synthetic,22
0.0079650055503679,0.0240725558251142,0.006065950441435,2,23,residual_full,synthetic,22
0.0036400504427909,0.0377050004899501,0.0024648396559821,3,29,residual_full,synthetic,22
0.3083967085187746,0.2170526683330536,0.1591187361808148,7,29,residual_full,synthetic,22
0.0018153063796177,0.0623006597161293,0.0008884202434763,5,29,residual_full,synthetic,22
0.2988665159908542,0.214907020330429,0.1547044690734427,7,29,residual_full,synthetic,22
0.2371777898551849,0.1646608114242553,0.1327342158910575,4,29,residual_full,synthetic,22
0.0178156349599533,0.067941702902317,0.0116502147716166,6,29,residual_full,synthetic,22
0.0072003803949544,0.0383793376386165,0.0040486962228476,4,29,residual_full,synthetic,22
0.2482407891800762,0.2195035517215728,0.1506797216116614,7,29,residual_full,synthetic,22
0.0302331625920824,0.0748674720525741,0.0169335442042792,5,29,residual_full,synthetic,22
0.000580803875416,0.0149633856490254,0.0003929284524999,1,29,residual_full,synthetic,22
0.0022636041812852,0.0176757965236902,0.00158428908122,1,29,residual_full,synthetic,22
0.0025812997032561,0.0567685402929782,0.0012335359720942,5,29,residual_full,synthetic,22
0.0033613902035501,0.0646504536271095,0.0021582788296387,6,29,residual_full,synthetic,22
0.0270590198815197,0.0439594388008117,0.0168888422578456,3,29,residual_full,synthetic,22
0.0017812130355868,0.032310351729393,0.0011851633046511,3,29,residual_full,synthetic,22
0.0084920039467032,0.0506553426384925,0.0052414288222157,5,29,residual_full,synthetic,22
0.0157866813972004,0.0261737499386072,0.0120388467418508,1,29,residual_full,synthetic,22
0.0340597555421958,0.0648165568709373,0.0198786765563759,5,29,residual_full,synthetic,22
0.027982594716343,0.0405959114432334,0.0162587186812045,2,29,residual_full,synthetic,22
0.2129043163110618,0.1893848627805709,0.1315589886264031,6,29,residual_full,synthetic,22
6.696592935184764e-05,0.0139453168958425,5.589936655268872e-05,1,31,residual_full,synthetic,22
0.0207851507598978,0.059962473809719,0.0146794791648751,5,31,residual_full,synthetic,22
0.02069012690963,0.0608626827597618,0.0148937014005214,7,31,residual_full,synthetic,22
0.0002414400748294,0.0236543100327253,0.0001677238092483,3,31,residual_full,synthetic,22
8.582831766368315e-05,0.0255508255213499,5.899493508159562e-05,2,31,residual_full,synthetic,22
0.0030334447782773,0.0359747149050235,0.0015316026967257,3,31,residual_full,synthetic,22
0.0168670610714607,0.0548420697450637,0.0118532222571954,6,31,residual_full,synthetic,22
0.0018955530059855,0.0396153070032596,0.0013880718809304,4,31,residual_full,synthetic,22
0.0435839993836044,0.0799482464790344,0.0229243466330526,7,31,residual_full,synthetic,22
0.0199468935371401,0.0415095835924148,0.0142766591755232,3,31,residual_full,synthetic,22
0.0186132191154319,0.0405235514044761,0.0115788310628969,3,31,residual_full,synthetic,22
0.0011938365550838,0.01898336969316,0.0008663674177812,1,31,residual_full,synthetic,22
8.783716832583277e-05,0.0132267232984304,7.293098008503502e-05,1,31,residual_full,synthetic,22
0.0520650972630548,0.0736230015754699,0.0300119712011174,5,31,residual_full,synthetic,22
0.0066687198603406,0.0393171273171901,0.0047102435440305,4,31,residual_full,synthetic,22
0.0192814916924621,0.0550284720957279,0.0128694965261396,5,31,residual_full,synthetic,22
0.0194865386457278,0.0372654981911182,0.0120026624472114,2,31,residual_full,synthetic,22
0.0507066955919663,0.0660729706287384,0.0359745327947928,3,31,residual_full,synthetic,22
0.0366140642964227,0.0472444780170917,0.0215969425177972,2,31,residual_full,synthetic,22
0.0023513749595543,0.0242870282381773,0.0019272337147705,3,31,residual_full,synthetic,22
0.022399394766885,0.0372798852622509,0.014394528882262,3,34,residual_full,synthetic,22
0.0084480777805968,0.024404302239418,0.0062084309485579,2,34,residual_full,synthetic,22
0.0126898858524235,0.0419241152703762,0.0099531733493213,6,34,residual_full,synthetic,22
0.0209539650936548,0.0598924718797206,0.013034273330317,8,34,residual_full,synthetic,22
0.0944547396312903,0.1003932356834411,0.0605992039382857,7,34,residual_full,synthetic,22
0.0114359382703647,0.024694487452507,0.0079123931542472,2,34,residual_full,synthetic,22
0.0892045438609003,0.0957113206386566,0.0541108118677116,8,34,residual_full,synthetic,22
0.0063738220536595,0.0316062420606613,0.0044222037051946,5,34,residual_full,synthetic,22
0.0042891908113708,0.02281423099339,0.0031459158114974,3,34,residual_full,synthetic,22
1.0,1.0,0.0739385769834135,6,34,residual_full,synthetic,22
0.0074861090447116,0.0313598327338695,0.0060495389438913,4,34,residual_full,synthetic,22
0.0015186013293349,0.0159542094916105,0.0012888674502009,2,34,residual_full,synthetic,22
1.0,1.0,0.0291692673670211,8,34,residual_full,synthetic,22
0.0421890679546017,0.0619508177042007,0.0242258920289886,6,34,residual_full,synthetic,22
0.0029691057461309,0.0160207599401474,0.0019925946171744,1,34,residual_full,synthetic,22
0.0133079540917343,0.0530356466770172,0.0075319727814514,6,34,residual_full,synthetic,22
0.0709142904155183,0.0717755481600761,0.0501658363887245,3,34,residual_full,synthetic,22
0.0029433544315944,0.0177423693239688,0.0024457774576403,2,34,residual_full,synthetic,22
1.0,0.3020257949829101,0.2485043868667508,8,34,residual_full,synthetic,22
0.0146093117605412,0.0411207787692546,0.0093518119469853,5,34,residual_full,synthetic,22
0.000768213046241,0.016818344593048,0.000472250474974,1,40,residual_full,synthetic,22
0.0002435991207128,0.0148718496784567,0.0001925111944845,1,40,residual_full,synthetic,22
0.0318342046189059,0.0328195691108703,0.0126674662386092,1,40,residual_full,synthetic,22
1.0,0.3051398694515228,0.2617816420576628,5,40,residual_full,synthetic,22
0.0164852637222224,0.0723404139280319,0.0084332329118496,7,40,residual_full,synthetic,22
0.0017256534686684,0.0312251709401607,0.001085571777509,2,40,residual_full,synthetic,22
0.000329727289729,0.02784114331007,0.0001977950958052,2,40,residual_full,synthetic,22
0.0435121836610652,0.0906773805618286,0.031943102127142,8,40,residual_full,synthetic,22
0.0109185463052811,0.0361174419522285,0.006754280400065,3,40,residual_full,synthetic,22
0.0092941165829193,0.0423304364085197,0.0061608162162102,5,40,residual_full,synthetic,22
0.0615690632762009,0.0993608087301254,0.0271088088898686,8,40,residual_full,synthetic,22
0.0187649175941827,0.0425127111375331,0.012183157019507,4,40,residual_full,synthetic,22
0.0625933024399478,0.0479971058666706,0.0305091563389507,1,40,residual_full,synthetic,22
0.0685638445670427,0.0706829652190208,0.0418507899347367,4,40,residual_full,synthetic,22
0.013717723298386,0.0279330015182495,0.009033658948546,2,40,residual_full,synthetic,22
1.0,1.0,0.0057890771901807,4,40,residual_full,synthetic,22
0.0861473594941176,0.1243391409516334,0.0607127325912889,8,40,residual_full,synthetic,22
0.0274465023601684,0.0590818524360656,0.0185377193221287,4,40,residual_full,synthetic,22
0.0284129162684381,0.062469832599163,0.0198457718827511,6,40,residual_full,synthetic,22
1.0,0.3256670236587524,0.2732496653780121,6,40,residual_full,synthetic,22
0.012724630578472,0.0256590880453586,0.0088742230185501,1,44,residual_full,synthetic,22
0.0034311967756164,0.0201153419911861,0.0024846629416275,1,44,residual_full,synthetic,22
1.5739619734222998e-05,0.0149782625958323,1.246785082681152e-05,1,44,residual_full,synthetic,22
0.1384006437410643,0.1288856565952301,0.088707983875432,4,44,residual_full,synthetic,22
0.1011302545463166,0.1042168140411377,0.0677288049949663,4,44,residual_full,synthetic,22
0.0119025372565115,0.0356345400214195,0.0098106038777843,3,44,residual_full,synthetic,22
0.0207377725111382,0.0716116353869438,0.014142039374407,7,44,residual_full,synthetic,22
0.0789329703105798,0.097621239721775,0.0576851634953445,5,44,residual_full,synthetic,22
0.0434636786429175,0.1209856271743774,0.030454280470967,8,44,residual_full,synthetic,22
0.0569047471384028,0.1328495889902115,0.0366693921780577,8,44,residual_full,synthetic,22
0.0488432152877719,0.0928974822163581,0.0376993648744396,8,44,residual_full,synthetic,22
0.0228648442857098,0.0685241445899009,0.014939271796172,5,44,residual_full,synthetic,22
0.016447145425274,0.0438850969076156,0.0095185199788933,3,44,residual_full,synthetic,22
0.0492028984816708,0.0821106284856796,0.0245941324303022,8,44,residual_full,synthetic,22
0.1370666690983549,0.1317786276340484,0.0874562116397992,5,44,residual_full,synthetic,22
0.0121301700934829,0.076656274497509,0.0076468842052149,6,44,residual_full,synthetic,22
0.026167856419685,0.0759024396538734,0.0208498281487337,7,44,residual_full,synthetic,22
0.0524343116740282,0.120922103524208,0.0337713049391349,7,44,residual_full,synthetic,22
0.1495271880391856,0.1679697036743164,0.1025068114573359,7,44,residual_full,synthetic,22
0.0342689688759397,0.0751133188605308,0.0253496492960212,7,44,residual_full,synthetic,22
0.0394201256196692,0.0909179151058197,0.0236596568725716,6,57,residual_full,synthetic,22
0.0035534011124135,0.0330102145671844,0.0023399099744614,2,57,residual_full,synthetic,22
0.1122434690988463,0.1997195035219192,0.0692885796781642,7,57,residual_full,synthetic,22
0.0172951835807373,0.0544226542115211,0.0118651852452128,4,57,residual_full,synthetic,22
0.1786590914051413,0.3118270337581634,0.0978037893712225,8,57,residual_full,synthetic,22
0.2337133338833064,0.3321587443351745,0.1489928621703076,8,57,residual_full,synthetic,22
0.0054748631345057,0.0242001265287399,0.003171719868526,1,57,residual_full,synthetic,22
0.0695738314333708,0.1526588350534439,0.0468735392792711,7,57,residual_full,synthetic,22
0.0790887815457949,0.1035775691270828,0.05216111993931,5,57,residual_full,synthetic,22
0.1106142364622767,0.1041710674762725,0.0675991868702903,3,57,residual_full,synthetic,22
0.111646780744828,0.1137596741318702,0.0598134997020716,5,57,residual_full,synthetic,22
0.0002681896844064,0.0256627388298511,0.0001974297892402,2,57,residual_full,synthetic,22
0.0029945760984877,0.0178642943501472,0.0024238728411659,1,57,residual_full,synthetic,22
0.037462282924534,0.0643391832709312,0.0246496844821234,3,57,residual_full,synthetic,22
0.1619277316175981,0.268831193447113,0.1021260540490152,7,57,residual_full,synthetic,22
0.0146537330952259,0.0932468324899673,0.0099431986352335,6,57,residual_full,synthetic,22
0.067937936384549,0.1492697745561599,0.0318981653442601,8,57,residual_full,synthetic,22
0.0044441376877012,0.0189416632056236,0.0031214382921205,1,57,residual_full,synthetic,22
0.0005351787241967,0.016487494111061,0.0003959877421302,1,57,residual_full,synthetic,22
0.0721262993947439,0.1100299805402755,0.0367854495298498,4,57,residual_full,synthetic,22
0.0033928425851579,0.0298641584813594,0.0025096893900015,3,78,residual_full,synthetic,22
0.0002841745454901,0.0207196213304996,0.0001098538285515,3,78,residual_full,synthetic,22
0.0707547093769495,0.0568798966705799,0.0390282866242233,2,78,residual_full,synthetic,22
0.0331315885777018,0.0399972610175609,0.0226006356461528,2,78,residual_full,synthetic,22
3.9918975969222e-06,0.0132914083078503,3.208665235201768e-06,1,78,residual_full,synthetic,22
0.0733292849320427,0.0773907154798507,0.0503346965000794,4,78,residual_full,synthetic,22
0.0037284695110575,0.0193364638835191,0.002828490494382,2,78,residual_full,synthetic,22
0.0007830701695334,0.0171679612249135,0.0005391352120032,2,78,residual_full,synthetic,22
0.0002173824811028,0.0123711582273244,0.0001031565071099,1,78,residual_full,synthetic,22
0.0059708655834084,0.0465942844748497,0.0037935249637413,6,78,residual_full,synthetic,22
0.3216178602169823,0.0411674007773399,0.0131947209298305,2,78,residual_full,synthetic,22
0.003349697906339,0.0152038456872105,0.0024863897873144,1,78,residual_full,synthetic,22
0.002122722296754,0.0191373489797115,0.0016127619314366,2,78,residual_full,synthetic,22
0.4009150987065391,0.0281271990388631,0.0044539751957657,2,78,residual_full,synthetic,22
0.0010401620119042,0.0285048484802246,0.0007027082326562,3,78,residual_full,synthetic,22
0.4069989360205118,0.1003877818584442,0.0387461424144494,8,78,residual_full,synthetic,22
0.0712541481073678,0.0802582949399948,0.0409815992630555,7,78,residual_full,synthetic,22
1.4509697834119706e-05,0.0177827477455139,9.336899939964426e-06,2,78,residual_full,synthetic,22
0.02604381061176,0.0306726116687059,0.0166067915715166,1,78,residual_full,synthetic,22
0.0173288101797752,0.0504275821149349,0.0128175442075179,6,78,residual_full,synthetic,22
0.0103725136841406,0.0280494578182697,0.0070980183515233,3,83,residual_full,synthetic,22
0.0004468840222552,0.0122697567567229,0.000343819795803,1,83,residual_full,synthetic,22
0.0114963894881102,0.0248907376080751,0.0095124168957807,2,83,residual_full,synthetic,22
0.016268234967312,0.0481279268860816,0.0117370994597638,6,83,residual_full,synthetic,22
0.0025408734261057,0.0319491326808929,0.0019678999919239,5,83,residual_full,synthetic,22
0.0270152233631689,0.0481879264116287,0.0218353864868772,5,83,residual_full,synthetic,22
0.0322505480657842,0.0527990013360977,0.0191624192029453,5,83,residual_full,synthetic,22
0.1158895067810712,0.1255199462175369,0.092981289453579,6,83,residual_full,synthetic,22
0.0084920080348545,0.0392952896654605,0.0053257169237955,6,83,residual_full,synthetic,22
0.0129392389742589,0.0423671007156372,0.0101925523877954,7,83,residual_full,synthetic,22
0.1198062119346456,0.111587256193161,0.0821747241026831,5,83,residual_full,synthetic,22
0.0778932944377174,0.0939516872167587,0.0565913514621533,7,83,residual_full,synthetic,22
0.0039535388943261,0.0218547359108924,0.0032594554578237,3,83,residual_full,synthetic,22
0.0244611955719483,0.0535823106765747,0.0180821926298108,7,83,residual_full,synthetic,22
0.0001679926753507,0.0129460832104086,0.000132128355866,1,83,residual_full,synthetic,22
0.0013673158634909,0.0136691844090819,0.0011604911483585,1,83,residual_full,synthetic,22
0.0007730434324501,0.0179233290255069,0.0006393673137311,2,83,residual_full,synthetic,22
0.0114478278856402,0.0245850142091512,0.0075247366250001,2,83,residual_full,synthetic,22
0.0018732447273854,0.0258597433567047,0.0014860114780609,4,83,residual_full,synthetic,22
0.041252232721632,0.0547050312161445,0.0274798308751727,5,83,residual_full,synthetic,22
0.0005542931388263,0.0292414035648107,0.0003742685578866,2,89,residual_full,synthetic,22
0.0021693174298661,0.0274272020906209,0.0015420469282473,3,89,residual_full,synthetic,22
0.0039205411676734,0.0322282463312149,0.002439940566072,3,89,residual_full,synthetic,22
0.0309817610564208,0.0769487172365188,0.0186957503677321,7,89,residual_full,synthetic,22
0.0191735096844941,0.0456687211990356,0.0089573840087312,4,89,residual_full,synthetic,22
0.009599608182881,0.0396701134741306,0.0064923869784871,4,89,residual_full,synthetic,22
1.0,0.4988186061382293,0.4371531086607637,8,89,residual_full,synthetic,22
0.041192584142093,0.079167291522026,0.0255926703051889,7,89,residual_full,synthetic,22
0.0191189368809242,0.0548504032194614,0.0069073915521426,5,89,residual_full,synthetic,22
0.2309473433130153,0.1747541427612304,0.1074743331858954,7,89,residual_full,synthetic,22
1.0,0.6829260587692261,0.5856042957847865,7,89,residual_full,synthetic,22
0.051115783353736,0.0801741331815719,0.0246505681810178,6,89,residual_full,synthetic,22
0.0008048828878015,0.0240402854979038,0.0005556133451653,2,89,residual_full,synthetic,22
0.000692695773062,0.0324238277971744,0.0004564445900693,3,89,residual_full,synthetic,22
0.0029813295373808,0.0457395650446414,0.001601039069606,5,89,residual_full,synthetic,22
0.007319083860775,0.0371084846556186,0.0053105488734952,4,89,residual_full,synthetic,22
0.0004560711824425,0.0250529982149601,0.00025894310815,2,89,residual_full,synthetic,22
0.001177519056308,0.0137579403817653,0.000969001534647,1,89,residual_full,synthetic,22
0.0007915308234472,0.0374417454004287,0.000561005556465,4,89,residual_full,synthetic,22
0.1277387994452455,0.112849622964859,0.0640685035891049,5,89,residual_full,synthetic,22
0.0592625893379987,0.0488601401448249,0.0122262941453018,7,1000022,residual_full,osm,22
1.0,1.0,3.830386051204275e-05,1,1000022,residual_full,osm,22
0.661188347996704,0.0769140049815177,0.0562001097618811,3,1000022,residual_full,osm,22
0.0684773196604434,0.0575421117246151,0.0164568316608687,8,1000022,residual_full,osm,22
1.0,1.0,0.0035103580418762,5,1000022,residual_full,osm,22
0.4269227685564114,0.0322399884462356,0.005153144985875,5,1000022,residual_full,osm,22
4.2850968628993513e-07,0.0138036096468567,4.302574940521651e-08,1,1000022,residual_full,osm,22
1.0,0.1515124142169952,0.1154086127406441,6,1000022,residual_full,osm,22
0.7179726076464917,0.1061037480831146,0.0726504165983706,6,1000022,residual_full,osm,22
1.0,1.0,0.0100999553657432,5,1000022,residual_full,osm,22
1.0,1.0,0.0016312716633554,2,1000022,residual_full,osm,22
0.2135306690610565,0.0784923359751701,0.0455691405960021,6,1000022,residual_full,osm,22
1.0,1.0,0.0047414008899772,7,1000022,residual_full,osm,22
1.0,1.0,0.0248184784766137,7,1000022,residual_full,osm,22
0.2483802790361015,0.1082132831215858,0.0673399341750326,8,1000022,residual_full,osm,22
0.022021770509337,0.0347130969166755,0.0102814122585643,4,1000022,residual_full,osm,22
1.0,1.0,0.0013847188702557,4,1000022,residual_full,osm,22
0.0340343814985129,0.0323828905820846,0.0164498309753569,2,1000022,residual_full,osm,22
0.0277765933306157,0.0324448831379413,0.0122621468674755,3,1000022,residual_full,osm,22
1.0,1.0,0.0968519352342708,7,1000022,residual_full,osm,22
1.0,1.0,0.0083647700028205,8,1000022,residual_full,osm,22
0.0276698256138903,0.0273392591625452,0.0034386379678677,4,1000022,residual_full,osm,22
1.0,1.0,0.0244870694431793,6,1000022,residual_full,osm,22
1.0,1.0,0.0142393742736365,7,1000022,residual_full,osm,22
1.0,1.0,0.0118349823098322,5,1000022,residual_full,osm,22
0.0294054384941623,0.0379331670701503,0.00129932322958,7,1000022,residual_full,osm,22
1.0,1.0,0.0026587800060128,3,1000022,residual_full,osm,22
0.6315839167413906,0.0741820782423019,0.0415769791475647,6,1000022,residual_full,osm,22
1.0,1.0,0.0693017866818498,7,1000022,residual_full,osm,22
0.0019540864976809,0.0176135711371898,0.0011492619765784,2,1000022,residual_full,osm,22
4.031824819450414e-06,0.0122055877000093,1.308216586595299e-06,1,1000022,residual_full,osm,22
1.0,1.0,0.0325326275725992,6,1000022,residual_full,osm,22
1.0,1.0,7.512784939981066e-05,3,1000022,residual_full,osm,22
0.1978922772713425,0.0586874671280384,0.0220536213484058,7,1000022,residual_full,osm,22
0.0043767158651036,0.0129241794347763,0.0007199003296098,1,1000022,residual_full,osm,22
1.0,1.0,3.068688565904151e-06,2,1000022,residual_full,osm,22
0.0036367163277706,0.0134569127112627,0.0017857504792187,1,1000022,residual_full,osm,22
1.0,1.0,0.0104030554766012,8,1000022,residual_full,osm,22
1.0,1.0,0.0019051924859544,8,1000022,residual_full,osm,22
1.0,1.0,0.0085075439451156,7,1000022,residual_full,osm,22
0.0993250360936151,0.0676140636205673,0.0267407076095561,8,1000022,residual_full,osm,22
0.0005906540299985,0.0124931875616312,0.000288908564717,1,1000022,residual_full,osm,22
1.0,0.0789834186434745,0.0368384994550554,8,1000022,residual_full,osm,22
0.2239499477707431,0.0484912805259227,0.0107974293998261,7,1000022,residual_full,osm,22
0.3852108743477386,0.0508005246520042,0.0173471970039202,6,1000022,residual_full,osm,22
1.0,1.0,0.0459801396114748,7,1000022,residual_full,osm,22
0.03198801126336,0.0246907100081443,0.0050391358313637,3,1000022,residual_full,osm,22
1.0,1.0,0.0041465663486509,8,1000022,residual_full,osm,22
0.2423752066286533,0.0636775568127632,0.0339359441674108,5,1000022,residual_full,osm,22
0.2393751716606396,0.0433659218251705,0.026901612969817,2,1000022,residual_full,osm,22
0.0216305204615653,0.0292854476720094,0.0053848271604814,4,1000022,residual_full,osm,22
1.0,1.0,0.0379044633191299,7,1000022,residual_full,osm,22
1.0,1.0,0.0075735238904501,6,1000022,residual_full,osm,22
1.0,0.0555689260363578,0.018405070877571,7,1000022,residual_full,osm,22
1.0,1.0,0.0001894409257243,2,1000022,residual_full,osm,22
0.0041714617162269,0.0220893546938896,0.002437781008418,3,1000022,residual_full,osm,22
1.0,1.0,0.0111517788146171,8,1000022,residual_full,osm,22
1.0,1.0,0.0024136971166162,5,1000022,residual_full,osm,22
1.0,1.0,0.006565650256765,8,1000022,residual_full,osm,22
1.0,1.0,0.0047124898477113,5,1000022,residual_full,osm,22
1.0,1.0,0.0003962824170605,5,1000022,residual_full,osm,22
0.0467223422667265,0.0414709597826004,0.0069573799054684,6,1000022,residual_full,osm,22
1.0,1.0,0.005304791926408,7,1000022,residual_full,osm,22
0.0511337035583889,0.0262914113700389,0.0013286610696379,4,1000022,residual_full,osm,22
1.0,1.0,0.009424202147,6,1000022,residual_full,osm,22
0.2030706186781794,0.1092093288898468,0.0746957498523132,6,1000022,residual_full,osm,22
1.0,1.0,0.0314243149126428,7,1000022,residual_full,osm,22
1.0,1.0,0.0089359371570525,8,1000022,residual_full,osm,22
1.0,1.0,0.0017039859008202,2,1000022,residual_full,osm,22
1.0,1.0,0.0005481583127516,2,1000022,residual_full,osm,22
1.0,1.0,0.0022431868127415,4,1000022,residual_full,osm,22
0.5774625828096114,0.0492774620652198,0.0248457754560725,4,1000022,residual_full,osm,22
0.0432561920160647,0.0477703511714935,0.0190905998468878,5,1000022,residual_full,osm,22
1.0,1.0,0.0027124608662837,7,1000022,residual_full,osm,22
0.025500396682591,0.0213336665183305,0.0032756753796771,2,1000022,residual_full,osm,22
1.0,0.0482355877757072,0.0174331853006596,5,1000022,residual_full,osm,22
0.6483726272674809,0.0822152197360992,0.0508825928786983,6,1000022,residual_full,osm,22
0.0019761245586455,0.0133144482970237,0.0005770733438072,1,1000022,residual_full,osm,22
1.0,0.0427346974611282,0.008221114514428,6,1000022,residual_full,osm,22
1.0,1.0,3.4962562388934794e-05,1,1000022,residual_full,osm,22
1.0,1.0,0.0023423064809821,3,1000022,residual_full,osm,22
1.0,1.0,0.0037353688607285,4,1000022,residual_full,osm,22
1.0,1.0,0.0037660818719803,4,1000022,residual_full,osm,22
0.0104277327299394,0.0329692587256431,0.0037585682528435,5,1000022,residual_full,osm,22
1.0,1.0,0.0164817028256158,7,1000022,residual_full,osm,22
1.0,1.0,0.015850007514156,5,1000022,residual_full,osm,22
1.0,1.0,0.0040379220895939,3,1000022,residual_full,osm,22
0.000429112800577,0.0122275883331894,2.3308864453148737e-05,1,1000022,residual_full,osm,22
0.0854254622289054,0.0452795810997486,0.010235901427306,7,1000022,residual_full,osm,22
1.0,1.0,0.000490109086489,4,1000022,residual_full,osm,22
1.0,1.0,0.0007023233409486,2,1000022,residual_full,osm,22
0.1119495075034033,0.0911339595913887,0.0566203762601654,6,1000022,residual_full,osm,22
1.0,1.0,0.0550017091426372,3,1000022,residual_full,osm,22
1.0,1.0,0.0173066229917479,6,1000022,residual_full,osm,22
0.058120635509415,0.0495581366121768,0.0230022955473974,5,1000022,residual_full,osm,22
1.0,0.0701757967472076,0.0319519666439951,7,1000022,residual_full,osm,22
0.1004109153248165,0.0483308732509613,0.0220936410985269,5,1000022,residual_full,osm,22
0.5618621855192851,0.0616031214594841,0.0392958073954662,3,1000022,residual_full,osm,22
1.0,0.0488645024597644,0.0138208224252822,6,1000022,residual_full,osm,22
1.1944932526430918e-06,0.0122043807059526,1.011949318555604e-07,1,1000022,residual_full,osm,22
1.0,1.0,0.001021395638292,6,1000022,residual_full,osm,22
1.0,1.0,0.0185905656338218,7,1000022,residual_full,osm,22
0.0524912248267336,0.0467267334461212,0.0132734045377608,6,1000022,residual_full,osm,22
0.096356870165787,0.0283883325755596,0.0066121487741194,3,1000022,residual_full,osm,22
0.0406610291429626,0.0203031674027442,0.0027764002588903,2,1000022,residual_full,osm,22
1.0,1.0,0.0195058249834439,5,1000022,residual_full,osm,22
0.101507390542377,0.0361249484121799,0.0032017527400825,5,1000022,residual_full,osm,22
0.004139607429631,0.0212391503155231,0.001587577733914,3,1000022,residual_full,osm,22
1.0,1.0,0.0010101487384279,5,1000022,residual_full,osm,22
0.0152428417699717,0.0200908221304416,0.0041577626575225,2,1000022,residual_full,osm,22
0.0012337919862523,0.0122254351153969,0.0005542731651838,1,1000022,residual_full,osm,22
1.0,1.0,0.0077255094798333,8,1000022,residual_full,osm,22
1.0,0.0857651829719543,0.0446799071216366,8,1000022,residual_full,osm,22
1.0,1.0,0.0047468290809075,4,1000022,residual_full,osm,22
1.0,1.0,0.0129059240158892,4,1000022,residual_full,osm,22
0.003453790204041,0.0221582278609275,0.0009131732929925,3,1000022,residual_full,osm,22
0.0024119239656386,0.016831737011671,0.0008986770979651,2,1000022,residual_full,osm,22
1.0,1.0,0.0999877658070129,7,1000022,residual_full,osm,22
0.3549696699507438,0.0371139869093894,0.0073723697546857,5,1000022,residual_full,osm,22
0.0092482295618965,0.0193528681993484,0.0018261009233536,2,1000022,residual_full,osm,22
0.096623724418568,0.0546162873506546,0.0172404259360675,7,1000022,residual_full,osm,22
0.0249053678839179,0.0349284783005714,0.0067796819960241,4,1000022,residual_full,osm,22
1.0,1.0,0.0020745460876886,3,1000022,residual_full,osm,22
1.0,1.0,0.0294255220009244,6,1000022,residual_full,osm,22
1.0,1.0,0.036595442436025,7,1000022,residual_full,osm,22
1.0,1.0,0.0069026801700126,8,1000022,residual_full,osm,22
1.0,1.0,0.0390352210014717,6,1000022,residual_full,osm,22
1.0,1.0,0.0121278404544656,5,1000022,residual_full,osm,22
0.0018289407942931,0.0134901572018861,0.0007527824414005,1,1000022,residual_full,osm,22
1.0,1.0,0.0066638406146562,5,1000022,residual_full,osm,22
1.0,0.1521762609481811,0.1091836942822152,8,1000022,residual_full,osm,22
1.0,1.0,0.0025232002648018,3,1000022,residual_full,osm,22
1.0,1.0,0.0054806325351498,4,1000022,residual_full,osm,22
0.0010806962141624,0.014185182750225,0.0003816159156833,1,1000022,residual_full,osm,22
0.7178453325663612,0.0645762011408805,0.0290024465166473,7,1000022,residual_full,osm,22
1.0,1.0,0.0104814099691498,8,1000022,residual_full,osm,22
1.0,0.0309415962547063,0.0065099111390086,4,1000022,residual_full,osm,22
1.0,1.0,0.0051600506377164,4,1000022,residual_full,osm,22
0.0168836304490609,0.020091900601983,0.0015027124417553,2,1000022,residual_full,osm,22
0.0185030660062668,0.0190596580505371,0.0020641143515678,2,1000022,residual_full,osm,22
2.967537254594532e-06,0.0122047960758209,5.172639377939366e-07,1,1000022,residual_full,osm,22
1.0,1.0,0.0254204233939,7,1000022,residual_full,osm,22
1.0,1.0,0.0151651225327989,8,1000022,residual_full,osm,22
1.0,1.0,4.645516922675615e-05,1,1000022,residual_full,osm,22
1.0,1.0,0.0159209991813197,7,1000022,residual_full,osm,22
0.0261255771742024,0.0323449969291687,0.0153494546921364,2,1000022,residual_full,osm,22
0.0210335016215947,0.0333341024816036,0.008902418010754,4,1000022,residual_full,osm,22
1.0,1.0,0.0038814276796852,5,1000022,residual_full,osm,22
0.0080022783041793,0.0190919954329729,0.0010340053354778,2,1000022,residual_full,osm,22
1.0,1.0,0.0226153735756123,6,1000022,residual_full,osm,22
0.0791483345720144,0.0792028978466987,0.0420390388583239,7,1000022,residual_full,osm,22
0.0001767938654594,0.0159868951886892,5.3835804801453055e-05,2,1000022,residual_full,osm,22
4.744199803452531e-06,0.0207162052392959,2.3079325460334308e-06,3,1000022,residual_full,osm,22
1.0,1.0,0.0150444799020029,7,1000022,residual_full,osm,22
0.0122149196511756,0.017756151035428,0.005551871298638,1,1000022,residual_full,osm,22
1.0,1.0,0.0139149096711293,8,1000022,residual_full,osm,22
1.0,1.0,0.0848761515021653,8,1000022,residual_full,osm,22
1.0,1.0,0.0075422350265901,7,1000022,residual_full,osm,22
1.0,1.0,0.0590852773341261,6,1000022,residual_full,osm,22
1.0,1.0,7.467837207358011e-05,1,1000022,residual_full,osm,22
1.0,1.0,0.135000551219476,6,1000022,residual_full,osm,22
1.0,1.0,0.019585060890409,6,1000022,residual_full,osm,22
1.0,1.0,0.0102922023627275,6,1000022,residual_full,osm,22
5.496675320859623e-05,0.0138256903737783,2.2123146170424443e-05,1,1000022,residual_full,osm,22
1.0,1.0,0.0062459904578754,6,1000022,residual_full,osm,22
1.0,1.0,0.0050414537769895,2,1000022,residual_full,osm,22
0.0255128415265319,0.0183433406054973,0.0013477975735442,2,1000022,residual_full,osm,22
1.0,1.0,0.1436701044794212,8,1000022,residual_full,osm,22
1.0,1.0,1.509416376882741e-06,1,1000022,residual_full,osm,22
0.0671614482111822,0.0201841071248054,0.0042510484659272,2,1000022,residual_full,osm,22
1.0,1.0,0.0170562247304369,4,1000022,residual_full,osm,22
1.0,1.0,0.0106162249026285,8,1000022,residual_full,osm,22
1.0,1.0,0.0819622769197602,3,1000022,residual_full,osm,22
1.0,1.0,0.0076953498777035,8,1000022,residual_full,osm,22
1.0,1.0,0.1337459261139945,5,1000022,residual_full,osm,22
0.0988722863169444,0.0225414261221885,0.0055458828107962,2,1000022,residual_full,osm,22
1.0,1.0,0.0308956892529175,8,1000022,residual_full,osm,22
1.0,0.1350785791873932,0.0942052265774255,8,1000022,residual_full,osm,22
0.1109456319929681,0.0758106186985969,0.0550967200043272,3,1000022,residual_full,osm,22
0.5055506804777129,0.0195007901638746,0.0030364812071421,2,1000022,residual_full,osm,22
1.0,1.0,0.124106131060087,3,1000022,residual_full,osm,22
0.0060763697423074,0.0277612078934907,0.0033295232894558,4,1000022,residual_full,osm,22
1.0,1.0,0.002550558727399,8,1000022,residual_full,osm,22
1.0,1.0,0.0017993845893316,6,1000022,residual_full,osm,22
1.0,1.0,0.016663244454453,4,1000022,residual_full,osm,22
1.0,1.0,0.071775843966098,6,1000022,residual_full,osm,22
1.0,0.068827286362648,0.0412094711947009,5,1000022,residual_full,osm,22
0.0353068913006345,0.0482838004827499,0.0116499559696186,7,1000022,residual_full,osm,22
0.5536822712484293,0.1496249139308929,0.1251932279874953,4,1000022,residual_full,osm,22
1.0,0.037693552672863,0.0074213945032331,5,1000022,residual_full,osm,22
0.6680460131765696,0.1056908592581749,0.0679970053733476,7,1000022,residual_full,osm,22
1.0,1.0,0.0131854556346617,8,1000022,residual_full,osm,22
0.6072203967256453,0.0796541571617126,0.0520363347333689,5,1000022,residual_full,osm,22
1.0,1.0,0.00565536742054,3,1000022,residual_full,osm,22
1.0,1.0,0.0020369498933121,4,1000022,residual_full,osm,22
1.0,1.0,0.0033960429376764,4,1000022,residual_full,osm,22
0.0652340546681948,0.0246887970715761,0.0058871264011397,3,1000022,residual_full,osm,22
1.0,1.0,0.0438451325221288,6,1000022,residual_full,osm,22
1.0,1.0,0.0047371358263368,7,1000022,residual_full,osm,22
1.0,1.0,0.0938581400013631,7,1000022,residual_full,osm,22
1.0,1.0,0.0049846003372971,3,1000022,residual_full,osm,22
1.0,1.0,0.0002289789113383,5,1000022,residual_full,osm,22
1.0,1.0,0.00758260562506,6,1000022,residual_full,osm,22
1.0,1.0,0.1128037303194877,7,1000022,residual_full,osm,22
1.0,1.0,0.0281508769099735,6,1000022,residual_full,osm,22
1.0,1.0,0.0013921346387324,3,1000022,residual_full,osm,22
1.0,1.0,0.0008955571850381,7,1000022,residual_full,osm,22
0.0297215226649764,0.0255383774638175,0.009924063277781,2,1000022,residual_full,osm,22
0.7142370445617534,0.0579187013208866,0.0255256813076203,6,1000022,residual_full,osm,22
1.0,1.0,0.018075623009035,6,1000022,residual_full,osm,22
1.0,1.0,0.0436659906582029,6,1000022,residual_full,osm,22
0.6293463348956856,0.0404404364526271,0.0234448921429868,2,1000022,residual_full,osm,22
1.0,0.1399131715297699,0.1091107637624466,5,1000022,residual_full,osm,22
1.0,1.0,0.0067435445957689,6,1000022,residual_full,osm,22
0.5782059616210586,0.176170215010643,0.1453678196130101,5,1000022,residual_full,osm,22
0.0179093140336461,0.0234531015157699,0.0022080475987702,3,1000022,residual_full,osm,22
0.0582594083894187,0.0607835091650486,0.0204400262729786,8,1000022,residual_full,osm,22
1.0,1.0,0.0140648734737886,7,1000022,residual_full,osm,22
5.231218480616917e-07,0.0122043546289205,7.556975553316369e-08,1,1000022,residual_full,osm,22
1.0,0.0235251057893037,0.0065295627646762,2,1000022,residual_full,osm,22
1.0,1.0,0.0008644637769688,2,1000022,residual_full,osm,22
1.0,1.0,7.498400060359233e-05,2,1000022,residual_full,osm,22
1.0,1.0,0.0840970871295419,6,1000022,residual_full,osm,22
0.0011188595382847,0.0128633044660091,0.0001259294921825,1,1000022,residual_full,osm,22
0.0645246712103525,0.0244528912007808,0.0056512208009816,3,1000022,residual_full,osm,22
0.6898106618323505,0.1356821060180664,0.1016986395733126,6,1000022,residual_full,osm,22
0.0083007874767945,0.0134057300165295,0.0006683548796551,1,1000022,residual_full,osm,22
0.0139849567985723,0.0193219240754842,0.0065845499432013,1,1000022,residual_full,osm,22
1.0,1.0,0.0070456312930801,6,1000022,residual_full,osm,22
0.6009422175300472,0.0968677550554275,0.0544049628419273,8,1000022,residual_full,osm,22
1.0,1.0,0.0064434078997277,2,1000022,residual_full,osm,22
1.0,1.0,0.0023850088242673,5,1000022,residual_full,osm,22
0.375751529011269,0.0399864315986633,0.0065331019392025,6,1000022,residual_full,osm,22
0.4215249159356058,0.0223596915602684,0.0053641488570457,2,1000022,residual_full,osm,22
1.0,1.0,0.0053044627004421,7,1000022,residual_full,osm,22
1.0,1.0,0.0216470434416584,5,1000022,residual_full,osm,22
0.0085123091141061,0.0321365594863891,0.0023949433892865,5,1000022,residual_full,osm,22
0.0645422531655747,0.0612785369157791,0.0320678464867197,5,1000022,residual_full,osm,22
0.0011188595382847,0.0128633044660091,0.0001259294921825,1,1000022,residual_full,osm,22
1.0,1.0,0.1255154697295354,7,1000022,residual_full,osm,22
1.0,1.0,0.0015060167247702,2,1000022,residual_full,osm,22
1.0,1.0,0.0041665940874793,7,1000022,residual_full,osm,22
1.0,0.056544691324234,0.0252120643916463,5,1000022,residual_full,osm,22
0.002456896093271,0.0130845960229635,0.0014134341111018,1,1000022,residual_full,osm,22
0.0638990349683662,0.0649521648883819,0.0325591408008452,6,1000022,residual_full,osm,22
1.0,1.0,0.0429988502326407,8,1000022,residual_full,osm,22
1.0,1.0,1.8890188354178791e-06,1,1000022,residual_full,osm,22
0.0282597870268177,0.0338309481739997,0.0072751058676985,4,1000022,residual_full,osm,22
1.0,1.0,0.0013982852169383,8,1000022,residual_full,osm,22
1.0,1.0,0.010362940408929,7,1000022,residual_full,osm,22
1.0,1.0,0.0711059544593881,7,1000022,residual_full,osm,22
1.0,1.0,0.0004174049556112,5,1000022,residual_full,osm,22
0.1557400598357285,0.0711719393730163,0.0313583289159508,8,1000022,residual_full,osm,22
0.0179122024077859,0.0188694465905427,0.0029363882439664,2,1000022,residual_full,osm,22
0.0288537754620598,0.0343267023563385,0.0088329106460746,4,1000022,residual_full,osm,22
0.0384177688022483,0.0514182932674884,0.0119226304503776,8,1000022,residual_full,osm,22
0.0088033412522382,0.0286364313215017,0.0026116123830197,4,1000022,residual_full,osm,22
1.0,1.0,0.0145492512222551,6,1000022,residual_full,osm,22
1.0,1.0,0.0204056141360546,7,1000022,residual_full,osm,22
1.0,1.0,0.0231649286710416,5,1000022,residual_full,osm,22
0.0088966690799848,0.0224351920187473,0.0033148090209054,2,1000022,residual_full,osm,22
0.265937800087012,0.0796528458595275,0.0488504392419353,6,1000022,residual_full,osm,22
0.0046892191125932,0.0147651834413409,0.0009616162273236,1,1000022,residual_full,osm,22
0.638991904783758,0.054867073893547,0.0304353916806759,4,1000022,residual_full,osm,22
0.013597470609899,0.0411592870950698,0.0050554776531671,7,1000022,residual_full,osm,22
0.6610937299036866,0.0681498646736145,0.0559455850567669,1,1000022,residual_full,osm,22
0.0611811649284678,0.0323817729949951,0.009012238847247,3,1000022,residual_full,osm,22
0.0289222598220337,0.0246277600526809,0.0118903849501182,1,1000022,residual_full,osm,22
1.0,1.0,0.015789036513351,5,1000022,residual_full,osm,22
0.7127446033018017,0.1157502979040145,0.0918496742009207,4,1000022,residual_full,osm,22
1.0,1.0,0.061524847209212,7,1000022,residual_full,osm,22
0.0088223999340112,0.0166305731981992,0.0052792752832526,1,1000022,residual_full,osm,22
1.0,1.0,0.0780993475815776,5,1000022,residual_full,osm,22
1.0,1.0,0.0016381599195545,6,1000022,residual_full,osm,22
0.034034217618444,0.0286540351808071,0.0164497554056014,1,1000022,residual_full,osm,22
1.0,1.0,0.0378337663756462,8,1000022,residual_full,osm,22
1.0,1.0,0.0042470090603038,7,1000022,residual_full,osm,22
0.000429112800577,0.0122275883331894,2.3308864453148737e-05,1,1000022,residual_full,osm,22
1.0,1.0,2.9584240906008803e-08,1,1000022,residual_full,osm,22
0.0006593882559656,0.0119983283802866,0.0003271665305768,1,1000022,residual_full,osm,22
1.0,1.0,0.0097080281265014,7,1000022,residual_full,osm,22
0.009274697776067,0.0204685479402542,0.0034730052434638,2,1000022,residual_full,osm,22
1.0,1.0,0.0650007925256996,7,1000022,residual_full,osm,22
1.0,0.0220468342304229,0.0050512894787456,2,1000022,residual_full,osm,22
0.0895616449529855,0.0403663739562034,0.008503540721293,6,1000022,residual_full,osm,22
1.0,1.0,0.0235550219220276,7,1000022,residual_full,osm,22
0.0144971372464125,0.0195565931499004,0.0041547784466318,2,1000022,residual_full,osm,22
1.0,1.0,0.1250366871719281,4,1000022,residual_full,osm,22
1.0,1.0,0.0070582901459584,5,1000022,residual_full,osm,22
1.0,1.0,0.006136867448268,8,1000022,residual_full,osm,22
0.0486585314785547,0.0471914373338222,0.015328604726501,6,1000022,residual_full,osm,22
0.0031611493216653,0.0179138556122779,0.0014495453314789,2,1000022,residual_full,osm,22
0.0671222932207218,0.0591434128582477,0.0318441748482028,5,1000022,residual_full,osm,22
1.0,1.0,0.0474529296369091,7,1000022,residual_full,osm,22
1.0,1.0,0.0374542800262513,6,1000022,residual_full,osm,22
1.0,1.0,0.0046215936346794,3,1000022,residual_full,osm,22
1.0,0.0319177992641925,0.0074861132652653,4,1000022,residual_full,osm,22
0.5326884996275778,0.1088906452059745,0.0823348044418889,4,1000022,residual_full,osm,22
0.0714820725355612,0.047452874481678,0.0139995451055969,6,1000022,residual_full,osm,22
0.177027416322177,0.0217010527849197,0.0009871546188106,3,1000022,residual_full,osm,22
0.4072308540312689,0.2681279480457306,0.183301526189552,6,21,direct_full,synthetic,33
0.005857100073734,0.0357641316950321,0.0042146815302046,5,21,direct_full,synthetic,33
0.0006117830904598,0.0482322610914707,0.0004353850705257,6,21,direct_full,synthetic,33
0.0043755528064921,0.016545919701457,0.0034758701415607,1,21,direct_full,synthetic,33
3.606342623496683e-05,0.0211739633232355,2.150222459108889e-05,2,21,direct_full,synthetic,33
0.0010808778119454,0.0261978823691606,0.0007789509314851,3,21,direct_full,synthetic,33
0.000531463097914,0.0167610496282577,0.0002973013882188,1,21,direct_full,synthetic,33
0.0279879985300691,0.0373377092182636,0.0170283725069124,5,21,direct_full,synthetic,33
0.0148126279970686,0.2715063989162445,0.0101673105628026,8,21,direct_full,synthetic,33
1.7323182516237878e-06,0.0185519810765981,9.793115105452757e-07,1,21,direct_full,synthetic,33
0.020523306243814,0.0684718936681747,0.0175418747963152,8,21,direct_full,synthetic,33
0.0041372261533293,0.0246649011969566,0.0031553713473702,3,21,direct_full,synthetic,33
0.0007680609314866,0.0232720859348773,0.0005568856272849,3,21,direct_full,synthetic,33
0.0010547775098269,0.0389976054430007,0.0007317699512247,5,21,direct_full,synthetic,33
0.0026528974767336,0.0390085540711879,0.001622966177703,5,21,direct_full,synthetic,33
0.0083712708261163,0.0332636423408985,0.0068582357566958,4,21,direct_full,synthetic,33
0.0034844415589099,0.0369177125394344,0.0020754705884318,5,21,direct_full,synthetic,33
0.002285234897408,0.0487699061632156,0.0016339397572987,5,21,direct_full,synthetic,33
0.0310968101637257,0.0292492266744375,0.0099011056663434,3,21,direct_full,synthetic,33
0.0096132968215778,0.0191184114664793,0.0079125597257668,2,21,direct_full,synthetic,33
0.0584375905429349,0.1760936230421066,0.0377832325557072,8,23,direct_full,synthetic,33
0.0698025277545828,0.064006820321083,0.0436725671051349,6,23,direct_full,synthetic,33
0.0123587790458085,0.0985909774899482,0.0074389206096123,7,23,direct_full,synthetic,33
0.0447696273522312,0.0789524242281913,0.0333583578303726,6,23,direct_full,synthetic,33
0.0128433766614056,0.1297088265419006,0.0094349181736848,8,23,direct_full,synthetic,33
0.0241915143726535,0.0306453891098499,0.0158999889400861,3,23,direct_full,synthetic,33
0.0417088055020807,0.0593847073614597,0.0312108960029819,5,23,direct_full,synthetic,33
0.0217508282503516,0.021664997562766,0.0147392746478344,2,23,direct_full,synthetic,33
0.142853024140217,0.0317122936248779,0.0866151762203628,3,23,direct_full,synthetic,33
0.0269643293822547,0.0348752066493034,0.019716743994084,3,23,direct_full,synthetic,33
0.0397590256494654,0.099234938621521,0.0296761568148596,7,23,direct_full,synthetic,33
0.2361981600783174,0.0430034063756465,0.1162086813917129,3,23,direct_full,synthetic,33
0.0031447328956419,0.0283594150096178,0.002559544951113,3,23,direct_full,synthetic,33
0.1904451917407764,0.0348752066493034,0.0916578521158634,3,23,direct_full,synthetic,33
0.0091741473826683,0.0448779687285423,0.0058636928521169,5,23,direct_full,synthetic,33
0.0182691122103629,0.0277258735150098,0.0122073897655295,3,23,direct_full,synthetic,33
0.2328866664911173,0.1038823425769805,0.1290272247642204,6,23,direct_full,synthetic,33
0.0873596293172008,0.1510850191116333,0.0590665705389003,8,23,direct_full,synthetic,33
0.0028086795141729,0.0401880703866481,0.0020209001370851,4,23,direct_full,synthetic,33
0.0287689520208237,0.0188412070274353,0.0162915452346097,1,23,direct_full,synthetic,33
0.00011459523185,0.0236892458051443,7.678798377894125e-05,3,29,direct_full,synthetic,33
0.0010057839735244,0.0219952911138534,0.0006213566132888,2,29,direct_full,synthetic,33
3.768581002816518e-10,0.0157106965780258,3.26458773226536e-10,1,29,direct_full,synthetic,33
0.0236667608961154,0.0600892342627048,0.0147014324942933,6,29,direct_full,synthetic,33
1.0,0.0362800955772399,0.3007163862736454,3,29,direct_full,synthetic,33
1.0,0.0443277917802333,0.1846261349782692,4,29,direct_full,synthetic,33
0.1944315885619664,0.0726139545440673,0.0977686810956539,7,29,direct_full,synthetic,33
0.0010249153711517,0.0157106965780258,0.0008346539319092,1,29,direct_full,synthetic,33
0.0035556951257342,0.0226184390485286,0.0022977493026549,3,29,direct_full,synthetic,33
0.0003407753326285,0.0172536093741655,0.0002460998271296,1,29,direct_full,synthetic,33
0.0011367113922614,0.0465947017073631,0.0008918198476029,5,29,direct_full,synthetic,33
0.1094487791516557,0.0414684303104877,0.042112394094997,4,29,direct_full,synthetic,33
0.107137022424396,0.0484545901417732,0.0448097972274788,5,29,direct_full,synthetic,33
0.0357558704017433,0.0611741617321968,0.0078894455914135,5,29,direct_full,synthetic,33
0.0037196808042057,0.0346239544451236,0.0025618921671383,4,29,direct_full,synthetic,33
0.0008171590926135,0.0436412096023559,0.0006307381864443,4,29,direct_full,synthetic,33
0.0307661259012684,0.024822624400258,0.0041889030230056,2,29,direct_full,synthetic,33
0.0024801723216002,0.0896592959761619,0.0016171070300616,8,29,direct_full,synthetic,33
0.0102279097018661,0.0814673751592636,0.0063387321940548,8,29,direct_full,synthetic,33
0.013088157046016,0.0163108613342046,0.0093231831737834,1,29,direct_full,synthetic,33
0.332221633439424,0.0308947432786226,0.1782091345192163,3,35,direct_full,synthetic,33
0.2139370489119724,0.1206122115254402,0.1032549275792691,7,35,direct_full,synthetic,33
0.197581393829788,0.0745206326246261,0.0927516075563032,6,35,direct_full,synthetic,33
0.0197890554213657,0.0477748587727546,0.0123556196428093,4,35,direct_full,synthetic,33
0.0112864329265146,0.1234653294086456,0.0078154775040708,7,35,direct_full,synthetic,33
0.0118258596989225,0.0417081266641616,0.0072350964670354,4,35,direct_full,synthetic,33
1.0,1.0,0.0126163861830209,7,35,direct_full,synthetic,33
0.003742749188234,0.0191212184727191,0.0018318196824409,1,35,direct_full,synthetic,33
1.0,1.0,0.0039956740292227,3,35,direct_full,synthetic,33
0.0027008197705531,0.0186854656785726,0.0014982922842143,1,35,direct_full,synthetic,33
0.0606587468095765,0.0325421281158924,0.0384437231444124,3,35,direct_full,synthetic,33
0.0972741641369727,0.074709914624691,0.0663305566802769,6,35,direct_full,synthetic,33
0.0193408608971999,0.0533729083836078,0.0104615402512865,4,35,direct_full,synthetic,33
0.0153216419509056,0.0318466499447822,0.0108715109361078,3,35,direct_full,synthetic,33
0.4538989320664472,0.1734521687030792,0.3252772047069792,8,35,direct_full,synthetic,33
0.0999782652995902,0.0631953552365303,0.0575577633744047,5,35,direct_full,synthetic,33
0.012802618147662,0.0299590192735195,0.0100062335011171,3,35,direct_full,synthetic,33
1.0,1.0,0.0058489533507028,2,35,direct_full,synthetic,33
0.0849616044827076,0.1386585682630539,0.0632339594053888,8,35,direct_full,synthetic,33
0.0010254149779369,0.0421960465610027,0.0007564771374993,3,35,direct_full,synthetic,33
1.0,0.1091497242450714,0.0332864970949729,8,41,direct_full,synthetic,33
0.0005323396517131,0.0449523143470287,0.0004397554161493,5,41,direct_full,synthetic,33
0.0004493485175736,0.0249661672860384,0.0003124084710541,3,41,direct_full,synthetic,33
0.0126442790635499,0.0407843738794326,0.0068909070133607,5,41,direct_full,synthetic,33
2.245098235598153e-05,0.0164836831390857,1.8693980915792296e-05,1,41,direct_full,synthetic,33
1.0,0.0460871718823909,0.4435897983870128,4,41,direct_full,synthetic,33
0.0240314680211685,0.0354906097054481,0.0149852945819027,4,41,direct_full,synthetic,33
0.0126486332228697,0.0646165311336517,0.0092990866874705,8,41,direct_full,synthetic,33
0.0001977680507213,0.0351827330887317,0.0001406594419534,5,41,direct_full,synthetic,33
0.0004556446330096,0.025228813290596,0.0003432031575441,3,41,direct_full,synthetic,33
0.0299871927143361,0.0733285844326019,0.0153400237926014,8,41,direct_full,synthetic,33
0.0157177452770423,0.0378045104444026,0.0107468879201256,4,41,direct_full,synthetic,33
1.0,0.0869597196578979,0.030560312091249,8,41,direct_full,synthetic,33
1.0,0.0804463103413581,0.0368053162976513,7,41,direct_full,synthetic,33
0.0001142367481964,0.0176620353013277,6.881975020927459e-05,1,41,direct_full,synthetic,33
0.0084206075044975,0.0342533774673938,0.006828164954624,5,41,direct_full,synthetic,33
5.6198514570282576e-05,0.0188677534461021,4.7295111443452326e-05,2,41,direct_full,synthetic,33
0.0074708475195289,0.0461594350636005,0.006143084339513,4,41,direct_full,synthetic,33
0.0132619544635667,0.0592964366078376,0.0072380040560393,7,41,direct_full,synthetic,33
0.0014262171416281,0.0460724793374538,0.0009188718018416,6,41,direct_full,synthetic,33
0.0011033515256771,0.0153715470805764,0.000948044111888,1,61,direct_full,synthetic,33
0.0005725815054957,0.0152731509879231,0.0004776079087272,1,61,direct_full,synthetic,33
0.0425718622443412,0.037364225834608,0.0290129536086974,5,61,direct_full,synthetic,33
0.006797826236043,0.0391808710992336,0.0052563736161273,5,61,direct_full,synthetic,33
0.0008556574963658,0.0158959459513425,0.0006670697435605,1,61,direct_full,synthetic,33
0.000126414330546,0.0157955437898635,9.964206403772504e-05,1,61,direct_full,synthetic,33
0.0016472698538217,0.0202666167169809,0.0013965597566181,3,61,direct_full,synthetic,33
0.001226746075168,0.0228524152189493,0.0002093688399361,2,61,direct_full,synthetic,33
0.0001034020943573,0.0157955437898635,9.03722745810537e-05,1,61,direct_full,synthetic,33
0.0015997604899899,0.0163629669696092,0.0011412450662018,1,61,direct_full,synthetic,33
0.0005955856815366,0.0152731509879231,0.0005106763805462,1,61,direct_full,synthetic,33
0.0002948988719569,0.0177541431039571,0.0002495210420325,2,61,direct_full,synthetic,33
0.0437317240659571,0.046653676778078,0.0335435602516318,7,61,direct_full,synthetic,33
0.0030557201686681,0.0230704322457313,0.0025026045601722,4,61,direct_full,synthetic,33
1.0,1.0,0.0087441132185383,7,61,direct_full,synthetic,33
0.0940005836997102,0.0897110775113105,0.0534805087092761,8,61,direct_full,synthetic,33
0.0004743642472804,0.0170944407582283,0.0003759955835152,2,61,direct_full,synthetic,33
0.006997531418677,0.0355886965990066,0.0055366243291674,6,61,direct_full,synthetic,33
0.1638728734697787,0.0349023155868053,0.1160847082923346,6,61,direct_full,synthetic,33
8.806644024783594e-05,0.0161716397851705,7.31660657429984e-05,1,61,direct_full,synthetic,33
0.0019537979123924,0.0530088506639003,0.0015060746932091,6,64,direct_full,synthetic,33
0.0067094556859602,0.0466751158237457,0.0039422640541644,6,64,direct_full,synthetic,33
0.0020003933384336,0.0410775542259216,0.0015441795901606,5,64,direct_full,synthetic,33
0.0065484990301272,0.0859149768948555,0.0037203532246257,8,64,direct_full,synthetic,33
0.2964632375982309,0.0203294232487678,0.1715801297317067,2,64,direct_full,synthetic,33
0.0005655428474782,0.0436854548752307,0.0003299447185706,6,64,direct_full,synthetic,33
0.0027917434791502,0.1104780808091163,0.0015495411589997,6,64,direct_full,synthetic,33
0.004962532834054,0.0898849591612815,0.0024585131057874,6,64,direct_full,synthetic,33
1.0,0.4739322662353515,0.0472179367443,8,64,direct_full,synthetic,33
0.0141647233176706,0.0221166554838418,0.0098363422375811,3,64,direct_full,synthetic,33
0.003100318752744,0.0318471901118755,0.0024308968836598,5,64,direct_full,synthetic,33
1.0,0.4128268957138061,0.04037573051338,4,64,direct_full,synthetic,33
1.0,1.0,0.0496500085138623,3,64,direct_full,synthetic,33
0.0026083137951776,0.0294048693031072,0.0019503784840494,3,64,direct_full,synthetic,33
0.0022061699716966,0.056180216372013,0.0016450630161195,8,64,direct_full,synthetic,33
0.0038507994116639,0.0453873910009861,0.0022508480670327,6,64,direct_full,synthetic,33
0.2369694636092285,0.0566546916961669,0.1491676383564417,7,64,direct_full,synthetic,33
0.0118476841582895,0.0572222024202346,0.0083745990920487,8,64,direct_full,synthetic,33
0.0569884283290718,0.05526078119874,0.0324918200347854,5,64,direct_full,synthetic,33
1.4399116565533276e-05,0.0164567101746797,1.2588045274284873e-05,1,64,direct_full,synthetic,33
0.017308244125138,0.0244271699339151,0.0123400816299978,6,67,direct_full,synthetic,33
0.0020278248565593,0.0289757065474987,0.0018018345486131,7,67,direct_full,synthetic,33
0.0057306693998419,0.019049571827054,0.0051464364128301,4,67,direct_full,synthetic,33
0.0274404738170209,0.042161475867033,0.019572509996574,8,67,direct_full,synthetic,33
0.0045314624618165,0.0224180202931165,0.0037898113858419,5,67,direct_full,synthetic,33
0.0045100890042264,0.0200535356998443,0.0038714467262418,4,67,direct_full,synthetic,33
0.0093138579464338,0.0211570151150226,0.0075709071221759,3,67,direct_full,synthetic,33
0.0011792667054163,0.0185059998184442,0.001034786232539,3,67,direct_full,synthetic,33
0.0037631743105799,0.0177242085337638,0.0031052443940028,2,67,direct_full,synthetic,33
0.0431354674067184,0.0351004973053932,0.0349635953904257,8,67,direct_full,synthetic,33
0.0006063039590259,0.0161431524902582,0.0003532624333597,1,67,direct_full,synthetic,33
0.0032786645380067,0.018467741087079,0.0027612868051128,3,67,direct_full,synthetic,33
0.0213783914297821,0.025745365768671,0.0165863606318016,5,67,direct_full,synthetic,33
0.0428429355734026,0.0225539784878492,0.0372781980187936,4,67,direct_full,synthetic,33
0.0029130228833519,0.0253806170076131,0.0025456273852833,5,67,direct_full,synthetic,33
0.0266524350717709,0.0380644500255584,0.0205495911290144,8,67,direct_full,synthetic,33
0.001009922720329,0.0199342891573905,0.0008304882977621,3,67,direct_full,synthetic,33
0.0139280112455133,0.0224160198122262,0.0101204430385598,4,67,direct_full,synthetic,33
0.0308187195199477,0.022343611344695,0.0219696704731299,4,67,direct_full,synthetic,33
0.0205804899087046,0.0162690486758947,0.0172370242376226,2,67,direct_full,synthetic,33
0.007974838423017,0.0690509676933288,0.00500334179114,8,68,direct_full,synthetic,33
0.0544822616882346,0.0262925941497087,0.0405406075274422,3,68,direct_full,synthetic,33
0.0367228360912433,0.024278774857521,0.0208958091771263,2,68,direct_full,synthetic,33
0.0397628775003219,0.0441063791513443,0.0320286231252321,6,68,direct_full,synthetic,33
0.0025842258882579,0.0430848523974418,0.0019507096612488,6,68,direct_full,synthetic,33
0.0267436135066597,0.0793634504079818,0.0173665528462591,8,68,direct_full,synthetic,33
0.0752696080549882,0.078018806874752,0.036344896389082,8,68,direct_full,synthetic,33
0.001120993338693,0.0163217820227146,0.0009510646886649,1,68,direct_full,synthetic,33
0.006872384122434,0.017268443480134,0.0047167919687899,1,68,direct_full,synthetic,33
0.0015402414343608,0.0291682574898004,0.0012762620383254,4,68,direct_full,synthetic,33
0.0727034178576268,0.0476596727967262,0.050225778505875,5,68,direct_full,synthetic,33
0.0867912061362267,0.0697083994746208,0.061111479639899,7,68,direct_full,synthetic,33
0.010781518695175,0.0212539974600076,0.0071892590315067,2,68,direct_full,synthetic,33
0.0139477300498858,0.0207910314202308,0.0094223989354901,2,68,direct_full,synthetic,33
0.0507872911222929,0.0858416482806205,0.0215952529930377,8,68,direct_full,synthetic,33
0.0008606533800504,0.0239110402762889,0.0006702595890219,3,68,direct_full,synthetic,33
0.0069019560011215,0.0471471026539802,0.0058051412864285,6,68,direct_full,synthetic,33
0.0032416933291739,0.0261302571743726,0.0024785933028763,4,68,direct_full,synthetic,33
0.0263785399506585,0.0496138632297515,0.0170106969462086,6,68,direct_full,synthetic,33
0.0002269384940912,0.0158027876168489,0.0001917308204649,1,68,direct_full,synthetic,33
0.0050727534658149,0.0799146741628646,0.0027046091048723,4,73,direct_full,synthetic,33
0.0070467534599053,0.0300320051610469,0.0033992742357098,2,73,direct_full,synthetic,33
0.0859644165416234,0.1164948940277099,0.0482158269883249,6,73,direct_full,synthetic,33
0.0001155223433166,0.0342371352016925,8.834502298408581e-05,2,73,direct_full,synthetic,33
0.1063614744695891,0.1664642691612243,0.0702497653610967,7,73,direct_full,synthetic,33
0.2584034372839868,0.2053098678588867,0.1800127053399,8,73,direct_full,synthetic,33
0.0216402089617999,0.1029859259724617,0.0170156441018224,6,73,direct_full,synthetic,33
0.013516590917313,0.042606022208929,0.0085673273189645,4,73,direct_full,synthetic,33
0.024059105186216,0.0365016236901283,0.0137057327997584,3,73,direct_full,synthetic,33
0.0402987068911365,0.0736087560653686,0.0211786935155808,5,73,direct_full,synthetic,33
0.007776438941506,0.092654600739479,0.005661999828186,5,73,direct_full,synthetic,33
0.0023345451960984,0.040411215275526,0.0016118053546582,3,73,direct_full,synthetic,33
0.0017242421603688,0.0193681251257658,0.0008141374905508,1,73,direct_full,synthetic,33
1.6259714084032597e-06,0.0168131273239851,1.3334394351588367e-06,1,73,direct_full,synthetic,33
1.0,1.0,0.0112178188171063,7,73,direct_full,synthetic,33
0.2480715638058711,0.1389149725437164,0.1654130264274932,7,73,direct_full,synthetic,33
0.2436450993372848,0.0180616863071918,0.160955795961403,1,73,direct_full,synthetic,33
0.2384483045420049,0.0594074241816997,0.1948570871829503,5,73,direct_full,synthetic,33
0.0713220868746323,0.1994850039482116,0.0378099679643814,8,73,direct_full,synthetic,33
1.0665098688300567e-05,0.0172710716724395,8.689367018164793e-06,1,73,direct_full,synthetic,33
0.0894997349876933,0.0433587655425071,0.0544326933571897,3,78,direct_full,synthetic,33
0.0001085727126908,0.0190458167344331,8.54013154993322e-05,1,78,direct_full,synthetic,33
1.0,1.0,0.0454697087534703,8,78,direct_full,synthetic,33
0.101572960857197,0.0947327688336372,0.0597697054015391,4,78,direct_full,synthetic,33
0.1149261078291287,0.0370024405419826,0.0688599994580142,2,78,direct_full,synthetic,33
0.0898894696228609,0.0356535576283931,0.0555535459527112,2,78,direct_full,synthetic,33
0.1005251443520874,0.0328332856297493,0.0595435808922356,2,78,direct_full,synthetic,33
0.1317615065966351,0.2541948556900024,0.0758940441890608,7,78,direct_full,synthetic,33
1.0,1.0,0.0153890537748837,4,78,direct_full,synthetic,33
0.0821956727036986,0.1856960207223892,0.0284770621208218,7,78,direct_full,synthetic,33
0.1264685823593165,0.031295895576477,0.0334219650758795,2,78,direct_full,synthetic,33
0.2207151304129108,0.3262534141540527,0.1348874017251263,8,78,direct_full,synthetic,33
0.0140241977590909,0.0502216964960098,0.0063916150856152,3,78,direct_full,synthetic,33
0.1313865182959871,0.101803109049797,0.0698765550279376,5,78,direct_full,synthetic,33
0.0752425711417135,0.0422313399612903,0.048437913402625,3,78,direct_full,synthetic,33
5.528021368372826e-05,0.0223290864378213,3.5782468711505464e-05,1,78,direct_full,synthetic,33
0.0120094104240696,0.0839931592345237,0.0071089171256878,4,78,direct_full,synthetic,33
0.0001502569155358,0.0304721239954233,0.0001014279565227,2,78,direct_full,synthetic,33
7.971968805076113e-05,0.0190458167344331,6.181321315913777e-05,1,78,direct_full,synthetic,33
0.0435672861977474,0.0618275813758373,0.0199420550421068,3,78,direct_full,synthetic,33
7.695717107714106e-05,0.0157928373664617,7.296829787409855e-05,2,80,direct_full,synthetic,33
0.1060189020271937,0.0241691060364246,0.0785297317806944,5,80,direct_full,synthetic,33
0.0008360663084833,0.0187006015330553,0.0007458462924609,3,80,direct_full,synthetic,33
0.0842624199310654,0.035732015967369,0.0596912168520783,8,80,direct_full,synthetic,33
5.692166589621461e-05,0.0153500121086835,4.969282451193262e-05,1,80,direct_full,synthetic,33
0.1171014930481592,0.0352864898741245,0.0916783701250432,8,80,direct_full,synthetic,33
0.0078100780762619,0.019785875454545,0.005970112274409,4,80,direct_full,synthetic,33
0.0013802359916029,0.0242072734981775,0.0010548617747453,3,80,direct_full,synthetic,33
0.001656367702186,0.0206447653472423,0.0012480048574825,3,80,direct_full,synthetic,33
0.0118507159211994,0.0259199365973472,0.0093485034623035,7,80,direct_full,synthetic,33
0.0719730967056638,0.0305854920297861,0.0524076252679509,5,80,direct_full,synthetic,33
0.0350691556526798,0.031654804944992,0.0274350580386745,4,80,direct_full,synthetic,33
0.00169595309775,0.0236994083970785,0.0012923567285752,3,80,direct_full,synthetic,33
0.0001649122418144,0.0173430405557155,0.0001516131447503,3,80,direct_full,synthetic,33
0.0004708761705467,0.0375408492982387,0.0003669319457113,7,80,direct_full,synthetic,33
0.019814416290129,0.038575030863285,0.0101631962757185,8,80,direct_full,synthetic,33
5.345403903400658e-05,0.0147308968007564,4.942623887659848e-05,1,80,direct_full,synthetic,33
0.0116083720923363,0.0324760265648365,0.0090473568554156,6,80,direct_full,synthetic,33
0.0009799937317108,0.02546894736588,0.0008752981301024,7,80,direct_full,synthetic,33
0.0001603280767117,0.0149518111720681,0.0001482631781627,1,80,direct_full,synthetic,33
0.1006882142173064,0.1320124268531799,0.0634794709522496,6,83,direct_full,synthetic,33
1.0,1.0,0.0037840974511473,4,83,direct_full,synthetic,33
0.0064959568525735,0.0570553988218307,0.0035966610530784,2,83,direct_full,synthetic,33
0.0369085763754892,0.3837752342224121,0.018382946779587,5,83,direct_full,synthetic,33
0.1509815137842955,0.2296604812145233,0.0761736153748266,7,83,direct_full,synthetic,33
0.0857543031953895,0.0292088538408279,0.0469751924360219,2,83,direct_full,synthetic,33
0.0979038296583705,0.2633934020996094,0.0580608376655747,7,83,direct_full,synthetic,33
0.1108233683285634,0.0200471226125955,0.0706553805788554,1,83,direct_full,synthetic,33
0.2603489094321772,0.1925209760665893,0.0416583205231272,6,83,direct_full,synthetic,33
0.0485270341263944,0.0455675944685936,0.0272231253150606,3,83,direct_full,synthetic,33
0.0527958741645974,0.3620075285434723,0.0357395024540413,5,83,direct_full,synthetic,33
0.0926023497330689,0.054184004664421,0.0661577004556683,4,83,direct_full,synthetic,33
0.0057255881671616,0.1009576693177223,0.004174786590182,2,83,direct_full,synthetic,33
0.0839353951489619,0.0429971478879451,0.0566306605851311,3,83,direct_full,synthetic,33
1.0,1.0,0.0169786032720686,3,83,direct_full,synthetic,33
1.0,1.0,0.0096104637234454,3,83,direct_full,synthetic,33
1.0,0.9950344562530518,0.1708355659277069,8,83,direct_full,synthetic,33
1.0,0.1403859555721283,0.0895609728159966,4,83,direct_full,synthetic,33
0.1598595468641177,0.0696323364973068,0.0977886304775288,4,83,direct_full,synthetic,33
1.0,1.0,0.0356635261772114,7,83,direct_full,synthetic,33
0.0012368168508044,0.0208008233457803,0.0005497507361111,2,91,direct_full,synthetic,33
0.0029750281520122,0.0383686833083629,0.001125104944982,5,91,direct_full,synthetic,33
1.0,0.9645246863365172,0.0294221720262012,7,91,direct_full,synthetic,33
1.0,0.0610270462930202,0.1627717800756604,7,91,direct_full,synthetic,33
1.0,1.0,0.0039861784218493,3,91,direct_full,synthetic,33
0.0034284868707656,0.1284268498420715,0.0021737770787096,8,91,direct_full,synthetic,33
0.0046813174116675,0.0368696190416812,0.002980128431029,5,91,direct_full,synthetic,33
1.0,0.1319240182638168,0.0408825856092064,8,91,direct_full,synthetic,33
0.00966213615769,0.0472519770264625,0.0048985601396813,4,91,direct_full,synthetic,33
1.0,0.3555052578449249,0.0679438774417785,5,91,direct_full,synthetic,33
5.601499172536162e-05,0.0216672364622354,2.5425822839846804e-05,1,91,direct_full,synthetic,33
0.0001276244237577,0.0159111693501472,9.83354037153626e-05,1,91,direct_full,synthetic,33
0.0276240541920407,0.0947905257344245,0.0131679591440419,6,91,direct_full,synthetic,33
1.0,1.0,0.0018908188626463,4,91,direct_full,synthetic,33
1.0,0.0493710376322269,0.2691135627347213,6,91,direct_full,synthetic,33
0.0287322443069178,0.0694294720888137,0.0164042843030034,5,91,direct_full,synthetic,33
0.026462811343726,0.0250274464488029,0.0141112594517459,2,91,direct_full,synthetic,33
0.0056353550315221,0.0303826294839382,0.0037940155281812,5,91,direct_full,synthetic,33
1.0,0.4046647846698761,0.0777983795809736,8,91,direct_full,synthetic,33
0.007181946463746,0.0227294266223907,0.0035685537519848,3,91,direct_full,synthetic,33
0.0171773680250958,0.073140263557434,0.0088596288567291,6,93,direct_full,synthetic,33
0.0016670586224705,0.0248614028096199,0.0013147815316971,3,93,direct_full,synthetic,33
0.0049648013436245,0.0211292691528797,0.0039302278493558,2,93,direct_full,synthetic,33
0.0528468774420828,0.0788341090083122,0.0371695368126471,8,93,direct_full,synthetic,33
0.0443469828939218,0.0166701041162014,0.0347936081299148,1,93,direct_full,synthetic,33
4.686718336754936e-07,0.0165177788585424,3.867237283461624e-07,1,93,direct_full,synthetic,33
0.0321821184659311,0.0162888411432504,0.0241063190586134,1,93,direct_full,synthetic,33
0.0319830482646683,0.0189737621694803,0.0227428575968168,2,93,direct_full,synthetic,33
0.091676474828384,0.0769326612353324,0.0647882293880945,8,93,direct_full,synthetic,33
8.251844849971324e-05,0.019395750015974,4.505931910429882e-05,1,93,direct_full,synthetic,33
0.0277179069595925,0.0330851152539253,0.0203943213177498,4,93,direct_full,synthetic,33
0.1058955966110252,0.0495044104754924,0.0821388732310562,5,93,direct_full,synthetic,33
0.0037993045342757,0.0737857893109321,0.0028942741901967,7,93,direct_full,synthetic,33
0.0504048001762206,0.0469987355172634,0.0362893169561721,5,93,direct_full,synthetic,33
0.0406670211824822,0.0593619681894779,0.0289754614944939,6,93,direct_full,synthetic,33
0.0618417401598802,0.041736152023077,0.0470056559874281,4,93,direct_full,synthetic,33
0.0006559333896027,0.0199071187525987,0.0004677225567415,2,93,direct_full,synthetic,33
0.1459440112990678,0.0651023089885711,0.0706608457229988,7,93,direct_full,synthetic,33
0.0537930036622296,0.0735724568367004,0.0296461334490274,8,93,direct_full,synthetic,33
0.0374242442454831,0.0304672718048095,0.0272171215534921,4,93,direct_full,synthetic,33
1.0,1.0,0.0005567552391769,5,1000033,direct_full,osm,33
0.6627127178379515,0.0367840342223644,0.0601265929828099,7,1000033,direct_full,osm,33
0.5283205525969228,0.0266959406435489,0.0857099570066649,4,1000033,direct_full,osm,33
1.0,0.0398307256400585,0.0908453240966239,7,1000033,direct_full,osm,33
1.0,1.0,0.1346490123562787,5,1000033,direct_full,osm,33
0.7392711955876428,0.0422730073332786,0.0263538111012144,8,1000033,direct_full,osm,33
0.1090346485962485,0.015765918418765,0.0549768908618072,1,1000033,direct_full,osm,33
1.0,1.0,0.0101753961785685,6,1000033,direct_full,osm,33
0.0001410106094055,0.0154481250792741,8.623723414725419e-05,1,1000033,direct_full,osm,33
1.0,0.0277922134846448,0.0391906933816529,5,1000033,direct_full,osm,33
1.0,1.0,0.0110856370566932,7,1000033,direct_full,osm,33
0.0861425131809742,0.0466644093394279,0.023718178032829,8,1000033,direct_full,osm,33
1.0,1.0,0.0011819921801142,2,1000033,direct_full,osm,33
1.0,1.0,0.0614226931497506,5,1000033,direct_full,osm,33
1.0,1.0,0.0816129853476807,6,1000033,direct_full,osm,33
1.0,1.0,0.000870207080334,3,1000033,direct_full,osm,33
0.0538212035711824,0.0452139154076576,0.0270401882744532,8,1000033,direct_full,osm,33
1.0,0.9999728202819824,0.0075273544682847,4,1000033,direct_full,osm,33
1.0,1.0,0.0013101206210957,4,1000033,direct_full,osm,33
0.0033933635125991,0.0189310014247894,0.0008573561386329,2,1000033,direct_full,osm,33
0.0382683354527776,0.0209506321698427,0.0102100633474404,3,1000033,direct_full,osm,33
1.0,1.0,0.0147595583080584,5,1000033,direct_full,osm,33
0.3720337388331833,0.0283566303551197,0.0103027260219178,5,1000033,direct_full,osm,33
0.4223420575769168,0.0274588260799646,0.0111874017461583,5,1000033,direct_full,osm,33
0.5468532654083776,0.0339621417224407,0.0876093425004075,6,1000033,direct_full,osm,33
0.0096244391665155,0.0185506176203489,0.000161855709524,2,1000033,direct_full,osm,33
0.6362117077834069,0.0385840535163879,0.0386401648442495,7,1000033,direct_full,osm,33
0.5935110554274122,0.0241361279040575,0.0446223564915875,4,1000033,direct_full,osm,33
1.0,1.0,0.0020762878925088,4,1000033,direct_full,osm,33
0.0113509152876892,0.0164209213107824,0.001384897929497,1,1000033,direct_full,osm,33
1.0,1.0,0.0161707608987473,7,1000033,direct_full,osm,33
0.1066179347508646,0.0297570042312145,0.018315991519203,5,1000033,direct_full,osm,33
0.0008064859839874,0.0246281754225492,0.0002974253322827,4,1000033,direct_full,osm,33
1.0,1.0,0.0003399572929049,2,1000033,direct_full,osm,33
1.0,1.0,0.0050667978804887,5,1000033,direct_full,osm,33
1.0,1.0,0.1115501529570515,8,1000033,direct_full,osm,33
0.0127424325730127,0.0209506321698427,0.0055881435537671,3,1000033,direct_full,osm,33
1.0,1.0,0.0254856825735119,6,1000033,direct_full,osm,33
0.015984318304677,0.044329285621643,0.0097596581891772,8,1000033,direct_full,osm,33
1.0,1.0,0.0060237463194134,8,1000033,direct_full,osm,33
1.0,1.0,0.0071378124718629,4,1000033,direct_full,osm,33
0.0015904063632313,0.0151366405189037,0.0008926160496961,1,1000033,direct_full,osm,33
1.0,1.0,0.0821326623164826,8,1000033,direct_full,osm,33
1.0,1.0,0.0045235080641077,3,1000033,direct_full,osm,33
0.165434678002424,0.0375240109860897,0.003177217896625,7,1000033,direct_full,osm,33
1.0,1.0,0.0015553675915353,6,1000033,direct_full,osm,33
1.0,1.0,0.0155766791734586,6,1000033,direct_full,osm,33
1.0,1.0,0.0035060282613419,5,1000033,direct_full,osm,33
0.7122370779771796,0.015765918418765,0.0207333153671367,1,1000033,direct_full,osm,33
1.0,1.0,0.0120890090811912,7,1000033,direct_full,osm,33
0.0034623495738947,0.0326306633651256,0.0008674418350749,6,1000033,direct_full,osm,33
0.6052512861932955,0.0319839790463447,0.0459684712825227,6,1000033,direct_full,osm,33
0.714237784615487,0.0213791616261005,0.0228118669067223,3,1000033,direct_full,osm,33
1.0,1.0,0.0482583545468914,6,1000033,direct_full,osm,33
1.0,1.0,0.0088855820378298,6,1000033,direct_full,osm,33
0.1909265707230973,0.0367840342223644,0.0535457312860469,7,1000033,direct_full,osm,33
0.3077703407930345,0.0382782742381095,0.0465359168527588,7,1000033,direct_full,osm,33
1.0,1.0,9.118087954903088e-05,3,1000033,direct_full,osm,33
1.0,1.0,1.509416376882741e-06,1,1000033,direct_full,osm,33
0.0535883635648469,0.0209506321698427,0.011673547125062,3,1000033,direct_full,osm,33
0.0803177317212218,0.0360581018030643,0.0208207297096406,6,1000033,direct_full,osm,33
0.5606375772433366,0.039047110825777,0.067187291450589,7,1000033,direct_full,osm,33
1.0,1.0,0.005641789909437,6,1000033,direct_full,osm,33
0.0005906540299985,0.0154481250792741,0.000288908564717,1,1000033,direct_full,osm,33
1.0,1.0,0.0270576508961097,5,1000033,direct_full,osm,33
1.0,1.0,0.0013894464501989,3,1000033,direct_full,osm,33
5.496675320859623e-05,0.0164209213107824,2.2123146170424443e-05,1,1000033,direct_full,osm,33
0.0031250848331845,0.0154481250792741,0.0017147139835392,1,1000033,direct_full,osm,33
0.1162764957705092,0.0406294167041778,0.0291206960789425,7,1000033,direct_full,osm,33
1.0,1.0,0.0131760618518824,7,1000033,direct_full,osm,33
1.0,0.03534597158432,0.0042157141590094,6,1000033,direct_full,osm,33
0.0110740519761223,0.0398307256400585,0.0036759353826709,7,1000033,direct_full,osm,33
0.0166351930825962,0.0154481250792741,0.0023734672140635,1,1000033,direct_full,osm,33
1.0,1.0,0.0021405927013421,4,1000033,direct_full,osm,33
8.789862631242151e-05,0.015765918418765,3.398213623172969e-05,1,1000033,direct_full,osm,33
0.5933319785985924,0.015765918418765,0.0438022922204391,1,1000033,direct_full,osm,33
0.634197776011965,0.0367840342223644,0.030613254549963,6,1000033,direct_full,osm,33
1.0,0.0375240109860897,0.0837585050371962,6,1000033,direct_full,osm,33
0.5554964756619082,0.0346473902463912,0.1427426822130694,6,1000033,direct_full,osm,33
1.0,1.0,0.0041675295468315,6,1000033,direct_full,osm,33
1.0,1.0,0.0079623066757238,8,1000033,direct_full,osm,33
1.0,1.0,0.0147324514733588,6,1000033,direct_full,osm,33
1.0,1.0,0.0065630897334187,6,1000033,direct_full,osm,33
1.0,1.0,0.0698967709778856,8,1000033,direct_full,osm,33
0.6300872725200848,0.0514874458312988,0.1971125334084653,8,1000033,direct_full,osm,33
0.0063707303070781,0.015765918418765,0.0015687161570498,1,1000033,direct_full,osm,33
1.0,1.0,0.0057273460479737,7,1000033,direct_full,osm,33
0.0019761245586455,0.015765918418765,0.0005770733438072,1,1000033,direct_full,osm,33
1.0,1.0,0.0028453443633227,2,1000033,direct_full,osm,33
0.5349113603423791,0.0319839790463447,0.0904768691199922,5,1000033,direct_full,osm,33
0.0776147811452948,0.0256417710334062,0.0106490164749996,4,1000033,direct_full,osm,33
0.0006824511568793,0.015765918418765,0.0003228828491587,1,1000033,direct_full,osm,33
0.023616141502015,0.0272387117147445,0.0036181178983454,5,1000033,direct_full,osm,33
0.0669785091701068,0.03534597158432,0.0154202109008704,6,1000033,direct_full,osm,33
1.0,1.0,0.0037250054433263,8,1000033,direct_full,osm,33
0.0001757446259147,0.0178121961653232,2.042193676461886e-05,2,1000033,direct_full,osm,33
0.0003517381432929,0.015765918418765,8.486817209724858e-05,1,1000033,direct_full,osm,33
1.0,1.0,0.0060378735557347,5,1000033,direct_full,osm,33
1.0,1.0,0.0075824519171645,5,1000033,direct_full,osm,33
0.0086474750376299,0.0283566303551197,0.0025616770303794,5,1000033,direct_full,osm,33
0.110967305721202,0.0178121961653232,0.055569850939214,2,1000033,direct_full,osm,33
0.0033415622138109,0.0213791616261005,0.0017618885066206,3,1000033,direct_full,osm,33
1.0,0.0382782742381095,0.0482163142327555,6,1000033,direct_full,osm,33
1.0,0.0256417710334062,0.0618270406829005,4,1000033,direct_full,osm,33
1.0,1.0,0.0012325303168517,2,1000033,direct_full,osm,33
1.0,0.039047110825777,0.1689651398627252,7,1000033,direct_full,osm,33
0.0179090061107445,0.0238455105572938,0.0058761488536318,4,1000033,direct_full,osm,33
1.0,1.0,0.0087802205756154,3,1000033,direct_full,osm,33
1.0,1.0,0.0640008818225417,7,1000033,direct_full,osm,33
1.0,1.0,0.0010438990357598,6,1000033,direct_full,osm,33
0.0602009574824337,0.0185506176203489,0.0016855832957784,2,1000033,direct_full,osm,33
0.0045122101107522,0.0178121961653232,0.0008061375637571,2,1000033,direct_full,osm,33
1.0,1.0,0.0404739039589476,7,1000033,direct_full,osm,33
1.0,0.0222620889544487,0.0418682286724002,3,1000033,direct_full,osm,33
0.1126868631652674,0.0393587537109851,0.0140739754731232,7,1000033,direct_full,osm,33
0.0401602457777466,0.0277922134846448,0.0164342915279896,5,1000033,direct_full,osm,33
0.3684102842883431,0.0301174353808164,0.0079503694792853,5,1000033,direct_full,osm,33
0.0181116801421826,0.0256417710334062,0.006314234296078,4,1000033,direct_full,osm,33
0.0160196315209844,0.0151366405189037,0.0098790622289335,1,1000033,direct_full,osm,33
1.0,1.0,0.0072585643453434,4,1000033,direct_full,osm,33
0.5464808899175402,0.0332899801433086,0.0988880779027723,5,1000033,direct_full,osm,33
1.0,1.0,0.0187239010481615,8,1000033,direct_full,osm,33
0.0576992012128467,0.0164209213107824,0.0064048869690984,1,1000033,direct_full,osm,33
1.0,1.0,0.0002450591573127,2,1000033,direct_full,osm,33
1.0,1.0,0.0017862450163116,3,1000033,direct_full,osm,33
1.0,1.0,0.0624573198332322,7,1000033,direct_full,osm,33
1.0,1.0,0.0114517192115945,8,1000033,direct_full,osm,33
0.0127251534840582,0.039047110825777,0.0057803070777874,7,1000033,direct_full,osm,33
1.0,1.0,0.0777672146566437,6,1000033,direct_full,osm,33
1.0,1.0,0.0278229604204137,4,1000033,direct_full,osm,33
0.0316444424533758,0.0307275801897048,0.0084973981784494,5,1000033,direct_full,osm,33
0.2450819658711919,0.0185506176203489,0.0274781690496865,2,1000033,direct_full,osm,33
1.0,1.0,0.0028101716319886,4,1000033,direct_full,osm,33
0.1127894101341141,0.0213791616261005,0.0328375189436402,3,1000033,direct_full,osm,33
1.0,1.0,0.0129612540826671,6,1000033,direct_full,osm,33
0.5940259707578606,0.0178121961653232,0.0443565653856229,2,1000033,direct_full,osm,33
0.000906412799936,0.0164209213107824,3.731309824460994e-05,1,1000033,direct_full,osm,33
0.0307847144816681,0.0295190326869487,0.0063575245028818,5,1000033,direct_full,osm,33
0.0626822515544448,0.0172423087060451,0.0042349117957181,2,1000033,direct_full,osm,33
0.0439804553761368,0.0227168295532464,0.0043246710249044,3,1000033,direct_full,osm,33
0.1154773825827525,0.0246281754225492,0.0224750114868375,4,1000033,direct_full,osm,33
0.0627734887663568,0.0168952755630016,0.0059686722258349,2,1000033,direct_full,osm,33
0.0054724641160105,0.0154481250792741,0.0008644846960299,1,1000033,direct_full,osm,33
8.789862631242151e-05,0.015765918418765,3.398213623172969e-05,1,1000033,direct_full,osm,33
1.0,1.0,0.0010591161662368,2,1000033,direct_full,osm,33
1.0,0.015765918418765,0.0050512329377657,1,1000033,direct_full,osm,33
0.1137478150945938,0.039047110825777,0.0237534659683553,7,1000033,direct_full,osm,33
1.0,1.0,0.0061890264308604,8,1000033,direct_full,osm,33
0.2565818222419519,0.0256417710334062,0.0289822350285558,4,1000033,direct_full,osm,33
1.0,1.0,0.0341101560809824,8,1000033,direct_full,osm,33
0.0278829601667036,0.0185506176203489,0.0098364454440924,2,1000033,direct_full,osm,33
1.0,1.0,0.0087687515824035,5,1000033,direct_full,osm,33
0.0021483866050543,0.0154481250792741,0.0003576904016831,1,1000033,direct_full,osm,33
0.2762735757872658,0.0375240109860897,0.0318782008624388,6,1000033,direct_full,osm,33
1.0,1.0,0.00797556220549,6,1000033,direct_full,osm,33
0.0259893686144362,0.0185506176203489,0.015374981813379,2,1000033,direct_full,osm,33
1.0,1.0,0.0050097684903901,5,1000033,direct_full,osm,33
0.7122370779771796,0.015765918418765,0.0207333153671367,1,1000033,direct_full,osm,33
0.0011188595382847,0.015765918418765,0.0001259294921825,1,1000033,direct_full,osm,33
1.0,0.0205305106937885,0.0373883546352836,3,1000033,direct_full,osm,33
1.0,1.0,0.0045254016985997,4,1000033,direct_full,osm,33
0.3628364499457304,0.015765918418765,0.0017060604685252,1,1000033,direct_full,osm,33
1.0,1.0,0.0066982181941196,5,1000033,direct_full,osm,33
0.000906412799936,0.0164209213107824,3.731309824460994e-05,1,1000033,direct_full,osm,33
1.0,0.0470338836312294,0.0788505656751104,8,1000033,direct_full,osm,33
1.0,1.0,0.0014451146393395,4,1000033,direct_full,osm,33
1.0,1.0,4.4697124539334495e-05,1,1000033,direct_full,osm,33
0.0021250526647651,0.0193190425634384,0.0007984042313034,2,1000033,direct_full,osm,33
1.0,1.0,0.0636082141153457,8,1000033,direct_full,osm,33
0.0827301484497076,0.0434611476957798,0.0093596188209586,8,1000033,direct_full,osm,33
0.6240076642574361,0.0185506176203489,0.1925220537850337,2,1000033,direct_full,osm,33
0.36057486617068,0.0307275801897048,0.0045474695260635,5,1000033,direct_full,osm,33
1.0,1.0,0.0200511562140481,6,1000033,direct_full,osm,33
0.0199600360753275,0.0202824063599109,0.0073906823303217,3,1000033,direct_full,osm,33
0.0073211236810166,0.0185506176203489,0.0028414054059632,2,1000033,direct_full,osm,33
0.5251826325097296,0.04759331792593,0.0350746587551361,8,1000033,direct_full,osm,33
0.358000438437498,0.0332899801433086,0.0226272719580209,6,1000033,direct_full,osm,33
1.0,0.0332899801433086,0.1309662704388796,6,1000033,direct_full,osm,33
1.0,0.0185506176203489,0.0190568398656145,2,1000033,direct_full,osm,33
0.0642161469787907,0.015765918418765,0.0036580883885204,1,1000033,direct_full,osm,33
5.6751285781864176e-08,0.0154481250792741,1.1206397538213131e-08,1,1000033,direct_full,osm,33
1.0,1.0,0.0175717026536029,8,1000033,direct_full,osm,33
1.0,1.0,0.0001509199950949,1,1000033,direct_full,osm,33
1.0,1.0,4.783603420591233e-05,2,1000033,direct_full,osm,33
0.7123502533839613,0.0253334958106279,0.020791102459448,4,1000033,direct_full,osm,33
1.0,0.0339621417224407,0.0240240974379185,6,1000033,direct_full,osm,33
1.0,1.0,0.0125972174613578,4,1000033,direct_full,osm,33
0.0536639210454383,0.0185506176203489,0.0105216418787478,2,1000033,direct_full,osm,33
0.0139849567985723,0.015765918418765,0.0065845499432013,1,1000033,direct_full,osm,33
0.0108815099102186,0.0256417710334062,0.002352739222417,4,1000033,direct_full,osm,33
0.5281842904972971,0.0218162611126899,0.0829549700226841,3,1000033,direct_full,osm,33
1.0,1.0,0.0018272997511246,3,1000033,direct_full,osm,33
1.0,1.0,0.0001399812491996,4,1000033,direct_full,osm,33
0.006797093178233,0.017453895881772,0.001887651495965,2,1000033,direct_full,osm,33
1.0,1.0,0.0020649876376299,8,1000033,direct_full,osm,33
1.0,1.0,0.0253784437642318,5,1000033,direct_full,osm,33
0.0414949379700072,0.0346473902463912,0.0152782042069581,6,1000033,direct_full,osm,33
1.0,1.0,0.0203034611278293,7,1000033,direct_full,osm,33
0.0584013947615714,0.0283566303551197,0.002299993788126,5,1000033,direct_full,osm,33
0.0068243541293222,0.0154481250792741,0.0023954043801658,1,1000033,direct_full,osm,33
0.0418784099017665,0.0246281754225492,0.0192620370926044,4,1000033,direct_full,osm,33
0.0043595791340382,0.0181777328252792,0.0023272422381464,2,1000033,direct_full,osm,33
1.0,1.0,0.0027691027403014,2,1000033,direct_full,osm,33
0.0561422602415698,0.0227168295532464,0.0125847035686347,3,1000033,direct_full,osm,33
0.0290482770127978,0.0185506176203489,0.0021935942848724,2,1000033,direct_full,osm,33
1.0,1.0,0.0009481948449355,3,1000033,direct_full,osm,33
0.5534517755676411,0.0319839790463447,0.0981422006588061,5,1000033,direct_full,osm,33
0.0013246713462002,0.0151366405189037,0.0005929600774068,1,1000033,direct_full,osm,33
0.2613113043204397,0.0339621417224407,0.0804196790651465,6,1000033,direct_full,osm,33
1.0,1.0,0.0043168048714579,4,1000033,direct_full,osm,33
1.0,1.0,0.0002991766024952,3,1000033,direct_full,osm,33
1.0,1.0,0.0033361340315246,3,1000033,direct_full,osm,33
1.0,1.0,0.0166762583156518,5,1000033,direct_full,osm,33
1.0,1.0,0.0102152186075671,4,1000033,direct_full,osm,33
1.0,1.0,0.0088015085633069,6,1000033,direct_full,osm,33
1.0,1.0,0.0083481920295307,4,1000033,direct_full,osm,33
0.0017572929735872,0.0197148714214563,0.0009130826404127,3,1000033,direct_full,osm,33
1.0,1.0,0.0055126925796049,4,1000033,direct_full,osm,33
1.0,1.0,0.0149629284523079,6,1000033,direct_full,osm,33
8.789862631242151e-05,0.015765918418765,3.398213623172969e-05,1,1000033,direct_full,osm,33
1.0,1.0,0.0021040963005065,8,1000033,direct_full,osm,33
0.7146569972698682,0.0339621417224407,0.0226936426498935,5,1000033,direct_full,osm,33
0.0066493589711551,0.0213791616261005,0.002098482570902,3,1000033,direct_full,osm,33
1.0,1.0,0.0339110526572907,7,1000033,direct_full,osm,33
1.0,1.0,0.0021589444806187,7,1000033,direct_full,osm,33
0.1193292314401659,0.0213791616261005,0.0553773179830417,3,1000033,direct_full,osm,33
0.6348540817542818,0.0295190326869487,0.0360216908575012,5,1000033,direct_full,osm,33
1.0,1.0,0.0043851319295254,8,1000033,direct_full,osm,33
1.0,1.0,0.0072517827094877,8,1000033,direct_full,osm,33
4.14952455840556e-07,0.015765918418765,5.6540979905550026e-08,1,1000033,direct_full,osm,33
0.0305543734307377,0.03534597158432,0.0157928913036537,6,1000033,direct_full,osm,33
0.0159212461213589,0.0319839790463447,0.0019317662734547,6,1000033,direct_full,osm,33
1.0,0.999987244606018,0.0430465557301591,8,1000033,direct_full,osm,33
1.0,1.0,0.0024396730236218,3,1000033,direct_full,osm,33
1.0,0.0326306633651256,0.0233054505984165,6,1000033,direct_full,osm,33
1.0,1.0,0.001691736578967,2,1000033,direct_full,osm,33
1.0,0.0422730073332786,0.0167463961074289,7,1000033,direct_full,osm,33
0.0368859230181849,0.0301174353808164,0.0030050053052961,5,1000033,direct_full,osm,33
0.0077245433569445,0.0213791616261005,0.0016171081645917,3,1000033,direct_full,osm,33
1.0,1.0,0.0041757912663696,6,1000033,direct_full,osm,33
1.0,1.0,0.001692894621937,5,1000033,direct_full,osm,33
0.0169209294405793,0.0261636842042207,0.0014342254317413,4,1000033,direct_full,osm,33
1.0,1.0,0.0088006679110354,6,1000033,direct_full,osm,33
0.003538804807467,0.017453895881772,0.0001626600811487,2,1000033,direct_full,osm,33
1.0,0.9999876022338868,0.016531085161432,8,1000033,direct_full,osm,33
1.0,1.0,0.0136676539650228,7,1000033,direct_full,osm,33
1.0,1.0,0.0033725988331432,4,1000033,direct_full,osm,33
1.0,1.0,0.002865653631848,8,1000033,direct_full,osm,33
0.0047705163955436,0.015765918418765,0.0006520152957816,1,1000033,direct_full,osm,33
1.0,1.0,0.0107582250550181,8,1000033,direct_full,osm,33
0.0027365895784297,0.0154481250792741,0.0015210576584623,1,1000033,direct_full,osm,33
0.0046892191125932,0.0164209213107824,0.0009616162273236,1,1000033,direct_full,osm,33
0.1364671028792329,0.0406294167041778,0.0161542887102422,7,1000033,direct_full,osm,33
0.0527236066680361,0.0316019318997859,0.0203348132985417,6,1000033,direct_full,osm,33
1.0,1.0,0.0110356933768007,8,1000033,direct_full,osm,33
1.0,1.0,0.029091369263341,8,1000033,direct_full,osm,33
1.0,1.0,0.0063727273780538,6,1000033,direct_full,osm,33
0.5637444367328797,0.0382782742381095,0.1341024005122517,6,1000033,direct_full,osm,33
0.0868867491217322,0.0439800694584846,0.0231678906779699,7,1000033,direct_full,osm,33
0.015848573726689,0.0209506321698427,0.0059835763707235,3,1000033,direct_full,osm,33
0.3773600098864675,0.025129996240139,0.0102882777242785,4,1000033,direct_full,osm,33
0.0686361234823724,0.0426092706620693,0.024144032697408,8,1000033,direct_full,osm,33
0.0136020289859418,0.0266959406435489,0.0045389986543897,4,1000033,direct_full,osm,33
0.0212345388190731,0.015765918418765,0.0028261555078917,1,1000033,direct_full,osm,33
1.0,1.0,0.0249736257002923,4,1000033,direct_full,osm,33
0.0007872054074712,0.0154481250792741,0.0003649962025971,1,1000033,direct_full,osm,33
1.0,1.0,0.002773149108227,4,1000033,direct_full,osm,33
0.0907416596156789,0.0295190326869487,0.0262321887117793,5,1000033,direct_full,osm,33
0.0303369589174364,0.0227168295532464,0.0122205089985189,3,1000033,direct_full,osm,33
0.0474774032978383,0.0426092706620693,0.0220352282875972,8,1000033,direct_full,osm,33
0.0039121758851334,0.0185506176203489,0.0014643016933446,2,1000033,direct_full,osm,33
0.0840442025308972,0.0313496887683868,0.0041701598111908,5,1000033,direct_full,osm,33
0.0278519133165469,0.0295190326869487,0.0014523363452523,5,1000033,direct_full,osm,33
1.0,1.0,0.0196871878753783,8,1000033,direct_full,osm,33
0.1434685866760702,0.033962145447731,0.0769923549129348,6,1000033,direct_full,osm,33
1.0,1.0,0.055588746925998,6,1000033,direct_full,osm,33
1.0,1.0,0.0594362212115839,7,1000033,direct_full,osm,33
0.0046922884961503,0.0189310014247894,0.0009621334912614,2,1000033,direct_full,osm,33
1.0,1.0,0.0641824047495706,8,1000033,direct_full,osm,33
1.0,1.0,0.0027279771368235,4,1000033,direct_full,osm,33
0.0317626605464199,0.0154481250792741,0.0110576314961613,1,1000033,direct_full,osm,33
1.0,1.0,0.0266286986084963,7,1000033,direct_full,osm,33
0.0463981740209389,0.0439800694584846,0.0179275019866551,7,1000033,direct_full,osm,33
0.0445727043804373,0.0181777328252792,0.0053542541631733,2,1000033,direct_full,osm,33
0.3947272860897055,0.0283566303551197,0.021717916681815,5,1000033,direct_full,osm,33
1.0,1.0,0.0071847315597023,5,1000033,direct_full,osm,33
1.0,1.0,0.0044742567294048,7,1000033,direct_full,osm,33
0.6064691110752577,0.0209506321698427,0.0054318855873079,3,1000033,direct_full,osm,33
0.0721146980703876,0.0373748764395713,0.0134446711659035,7,1000033,direct_full,osm,33
1.0,1.0,0.0126750354616524,5,1000033,direct_full,osm,33
0.0323662864037117,0.0185506176203489,0.0030071327443624,2,1000033,direct_full,osm,33
0.0136373278637428,0.0209506321698427,0.0039731293570946,3,1000033,direct_full,osm,33
0.0002340493262636,0.0154481250792741,0.0001230002243374,1,1000033,direct_full,osm,33
1.0,1.0,0.005038724269832,2,1000033,direct_full,osm,33
1.0,1.0,0.0019846408023632,4,1000033,direct_full,osm,33
0.0127022934511356,0.015765918418765,0.0014500591770312,1,1000033,direct_full,osm,33
0.5495501622194368,0.0266959406435489,0.039127242633472,4,1000033,direct_full,osm,33
1.0,1.0,0.0401817945735279,8,1000033,direct_full,osm,33
0.0643915042087245,0.0301174353808164,0.0057536118962061,5,1000033,direct_full,osm,33
1.0,1.0,0.0383007382620898,8,1000033,direct_full,osm,33
0.4072308540312689,0.0911366119980812,0.183301526189552,6,21,direct_no_fiedler,synthetic,33
0.005857100073734,0.042225994169712,0.0042146815302046,5,21,direct_no_fiedler,synthetic,33
0.0006117830904598,0.0575113147497177,0.0004353850705257,6,21,direct_no_fiedler,synthetic,33
0.0043755528064921,0.0191648043692111,0.0034758701415607,1,21,direct_no_fiedler,synthetic,33
3.606342623496683e-05,0.0245277881622314,2.150222459108889e-05,2,21,direct_no_fiedler,synthetic,33
0.0010808778119454,0.030589684844017,0.0007789509314851,3,21,direct_no_fiedler,synthetic,33
0.000531463097914,0.0193997994065284,0.0002973013882188,1,21,direct_no_fiedler,synthetic,33
0.0279879985300691,0.044149000197649,0.0170283725069124,5,21,direct_no_fiedler,synthetic,33
0.0148126279970686,0.0909140929579734,0.0101673105628026,8,21,direct_no_fiedler,synthetic,33
1.7323182516237878e-06,0.0213968977332115,9.793115105452757e-07,1,21,direct_no_fiedler,synthetic,33
0.020523306243814,0.0824709311127662,0.0175418747963152,8,21,direct_no_fiedler,synthetic,33
0.0041372261533293,0.0287356525659561,0.0031553713473702,3,21,direct_no_fiedler,synthetic,33
0.0007680609314866,0.0270543117076158,0.0005568856272849,3,21,direct_no_fiedler,synthetic,33
0.0010547775098269,0.0461796969175338,0.0007317699512247,5,21,direct_no_fiedler,synthetic,33
0.0026528974767336,0.0461930818855762,0.001622966177703,5,21,direct_no_fiedler,synthetic,33
0.0083712708261163,0.039174847304821,0.0068582357566958,4,21,direct_no_fiedler,synthetic,33
0.0034844415589099,0.0436355471611022,0.0020754705884318,5,21,direct_no_fiedler,synthetic,33
0.002285234897408,0.0581725239753723,0.0016339397572987,5,21,direct_no_fiedler,synthetic,33
0.0310968101637257,0.0342897921800613,0.0099011056663434,3,21,direct_no_fiedler,synthetic,33
0.0096132968215778,0.0220606289803981,0.0079125597257668,2,21,direct_no_fiedler,synthetic,33
0.0584375905429349,0.2145630866289138,0.0377832325557072,8,23,direct_no_fiedler,synthetic,33
0.0698025277545828,0.0769557207822799,0.0436725671051349,6,23,direct_no_fiedler,synthetic,33
0.0123587790458085,0.1196928322315216,0.0074389206096123,7,23,direct_no_fiedler,synthetic,33
0.0447696273522312,0.0954245775938034,0.0333583578303726,6,23,direct_no_fiedler,synthetic,33
0.0128433766614056,0.1580149233341217,0.0094349181736848,8,23,direct_no_fiedler,synthetic,33
0.0241915143726535,0.0359867140650749,0.0158999889400861,3,23,direct_no_fiedler,synthetic,33
0.0417088055020807,0.0712505504488945,0.0312108960029819,5,23,direct_no_fiedler,synthetic,33
0.0217508282503516,0.0251183677464723,0.0147392746478344,2,23,direct_no_fiedler,synthetic,33
0.142853024140217,0.0372849628329277,0.0866151762203628,3,23,direct_no_fiedler,synthetic,33
0.0269643293822547,0.041140642017126,0.019716743994084,3,23,direct_no_fiedler,synthetic,33
0.0397590256494654,0.1204879358410835,0.0296761568148596,7,23,direct_no_fiedler,synthetic,33
0.2361981600783174,0.0510886311531066,0.1162086813917129,3,23,direct_no_fiedler,synthetic,33
0.0031447328956419,0.0332095511257648,0.002559544951113,3,23,direct_no_fiedler,synthetic,33
0.1904451917407764,0.041140642017126,0.0916578521158634,3,23,direct_no_fiedler,synthetic,33
0.0091741473826683,0.053389448672533,0.0058636928521169,5,23,direct_no_fiedler,synthetic,33
0.0182691122103629,0.0324410162866115,0.0122073897655295,3,23,direct_no_fiedler,synthetic,33
0.2328866664911173,0.1262241303920745,0.1290272247642204,6,23,direct_no_fiedler,synthetic,33
0.0873596293172008,0.1841770559549331,0.0590665705389003,8,23,direct_no_fiedler,synthetic,33
0.0028086795141729,0.0476373881101608,0.0020209001370851,4,23,direct_no_fiedler,synthetic,33
0.0287689520208237,0.0217349808663129,0.0162915452346097,1,23,direct_no_fiedler,synthetic,33
0.00011459523185,0.0275575518608093,7.678798377894125e-05,3,29,direct_no_fiedler,synthetic,33
0.0010057839735244,0.0255158804357051,0.0006213566132888,2,29,direct_no_fiedler,synthetic,33
3.768581002816518e-10,0.0182507410645484,3.26458773226536e-10,1,29,direct_no_fiedler,synthetic,33
0.0236667608961154,0.0721197947859764,0.0147014324942933,6,29,direct_no_fiedler,synthetic,33
1.0,0.0428562946617603,0.3007163862736454,3,29,direct_no_fiedler,synthetic,33
1.0,0.0527139492332935,0.1846261349782692,4,29,direct_no_fiedler,synthetic,33
0.1944315885619664,0.0875894799828529,0.0977686810956539,7,29,direct_no_fiedler,synthetic,33
0.0010249153711517,0.0182507410645484,0.0008346539319092,1,29,direct_no_fiedler,synthetic,33
0.0035556951257342,0.0262663606554269,0.0022977493026549,3,29,direct_no_fiedler,synthetic,33
0.0003407753326285,0.0199372135102748,0.0002460998271296,1,29,direct_no_fiedler,synthetic,33
0.0011367113922614,0.0554982870817184,0.0008918198476029,5,29,direct_no_fiedler,synthetic,33
0.1094487791516557,0.049206294119358,0.042112394094997,4,29,direct_no_fiedler,synthetic,33
0.107137022424396,0.0577847100794315,0.0448097972274788,5,29,direct_no_fiedler,synthetic,33
0.0357558704017433,0.0734587386250495,0.0078894455914135,5,29,direct_no_fiedler,synthetic,33
0.0037196808042057,0.040834005922079,0.0025618921671383,4,29,direct_no_fiedler,synthetic,33
0.0008171590926135,0.0518712326884269,0.0006307381864443,4,29,direct_no_fiedler,synthetic,33
0.0307661259012684,0.0289262402802705,0.0041889030230056,2,29,direct_no_fiedler,synthetic,33
0.0024801723216002,0.1086593046784401,0.0016171070300616,8,29,direct_no_fiedler,synthetic,33
0.0102279097018661,0.0985336154699325,0.0063387321940548,8,29,direct_no_fiedler,synthetic,33
0.013088157046016,0.018907843157649,0.0093231831737834,1,29,direct_no_fiedler,synthetic,33
0.332221633439424,0.0362900309264659,0.1782091345192163,3,35,direct_no_fiedler,synthetic,33
0.2139370489119724,0.1468370258808136,0.1032549275792691,7,35,direct_no_fiedler,synthetic,33
0.197581393829788,0.0899461656808853,0.0927516075563032,6,35,direct_no_fiedler,synthetic,33
0.0197890554213657,0.0569488890469074,0.0123556196428093,4,35,direct_no_fiedler,synthetic,33
0.0112864329265146,0.150345504283905,0.0078154775040708,7,35,direct_no_fiedler,synthetic,33
0.0118258596989225,0.0495001263916492,0.0072350964670354,4,35,direct_no_fiedler,synthetic,33
1.0,1.0,0.0126163861830209,7,35,direct_no_fiedler,synthetic,33
0.003742749188234,0.0220639817416667,0.0018318196824409,1,35,direct_no_fiedler,synthetic,33
1.0,1.0,0.0039956740292227,3,35,direct_no_fiedler,synthetic,33
0.0027008197705531,0.0215529203414917,0.0014982922842143,1,35,direct_no_fiedler,synthetic,33
0.0606587468095765,0.0382955707609653,0.0384437231444124,3,35,direct_no_fiedler,synthetic,33
0.0972741641369727,0.0901801288127899,0.0663305566802769,6,35,direct_no_fiedler,synthetic,33
0.0193408608971999,0.0638386458158493,0.0104615402512865,4,35,direct_no_fiedler,synthetic,33
0.0153216419509056,0.0374485291540622,0.0108715109361078,3,35,direct_no_fiedler,synthetic,33
0.4538989320664472,0.211366131901741,0.3252772047069792,8,35,direct_no_fiedler,synthetic,33
0.0999782652995902,0.0759537741541862,0.0575577633744047,5,35,direct_no_fiedler,synthetic,33
0.012802618147662,0.0351522229611873,0.0100062335011171,3,35,direct_no_fiedler,synthetic,33
1.0,1.0,0.0058489533507028,2,35,direct_no_fiedler,synthetic,33
0.0849616044827076,0.1689875721931457,0.0632339594053888,8,35,direct_no_fiedler,synthetic,33
0.0010254149779369,0.0500983707606792,0.0007564771374993,3,35,direct_no_fiedler,synthetic,33
1.0,0.1327207833528518,0.0332864970949729,8,41,direct_no_fiedler,synthetic,33
0.0005323396517131,0.0534807331860065,0.0004397554161493,5,41,direct_no_fiedler,synthetic,33
0.0004493485175736,0.029099728912115,0.0003124084710541,3,41,direct_no_fiedler,synthetic,33
0.0126442790635499,0.0483679510653018,0.0068909070133607,5,41,direct_no_fiedler,synthetic,33
2.245098235598153e-05,0.0190967917442321,1.8693980915792296e-05,1,41,direct_no_fiedler,synthetic,33
1.0,0.054874662309885,0.4435897983870128,4,41,direct_no_fiedler,synthetic,33
0.0240314680211685,0.0418919622898101,0.0149852945819027,4,41,direct_no_fiedler,synthetic,33
0.0126486332228697,0.0777086168527603,0.0092990866874705,8,41,direct_no_fiedler,synthetic,33
0.0001977680507213,0.0415160506963729,0.0001406594419534,5,41,direct_no_fiedler,synthetic,33
0.0004556446330096,0.0294172465801239,0.0003432031575441,3,41,direct_no_fiedler,synthetic,33
0.0299871927143361,0.0884727388620376,0.0153400237926014,8,41,direct_no_fiedler,synthetic,33
0.0157177452770423,0.0447198636829853,0.0107468879201256,4,41,direct_no_fiedler,synthetic,33
1.0,0.1053228303790092,0.030560312091249,8,41,direct_no_fiedler,synthetic,33
1.0,0.0972713753581047,0.0368053162976513,7,41,direct_no_fiedler,synthetic,33
0.0001142367481964,0.0203821267932653,6.881975020927459e-05,1,41,direct_no_fiedler,synthetic,33
0.0084206075044975,0.0403818227350711,0.006828164954624,5,41,direct_no_fiedler,synthetic,33
5.6198514570282576e-05,0.0217660292983055,4.7295111443452326e-05,2,41,direct_no_fiedler,synthetic,33
0.0074708475195289,0.0549634173512458,0.006143084339513,4,41,direct_no_fiedler,synthetic,33
0.0132619544635667,0.0711416378617286,0.0072380040560393,7,41,direct_no_fiedler,synthetic,33
0.0014262171416281,0.0548566170036792,0.0009188718018416,6,41,direct_no_fiedler,synthetic,33
0.0011033515256771,0.0178787633776664,0.000948044111888,1,61,direct_no_fiedler,synthetic,33
0.0005725815054957,0.0177707578986883,0.0004776079087272,1,61,direct_no_fiedler,synthetic,33
0.0425718622443412,0.0441814288496971,0.0290129536086974,5,61,direct_no_fiedler,synthetic,33
0.006797826236043,0.0464040264487266,0.0052563736161273,5,61,direct_no_fiedler,synthetic,33
0.0008556574963658,0.0184537041932344,0.0006670697435605,1,61,direct_no_fiedler,synthetic,33
0.000126414330546,0.0183437149971723,9.964206403772504e-05,1,61,direct_no_fiedler,synthetic,33
0.0016472698538217,0.0234377067536115,0.0013965597566181,3,61,direct_no_fiedler,synthetic,33
0.001226746075168,0.0265483241528272,0.0002093688399361,2,61,direct_no_fiedler,synthetic,33
0.0001034020943573,0.0183437149971723,9.03722745810537e-05,1,61,direct_no_fiedler,synthetic,33
0.0015997604899899,0.018964821472764,0.0011412450662018,1,61,direct_no_fiedler,synthetic,33
0.0005955856815366,0.0177707578986883,0.0005106763805462,1,61,direct_no_fiedler,synthetic,33
0.0002948988719569,0.0204823929816484,0.0002495210420325,2,61,direct_no_fiedler,synthetic,33
0.0437317240659571,0.0555707700550556,0.0335435602516318,7,61,direct_no_fiedler,synthetic,33
0.0030557201686681,0.0268111415207386,0.0025026045601722,4,61,direct_no_fiedler,synthetic,33
1.0,1.0,0.0087441132185383,7,61,direct_no_fiedler,synthetic,33
0.0940005836997102,0.1087232902646064,0.0534805087092761,8,61,direct_no_fiedler,synthetic,33
0.0004743642472804,0.0197636503726243,0.0003759955835152,2,61,direct_no_fiedler,synthetic,33
0.006997531418677,0.0420117415487766,0.0055366243291674,6,61,direct_no_fiedler,synthetic,33
0.1638728734697787,0.0411737225949764,0.1160847082923346,6,61,direct_no_fiedler,synthetic,33
8.806644024783594e-05,0.0187555290758609,7.31660657429984e-05,1,61,direct_no_fiedler,synthetic,33
0.0019537979123924,0.063390202820301,0.0015060746932091,6,64,direct_no_fiedler,synthetic,33
0.0067094556859602,0.0555970780551433,0.0039422640541644,6,64,direct_no_fiedler,synthetic,33
0.0020003933384336,0.0487272068858146,0.0015441795901606,5,64,direct_no_fiedler,synthetic,33
0.0065484990301272,0.1040315553545951,0.0037203532246257,8,64,direct_no_fiedler,synthetic,33
0.2964632375982309,0.0235130973160266,0.1715801297317067,2,64,direct_no_fiedler,synthetic,33
0.0005655428474782,0.051925528794527,0.0003299447185706,6,64,direct_no_fiedler,synthetic,33
0.0027917434791502,0.1343582719564438,0.0015495411589997,6,64,direct_no_fiedler,synthetic,33
0.004962532834054,0.1089381948113441,0.0024585131057874,6,64,direct_no_fiedler,synthetic,33
1.0,0.1520736962556839,0.0472179367443,8,64,direct_no_fiedler,synthetic,33
0.0141647233176706,0.0256619770079851,0.0098363422375811,3,64,direct_no_fiedler,synthetic,33
0.003100318752744,0.0374491810798645,0.0024308968836598,5,64,direct_no_fiedler,synthetic,33
1.0,0.0601115897297859,0.04037573051338,4,64,direct_no_fiedler,synthetic,33
1.0,1.0,0.0496500085138623,3,64,direct_no_fiedler,synthetic,33
0.0026083137951776,0.0344788581132888,0.0019503784840494,3,64,direct_no_fiedler,synthetic,33
0.0022061699716966,0.0672983229160308,0.0016450630161195,8,64,direct_no_fiedler,synthetic,33
0.0038507994116639,0.0540150366723537,0.0022508480670327,6,64,direct_no_fiedler,synthetic,33
0.2369694636092285,0.0678833276033401,0.1491676383564417,7,64,direct_no_fiedler,synthetic,33
0.0118476841582895,0.068583108484745,0.0083745990920487,8,64,direct_no_fiedler,synthetic,33
0.0569884283290718,0.0661649405956268,0.0324918200347854,5,64,direct_no_fiedler,synthetic,33
1.4399116565533276e-05,0.0190673042088747,1.2588045274284873e-05,1,64,direct_no_fiedler,synthetic,33
0.017308244125138,0.0284484568983316,0.0123400816299978,6,67,direct_no_fiedler,synthetic,33
0.0020278248565593,0.0339576341211795,0.0018018345486131,7,67,direct_no_fiedler,synthetic,33
0.0057306693998419,0.0219785831868648,0.0051464364128301,4,67,direct_no_fiedler,synthetic,33
0.0274404738170209,0.0500559993088245,0.019572509996574,8,67,direct_no_fiedler,synthetic,33
0.0045314624618165,0.0260249096900224,0.0037898113858419,5,67,direct_no_fiedler,synthetic,33
0.0045100890042264,0.0231819432228803,0.0038714467262418,4,67,direct_no_fiedler,synthetic,33
0.0093138579464338,0.0245073959231376,0.0075709071221759,3,67,direct_no_fiedler,synthetic,33
0.0011792667054163,0.021343145519495,0.001034786232539,3,67,direct_no_fiedler,synthetic,33
0.0037631743105799,0.0204498041421175,0.0031052443940028,2,67,direct_no_fiedler,synthetic,33
0.0431354674067184,0.0414156578481197,0.0349635953904257,8,67,direct_no_fiedler,synthetic,33
0.0006063039590259,0.0187243558466434,0.0003532624333597,1,67,direct_no_fiedler,synthetic,33
0.0032786645380067,0.0212984215468168,0.0027612868051128,3,67,direct_no_fiedler,synthetic,33
0.0213783914297821,0.0300420355051755,0.0165863606318016,5,67,direct_no_fiedler,synthetic,33
0.0428429355734026,0.026188688352704,0.0372781980187936,4,67,direct_no_fiedler,synthetic,33
0.0029130228833519,0.0296008232980966,0.0025456273852833,5,67,direct_no_fiedler,synthetic,33
0.0266524350717709,0.0450378395617008,0.0205495911290144,8,67,direct_no_fiedler,synthetic,33
0.001009922720329,0.0230388510972261,0.0008304882977621,3,67,direct_no_fiedler,synthetic,33
0.0139280112455133,0.0260225050151348,0.0101204430385598,4,67,direct_no_fiedler,synthetic,33
0.0308187195199477,0.0259353015571832,0.0219696704731299,4,67,direct_no_fiedler,synthetic,33
0.0205804899087046,0.0188620965927839,0.0172370242376226,2,67,direct_no_fiedler,synthetic,33
0.007974838423017,0.0831864178180694,0.00500334179114,8,68,direct_no_fiedler,synthetic,33
0.0544822616882346,0.030704341828823,0.0405406075274422,3,68,direct_no_fiedler,synthetic,33
0.0367228360912433,0.0282692275941371,0.0208958091771263,2,68,direct_no_fiedler,synthetic,33
0.0397628775003219,0.0524421483278274,0.0320286231252321,6,68,direct_no_fiedler,synthetic,33
0.0025842258882579,0.0511885620653629,0.0019507096612488,6,68,direct_no_fiedler,synthetic,33
0.0267436135066597,0.0959327146410942,0.0173665528462591,8,68,direct_no_fiedler,synthetic,33
0.0752696080549882,0.0942704305052757,0.036344896389082,8,68,direct_no_fiedler,synthetic,33
0.001120993338693,0.0189197808504104,0.0009510646886649,1,68,direct_no_fiedler,synthetic,33
0.006872384122434,0.0199533775448799,0.0047167919687899,1,68,direct_no_fiedler,synthetic,33
0.0015402414343608,0.0341914631426334,0.0012762620383254,4,68,direct_no_fiedler,synthetic,33
0.0727034178576268,0.0568072833120822,0.050225778505875,5,68,direct_no_fiedler,synthetic,33
0.0867912061362267,0.0839987769722938,0.061111479639899,7,68,direct_no_fiedler,synthetic,33
0.010781518695175,0.0246240105479955,0.0071892590315067,2,68,direct_no_fiedler,synthetic,33
0.0139477300498858,0.0240675378590822,0.0094223989354901,2,68,direct_no_fiedler,synthetic,33
0.0507872911222929,0.1039409041404724,0.0215952529930377,8,68,direct_no_fiedler,synthetic,33
0.0008606533800504,0.0278252474963665,0.0006702595890219,3,68,direct_no_fiedler,synthetic,33
0.0069019560011215,0.0561772063374519,0.0058051412864285,6,68,direct_no_fiedler,synthetic,33
0.0032416933291739,0.0305078197270631,0.0024785933028763,4,68,direct_no_fiedler,synthetic,33
0.0263785399506585,0.0592106990516185,0.0170106969462086,6,68,direct_no_fiedler,synthetic,33
0.0002269384940912,0.018351649865508,0.0001917308204649,1,68,direct_no_fiedler,synthetic,33
0.0050727534658149,0.0966141372919082,0.0027046091048723,4,73,direct_no_fiedler,synthetic,33
0.0070467534599053,0.0352409221231937,0.0033992742357098,2,73,direct_no_fiedler,synthetic,33
0.0859644165416234,0.1417701691389084,0.0482158269883249,6,73,direct_no_fiedler,synthetic,33
0.0001155223433166,0.0403620190918445,8.834502298408581e-05,2,73,direct_no_fiedler,synthetic,33
0.1063614744695891,0.2028940320014953,0.0702497653610967,7,73,direct_no_fiedler,synthetic,33
0.2584034372839868,0.2471761256456375,0.1800127053399,8,73,direct_no_fiedler,synthetic,33
0.0216402089617999,0.125118002295494,0.0170156441018224,6,73,direct_no_fiedler,synthetic,33
0.013516590917313,0.0506011955440044,0.0085673273189645,4,73,direct_no_fiedler,synthetic,33
0.024059105186216,0.0431270115077495,0.0137057327997584,3,73,direct_no_fiedler,synthetic,33
0.0402987068911365,0.0888190418481826,0.0211786935155808,5,73,direct_no_fiedler,synthetic,33
0.007776438941506,0.1123604699969291,0.005661999828186,5,73,direct_no_fiedler,synthetic,33
0.0023345451960984,0.0479107275605201,0.0016118053546582,3,73,direct_no_fiedler,synthetic,33
0.0017242421603688,0.0223598778247833,0.0008141374905508,1,73,direct_no_fiedler,synthetic,33
1.6259714084032597e-06,0.0194566752761602,1.3334394351588367e-06,1,73,direct_no_fiedler,synthetic,33
1.0,1.0,0.0112178188171063,7,73,direct_no_fiedler,synthetic,33
0.2480715638058711,0.1693015396595001,0.1654130264274932,7,73,direct_no_fiedler,synthetic,33
0.2436450993372848,0.0208260957151651,0.160955795961403,1,73,direct_no_fiedler,synthetic,33
0.2384483045420049,0.0712785422801971,0.1948570871829503,5,73,direct_no_fiedler,synthetic,33
0.0713220868746323,0.2407535910606384,0.0378099679643814,8,73,direct_no_fiedler,synthetic,33
1.0665098688300567e-05,0.0199562385678291,8.689367018164793e-06,1,73,direct_no_fiedler,synthetic,33
0.0894997349876933,0.0515246465802192,0.0544326933571897,3,78,direct_no_fiedler,synthetic,33
0.0001085727126908,0.0219741854816675,8.54013154993322e-05,1,78,direct_no_fiedler,synthetic,33
1.0,1.0,0.0454697087534703,8,78,direct_no_fiedler,synthetic,33
0.101572960857197,0.1149278581142425,0.0597697054015391,4,78,direct_no_fiedler,synthetic,33
0.1149261078291287,0.0437390990555286,0.0688599994580142,2,78,direct_no_fiedler,synthetic,33
0.0898894696228609,0.0420909561216831,0.0555535459527112,2,78,direct_no_fiedler,synthetic,33
0.1005251443520874,0.0386503189802169,0.0595435808922356,2,78,direct_no_fiedler,synthetic,33
0.1317615065966351,0.2983492314815521,0.0758940441890608,7,78,direct_no_fiedler,synthetic,33
1.0,1.0,0.0153890537748837,4,78,direct_no_fiedler,synthetic,33
0.0821956727036986,0.2254548817873001,0.0284770621208218,7,78,direct_no_fiedler,synthetic,33
0.1264685823593165,0.0367781147360801,0.0334219650758795,2,78,direct_no_fiedler,synthetic,33
0.2207151304129108,0.3509128391742706,0.1348874017251263,8,78,direct_no_fiedler,synthetic,33
0.0140241977590909,0.0599586479365825,0.0063916150856152,3,78,direct_no_fiedler,synthetic,33
0.1313865182959871,0.1236582547426223,0.0698765550279376,5,78,direct_no_fiedler,synthetic,33
0.0752425711417135,0.0501416623592376,0.048437913402625,3,78,direct_no_fiedler,synthetic,33
5.528021368372826e-05,0.0259177945554256,3.5782468711505464e-05,1,78,direct_no_fiedler,synthetic,33
0.0120094104240696,0.1016559675335884,0.0071089171256878,4,78,direct_no_fiedler,synthetic,33
0.0001502569155358,0.035776000469923,0.0001014279565227,2,78,direct_no_fiedler,synthetic,33
7.971968805076113e-05,0.0219741854816675,6.181321315913777e-05,1,78,direct_no_fiedler,synthetic,33
0.0435672861977474,0.074265256524086,0.0199420550421068,3,78,direct_no_fiedler,synthetic,33
7.695717107714106e-05,0.0183407515287399,7.296829787409855e-05,2,80,direct_no_fiedler,synthetic,33
0.1060189020271937,0.0281368028372526,0.0785297317806944,5,80,direct_no_fiedler,synthetic,33
0.0008360663084833,0.0215706136077642,0.0007458462924609,3,80,direct_no_fiedler,synthetic,33
0.0842624199310654,0.0421867668628692,0.0596912168520783,8,80,direct_no_fiedler,synthetic,33
5.692166589621461e-05,0.0178551338613033,4.969282451193262e-05,1,80,direct_no_fiedler,synthetic,33
0.1171014930481592,0.0416427180171012,0.0916783701250432,8,80,direct_no_fiedler,synthetic,33
0.0078100780762619,0.0228607971221208,0.005970112274409,4,80,direct_no_fiedler,synthetic,33
0.0013802359916029,0.0281828790903091,0.0010548617747453,3,80,direct_no_fiedler,synthetic,33
0.001656367702186,0.0238918103277683,0.0012480048574825,3,80,direct_no_fiedler,synthetic,33
0.0118507159211994,0.0302532725036144,0.0093485034623035,7,80,direct_no_fiedler,synthetic,33
0.0719730967056638,0.0359138660132885,0.0524076252679509,5,80,direct_no_fiedler,synthetic,33
0.0350691556526798,0.0372149720788002,0.0274350580386745,4,80,direct_no_fiedler,synthetic,33
0.00169595309775,0.0275698099285364,0.0012923567285752,3,80,direct_no_fiedler,synthetic,33
0.0001649122418144,0.0200346726924181,0.0001516131447503,3,80,direct_no_fiedler,synthetic,33
0.0004708761705467,0.044397410005331,0.0003669319457113,7,80,direct_no_fiedler,synthetic,33
0.019814416290129,0.0456625148653984,0.0101631962757185,8,80,direct_no_fiedler,synthetic,33
5.345403903400658e-05,0.0171748176217079,4.942623887659848e-05,1,80,direct_no_fiedler,synthetic,33
0.0116083720923363,0.0382150448858737,0.0090473568554156,6,80,direct_no_fiedler,synthetic,33
0.0009799937317108,0.0297076553106308,0.0008752981301024,7,80,direct_no_fiedler,synthetic,33
0.0001603280767117,0.017417749390006,0.0001482631781627,1,80,direct_no_fiedler,synthetic,33
0.1006882142173064,0.1608416885137558,0.0634794709522496,6,83,direct_no_fiedler,synthetic,33
1.0,1.0,0.0037840974511473,4,83,direct_no_fiedler,synthetic,33
0.0064959568525735,0.0683774203062057,0.0035966610530784,2,83,direct_no_fiedler,synthetic,33
0.0369085763754892,0.2770946323871612,0.018382946779587,5,83,direct_no_fiedler,synthetic,33
0.1509815137842955,0.2737781405448913,0.0761736153748266,7,83,direct_no_fiedler,synthetic,33
0.0857543031953895,0.0342407673597335,0.0469751924360219,2,83,direct_no_fiedler,synthetic,33
0.0979038296583705,0.3058716058731079,0.0580608376655747,7,83,direct_no_fiedler,synthetic,33
0.1108233683285634,0.0231742449104785,0.0706553805788554,1,83,direct_no_fiedler,synthetic,33
0.2603489094321772,0.2330440282821655,0.0416583205231272,6,83,direct_no_fiedler,synthetic,33
0.0485270341263944,0.0542363859713077,0.0272231253150606,3,83,direct_no_fiedler,synthetic,33
0.0527958741645974,0.2071779370307922,0.0357395024540413,5,83,direct_no_fiedler,synthetic,33
0.0926023497330689,0.0648379400372505,0.0661577004556683,4,83,direct_no_fiedler,synthetic,33
0.0057255881671616,0.0631328374147415,0.004174786590182,2,83,direct_no_fiedler,synthetic,33
0.0839353951489619,0.0510809831321239,0.0566306605851311,3,83,direct_no_fiedler,synthetic,33
1.0,1.0,0.0169786032720686,3,83,direct_no_fiedler,synthetic,33
1.0,1.0,0.0096104637234454,3,83,direct_no_fiedler,synthetic,33
1.0,0.9999886751174928,0.1708355659277069,8,83,direct_no_fiedler,synthetic,33
1.0,0.1425417214632034,0.0895609728159966,4,83,direct_no_fiedler,synthetic,33
0.1598595468641177,0.0839047878980636,0.0977886304775288,4,83,direct_no_fiedler,synthetic,33
1.0,1.0,0.0356635261772114,7,83,direct_no_fiedler,synthetic,33
0.0012368168508044,0.0240793004631996,0.0005497507361111,2,91,direct_no_fiedler,synthetic,33
0.0029750281520122,0.0454100295901298,0.001125104944982,5,91,direct_no_fiedler,synthetic,33
1.0,0.1624472588300705,0.0294221720262012,7,91,direct_no_fiedler,synthetic,33
1.0,0.0732771679759025,0.1627717800756604,7,91,direct_no_fiedler,synthetic,33
1.0,1.0,0.0039861784218493,3,91,direct_no_fiedler,synthetic,33
0.0034284868707656,0.0953557193279266,0.0021737770787096,8,91,direct_no_fiedler,synthetic,33
0.0046813174116675,0.0435767471790313,0.002980128431029,5,91,direct_no_fiedler,synthetic,33
1.0,0.1607332080602646,0.0408825856092064,8,91,direct_no_fiedler,synthetic,33
0.00966213615769,0.0563060827553272,0.0048985601396813,4,91,direct_no_fiedler,synthetic,33
1.0,0.1291484236717224,0.0679438774417785,5,91,direct_no_fiedler,synthetic,33
5.601499172536162e-05,0.0251210667192935,2.5425822839846804e-05,1,91,direct_no_fiedler,synthetic,33
0.0001276244237577,0.0184703711420297,9.83354037153626e-05,1,91,direct_no_fiedler,synthetic,33
0.0276240541920407,0.1149992197751998,0.0131679591440419,6,91,direct_no_fiedler,synthetic,33
1.0,1.0,0.0018908188626463,4,91,direct_no_fiedler,synthetic,33
1.0,0.0589119791984558,0.2691135627347213,6,91,direct_no_fiedler,synthetic,33
0.0287322443069178,0.0836541205644607,0.0164042843030034,5,91,direct_no_fiedler,synthetic,33
0.026462811343726,0.0291738081723451,0.0141112594517459,2,91,direct_no_fiedler,synthetic,33
0.0056353550315221,0.0356671810150146,0.0037940155281812,5,91,direct_no_fiedler,synthetic,33
1.0,0.1472143977880478,0.0777983795809736,8,91,direct_no_fiedler,synthetic,33
0.007181946463746,0.0264001004397869,0.0035685537519848,3,91,direct_no_fiedler,synthetic,33
0.0171773680250958,0.0882399827241897,0.0088596288567291,6,93,direct_no_fiedler,synthetic,33
0.0016670586224705,0.0289731156080961,0.0013147815316971,3,93,direct_no_fiedler,synthetic,33
0.0049648013436245,0.0244740415364503,0.0039302278493558,2,93,direct_no_fiedler,synthetic,33
0.0528468774420828,0.0952783375978469,0.0371695368126471,8,93,direct_no_fiedler,synthetic,33
0.0443469828939218,0.0193004850298166,0.0347936081299148,1,93,direct_no_fiedler,synthetic,33
4.686718336754936e-07,0.019134048372507,3.867237283461624e-07,1,93,direct_no_fiedler,synthetic,33
0.0321821184659311,0.0188837461173534,0.0241063190586134,1,93,direct_no_fiedler,synthetic,33
0.0319830482646683,0.0218899436295032,0.0227428575968168,2,93,direct_no_fiedler,synthetic,33
0.091676474828384,0.0929277762770652,0.0647882293880945,8,93,direct_no_fiedler,synthetic,33
8.251844849971324e-05,0.0223929956555366,4.505931910429882e-05,1,93,direct_no_fiedler,synthetic,33
0.0277179069595925,0.0389572344720363,0.0203943213177498,4,93,direct_no_fiedler,synthetic,33
0.1058955966110252,0.0590760409832,0.0821388732310562,5,93,direct_no_fiedler,synthetic,33
0.0037993045342757,0.0890378728508949,0.0028942741901967,7,93,direct_no_fiedler,synthetic,33
0.0504048001762206,0.0559948422014713,0.0362893169561721,5,93,direct_no_fiedler,synthetic,33
0.0406670211824822,0.0712224394083023,0.0289754614944939,6,93,direct_no_fiedler,synthetic,33
0.0618417401598802,0.0495345070958137,0.0470056559874281,4,93,direct_no_fiedler,synthetic,33
0.0006559333896027,0.023006247356534,0.0004677225567415,2,93,direct_no_fiedler,synthetic,33
0.1459440112990678,0.0783085450530052,0.0706608457229988,7,93,direct_no_fiedler,synthetic,33
0.0537930036622296,0.0887741819024086,0.0296461334490274,8,93,direct_no_fiedler,synthetic,33
0.0374242442454831,0.0357701107859611,0.0272171215534921,4,93,direct_no_fiedler,synthetic,33
1.0,1.0,0.0005567552391769,5,1000033,direct_no_fiedler,osm,33
0.6627127178379515,0.0434721335768699,0.0601265929828099,7,1000033,direct_no_fiedler,osm,33
0.5283205525969228,0.0311927869915962,0.0857099570066649,4,1000033,direct_no_fiedler,osm,33
1.0,0.047199722379446,0.0908453240966239,7,1000033,direct_no_fiedler,osm,33
1.0,1.0,0.1346490123562787,5,1000033,direct_no_fiedler,osm,33
0.7392711955876428,0.0501927621662616,0.0263538111012144,8,1000033,direct_no_fiedler,osm,33
0.1090346485962485,0.0183112509548664,0.0549768908618072,1,1000033,direct_no_fiedler,osm,33
1.0,1.0,0.0101753961785685,6,1000033,direct_no_fiedler,osm,33
0.0001410106094055,0.0179627928882837,8.623723414725419e-05,1,1000033,direct_no_fiedler,osm,33
1.0,0.0325214713811874,0.0391906933816529,5,1000033,direct_no_fiedler,osm,33
1.0,1.0,0.0110856370566932,7,1000033,direct_no_fiedler,osm,33
0.0861425131809742,0.05558393150568,0.023718178032829,8,1000033,direct_no_fiedler,osm,33
1.0,1.0,0.0011819921801142,2,1000033,direct_no_fiedler,osm,33
1.0,1.0,0.0614226931497506,5,1000033,direct_no_fiedler,osm,33
1.0,1.0,0.0816129853476807,6,1000033,direct_no_fiedler,osm,33
1.0,1.0,0.000870207080334,3,1000033,direct_no_fiedler,osm,33
0.0538212035711824,0.0538019984960556,0.0270401882744532,8,1000033,direct_no_fiedler,osm,33
1.0,0.9999206066131592,0.0075273544682847,4,1000033,direct_no_fiedler,osm,33
1.0,1.0,0.0013101206210957,4,1000033,direct_no_fiedler,osm,33
0.0033933635125991,0.0218399632722139,0.0008573561386329,2,1000033,direct_no_fiedler,osm,33
0.0382683354527776,0.0242593195289373,0.0102100633474404,3,1000033,direct_no_fiedler,osm,33
1.0,1.0,0.0147595583080584,5,1000033,direct_no_fiedler,osm,33
0.3720337388331833,0.0332061648368835,0.0103027260219178,5,1000033,direct_no_fiedler,osm,33
0.4223420575769168,0.0321172140538692,0.0111874017461583,5,1000033,direct_no_fiedler,osm,33
0.5468532654083776,0.0400265753269195,0.0876093425004075,6,1000033,direct_no_fiedler,osm,33
0.0096244391665155,0.0213952995836734,0.000161855709524,2,1000033,direct_no_fiedler,osm,33
0.6362117077834069,0.0456735529005527,0.0386401648442495,7,1000033,direct_no_fiedler,osm,33
0.5935110554274122,0.028096966445446,0.0446223564915875,4,1000033,direct_no_fiedler,osm,33
1.0,1.0,0.0020762878925088,4,1000033,direct_no_fiedler,osm,33
0.0113509152876892,0.0190281812101602,0.001384897929497,1,1000033,direct_no_fiedler,osm,33
1.0,1.0,0.0161707608987473,7,1000033,direct_no_fiedler,osm,33
0.1066179347508646,0.034906692802906,0.018315991519203,5,1000033,direct_no_fiedler,osm,33
0.0008064859839874,0.0286912750452756,0.0002974253322827,4,1000033,direct_no_fiedler,osm,33
1.0,1.0,0.0003399572929049,2,1000033,direct_no_fiedler,osm,33
1.0,1.0,0.0050667978804887,5,1000033,direct_no_fiedler,osm,33
1.0,1.0,0.1115501529570515,8,1000033,direct_no_fiedler,osm,33
0.0127424325730127,0.0242593195289373,0.0055881435537671,3,1000033,direct_no_fiedler,osm,33
1.0,1.0,0.0254856825735119,6,1000033,direct_no_fiedler,osm,33
0.015984318304677,0.0527157597243785,0.0097596581891772,8,1000033,direct_no_fiedler,osm,33
1.0,1.0,0.0060237463194134,8,1000033,direct_no_fiedler,osm,33
1.0,1.0,0.0071378124718629,4,1000033,direct_no_fiedler,osm,33
0.0015904063632313,0.0176208410412073,0.0008926160496961,1,1000033,direct_no_fiedler,osm,33
1.0,1.0,0.0821326623164826,8,1000033,direct_no_fiedler,osm,33
1.0,1.0,0.0045235080641077,3,1000033,direct_no_fiedler,osm,33
0.165434678002424,0.0443768016993999,0.003177217896625,7,1000033,direct_no_fiedler,osm,33
1.0,1.0,0.0015553675915353,6,1000033,direct_no_fiedler,osm,33
1.0,1.0,0.0155766791734586,6,1000033,direct_no_fiedler,osm,33
1.0,1.0,0.0035060282613419,5,1000033,direct_no_fiedler,osm,33
0.7122370779771796,0.0183112509548664,0.0207333153671367,1,1000033,direct_no_fiedler,osm,33
1.0,1.0,0.0120890090811912,7,1000033,direct_no_fiedler,osm,33
0.0034623495738947,0.0384034365415573,0.0008674418350749,6,1000033,direct_no_fiedler,osm,33
0.6052512861932955,0.0376157462596893,0.0459684712825227,6,1000033,direct_no_fiedler,osm,33
0.714237784615487,0.0247745309025049,0.0228118669067223,3,1000033,direct_no_fiedler,osm,33
1.0,1.0,0.0482583545468914,6,1000033,direct_no_fiedler,osm,33
1.0,1.0,0.0088855820378298,6,1000033,direct_no_fiedler,osm,33
0.1909265707230973,0.0434721335768699,0.0535457312860469,7,1000033,direct_no_fiedler,osm,33
0.3077703407930345,0.0452994294464588,0.0465359168527588,7,1000033,direct_no_fiedler,osm,33
1.0,1.0,9.118087954903088e-05,3,1000033,direct_no_fiedler,osm,33
1.0,1.0,1.509416376882741e-06,1,1000033,direct_no_fiedler,osm,33
0.0535883635648469,0.0242593195289373,0.011673547125062,3,1000033,direct_no_fiedler,osm,33
0.0803177317212218,0.0425851009786129,0.0208207297096406,6,1000033,direct_no_fiedler,osm,33
0.5606375772433366,0.046240285038948,0.067187291450589,7,1000033,direct_no_fiedler,osm,33
1.0,1.0,0.005641789909437,6,1000033,direct_no_fiedler,osm,33
0.0005906540299985,0.0179627928882837,0.000288908564717,1,1000033,direct_no_fiedler,osm,33
1.0,1.0,0.0270576508961097,5,1000033,direct_no_fiedler,osm,33
1.0,1.0,0.0013894464501989,3,1000033,direct_no_fiedler,osm,33
5.496675320859623e-05,0.0190281812101602,2.2123146170424443e-05,1,1000033,direct_no_fiedler,osm,33
0.0031250848331845,0.0179627928882837,0.0017147139835392,1,1000033,direct_no_fiedler,osm,33
0.1162764957705092,0.0481780581176281,0.0291206960789425,7,1000033,direct_no_fiedler,osm,33
1.0,1.0,0.0131760618518824,7,1000033,direct_no_fiedler,osm,33
1.0,0.0417153425514698,0.0042157141590094,6,1000033,direct_no_fiedler,osm,33
0.0110740519761223,0.047199722379446,0.0036759353826709,7,1000033,direct_no_fiedler,osm,33
0.0166351930825962,0.0179627928882837,0.0023734672140635,1,1000033,direct_no_fiedler,osm,33
1.0,1.0,0.0021405927013421,4,1000033,direct_no_fiedler,osm,33
8.789862631242151e-05,0.0183112509548664,3.398213623172969e-05,1,1000033,direct_no_fiedler,osm,33
0.5933319785985924,0.0183112509548664,0.0438022922204391,1,1000033,direct_no_fiedler,osm,33
0.634197776011965,0.0434721335768699,0.030613254549963,6,1000033,direct_no_fiedler,osm,33
1.0,0.0443768016993999,0.0837585050371962,6,1000033,direct_no_fiedler,osm,33
0.5554964756619082,0.0408626273274421,0.1427426822130694,6,1000033,direct_no_fiedler,osm,33
1.0,1.0,0.0041675295468315,6,1000033,direct_no_fiedler,osm,33
1.0,1.0,0.0079623066757238,8,1000033,direct_no_fiedler,osm,33
1.0,1.0,0.0147324514733588,6,1000033,direct_no_fiedler,osm,33
1.0,1.0,0.0065630897334187,6,1000033,direct_no_fiedler,osm,33
1.0,1.0,0.0698967709778856,8,1000033,direct_no_fiedler,osm,33
0.6300872725200848,0.0615166425704956,0.1971125334084653,8,1000033,direct_no_fiedler,osm,33
0.0063707303070781,0.0183112509548664,0.0015687161570498,1,1000033,direct_no_fiedler,osm,33
1.0,1.0,0.0057273460479737,7,1000033,direct_no_fiedler,osm,33
0.0019761245586455,0.0183112509548664,0.0005770733438072,1,1000033,direct_no_fiedler,osm,33
1.0,1.0,0.0028453443633227,2,1000033,direct_no_fiedler,osm,33
0.5349113603423791,0.0376157462596893,0.0904768691199922,5,1000033,direct_no_fiedler,osm,33
0.0776147811452948,0.0299167092889547,0.0106490164749996,4,1000033,direct_no_fiedler,osm,33
0.0006824511568793,0.0183112509548664,0.0003228828491587,1,1000033,direct_no_fiedler,osm,33
0.023616141502015,0.0318504273891449,0.0036181178983454,5,1000033,direct_no_fiedler,osm,33
0.0669785091701068,0.0417153425514698,0.0154202109008704,6,1000033,direct_no_fiedler,osm,33
1.0,1.0,0.0037250054433263,8,1000033,direct_no_fiedler,osm,33
0.0001757446259147,0.02054557017982,2.042193676461886e-05,2,1000033,direct_no_fiedler,osm,33
0.0003517381432929,0.0183112509548664,8.486817209724858e-05,1,1000033,direct_no_fiedler,osm,33
1.0,1.0,0.0060378735557347,5,1000033,direct_no_fiedler,osm,33
1.0,1.0,0.0075824519171645,5,1000033,direct_no_fiedler,osm,33
0.0086474750376299,0.0332061648368835,0.0025616770303794,5,1000033,direct_no_fiedler,osm,33
0.110967305721202,0.02054557017982,0.055569850939214,2,1000033,direct_no_fiedler,osm,33
0.0033415622138109,0.0247745309025049,0.0017618885066206,3,1000033,direct_no_fiedler,osm,33
1.0,0.0452994294464588,0.0482163142327555,6,1000033,direct_no_fiedler,osm,33
1.0,0.0299167092889547,0.0618270406829005,4,1000033,direct_no_fiedler,osm,33
1.0,1.0,0.0012325303168517,2,1000033,direct_no_fiedler,osm,33
1.0,0.046240285038948,0.1689651398627252,7,1000033,direct_no_fiedler,osm,33
0.0179090061107445,0.0277461446821689,0.0058761488536318,4,1000033,direct_no_fiedler,osm,33
1.0,1.0,0.0087802205756154,3,1000033,direct_no_fiedler,osm,33
1.0,1.0,0.0640008818225417,7,1000033,direct_no_fiedler,osm,33
1.0,1.0,0.0010438990357598,6,1000033,direct_no_fiedler,osm,33
0.0602009574824337,0.0213952995836734,0.0016855832957784,2,1000033,direct_no_fiedler,osm,33
0.0045122101107522,0.02054557017982,0.0008061375637571,2,1000033,direct_no_fiedler,osm,33
1.0,1.0,0.0404739039589476,7,1000033,direct_no_fiedler,osm,33
1.0,0.0258371159434318,0.0418682286724002,3,1000033,direct_no_fiedler,osm,33
0.1126868631652674,0.0466218031942844,0.0140739754731232,7,1000033,direct_no_fiedler,osm,33
0.0401602457777466,0.0325214713811874,0.0164342915279896,5,1000033,direct_no_fiedler,osm,33
0.3684102842883431,0.035344760864973,0.0079503694792853,5,1000033,direct_no_fiedler,osm,33
0.0181116801421826,0.0299167092889547,0.006314234296078,4,1000033,direct_no_fiedler,osm,33
0.0160196315209844,0.0176208410412073,0.0098790622289335,1,1000033,direct_no_fiedler,osm,33
1.0,1.0,0.0072585643453434,4,1000033,direct_no_fiedler,osm,33
0.5464808899175402,0.0392069518566131,0.0988880779027723,5,1000033,direct_no_fiedler,osm,33
1.0,1.0,0.0187239010481615,8,1000033,direct_no_fiedler,osm,33
0.0576992012128467,0.0190281812101602,0.0064048869690984,1,1000033,direct_no_fiedler,osm,33
1.0,1.0,0.0002450591573127,2,1000033,direct_no_fiedler,osm,33
1.0,1.0,0.0017862450163116,3,1000033,direct_no_fiedler,osm,33
1.0,1.0,0.0624573198332322,7,1000033,direct_no_fiedler,osm,33
1.0,1.0,0.0114517192115945,8,1000033,direct_no_fiedler,osm,33
0.0127251534840582,0.046240285038948,0.0057803070777874,7,1000033,direct_no_fiedler,osm,33
1.0,1.0,0.0777672146566437,6,1000033,direct_no_fiedler,osm,33
1.0,1.0,0.0278229604204137,4,1000033,direct_no_fiedler,osm,33
0.0316444424533758,0.0360866785049438,0.0084973981784494,5,1000033,direct_no_fiedler,osm,33
0.2450819658711919,0.0213952995836734,0.0274781690496865,2,1000033,direct_no_fiedler,osm,33
1.0,1.0,0.0028101716319886,4,1000033,direct_no_fiedler,osm,33
0.1127894101341141,0.0247745309025049,0.0328375189436402,3,1000033,direct_no_fiedler,osm,33
1.0,1.0,0.0129612540826671,6,1000033,direct_no_fiedler,osm,33
0.5940259707578606,0.02054557017982,0.0443565653856229,2,1000033,direct_no_fiedler,osm,33
0.000906412799936,0.0190281812101602,3.731309824460994e-05,1,1000033,direct_no_fiedler,osm,33
0.0307847144816681,0.0346175655722618,0.0063575245028818,5,1000033,direct_no_fiedler,osm,33
0.0626822515544448,0.0199248902499675,0.0042349117957181,2,1000033,direct_no_fiedler,osm,33
0.0439804553761368,0.0263849180191755,0.0043246710249044,3,1000033,direct_no_fiedler,osm,33
0.1154773825827525,0.0286912750452756,0.0224750114868375,4,1000033,direct_no_fiedler,osm,33
0.0627734887663568,0.0195463392883539,0.0059686722258349,2,1000033,direct_no_fiedler,osm,33
0.0054724641160105,0.0179627928882837,0.0008644846960299,1,1000033,direct_no_fiedler,osm,33
8.789862631242151e-05,0.0183112509548664,3.398213623172969e-05,1,1000033,direct_no_fiedler,osm,33
1.0,1.0,0.0010591161662368,2,1000033,direct_no_fiedler,osm,33
1.0,0.0183112509548664,0.0050512329377657,1,1000033,direct_no_fiedler,osm,33
0.1137478150945938,0.046240285038948,0.0237534659683553,7,1000033,direct_no_fiedler,osm,33
1.0,1.0,0.0061890264308604,8,1000033,direct_no_fiedler,osm,33
0.2565818222419519,0.0299167092889547,0.0289822350285558,4,1000033,direct_no_fiedler,osm,33
1.0,1.0,0.0341101560809824,8,1000033,direct_no_fiedler,osm,33
0.0278829601667036,0.0213952995836734,0.0098364454440924,2,1000033,direct_no_fiedler,osm,33
1.0,1.0,0.0087687515824035,5,1000033,direct_no_fiedler,osm,33
0.0021483866050543,0.0179627928882837,0.0003576904016831,1,1000033,direct_no_fiedler,osm,33
0.2762735757872658,0.0443768016993999,0.0318782008624388,6,1000033,direct_no_fiedler,osm,33
1.0,1.0,0.00797556220549,6,1000033,direct_no_fiedler,osm,33
0.0259893686144362,0.0213952995836734,0.015374981813379,2,1000033,direct_no_fiedler,osm,33
1.0,1.0,0.0050097684903901,5,1000033,direct_no_fiedler,osm,33
0.7122370779771796,0.0183112509548664,0.0207333153671367,1,1000033,direct_no_fiedler,osm,33
0.0011188595382847,0.0183112509548664,0.0001259294921825,1,1000033,direct_no_fiedler,osm,33
1.0,0.0237545706331729,0.0373883546352836,3,1000033,direct_no_fiedler,osm,33
1.0,1.0,0.0045254016985997,4,1000033,direct_no_fiedler,osm,33
0.3628364499457304,0.0183112509548664,0.0017060604685252,1,1000033,direct_no_fiedler,osm,33
1.0,1.0,0.0066982181941196,5,1000033,direct_no_fiedler,osm,33
0.000906412799936,0.0190281812101602,3.731309824460994e-05,1,1000033,direct_no_fiedler,osm,33
1.0,0.0560380369424819,0.0788505656751104,8,1000033,direct_no_fiedler,osm,33
1.0,1.0,0.0014451146393395,4,1000033,direct_no_fiedler,osm,33
1.0,1.0,4.4697124539334495e-05,1,1000033,direct_no_fiedler,osm,33
0.0021250526647651,0.02230104804039,0.0007984042313034,2,1000033,direct_no_fiedler,osm,33
1.0,1.0,0.0636082141153457,8,1000033,direct_no_fiedler,osm,33
0.0827301484497076,0.0516502745449543,0.0093596188209586,8,1000033,direct_no_fiedler,osm,33
0.6240076642574361,0.0213952995836734,0.1925220537850337,2,1000033,direct_no_fiedler,osm,33
0.36057486617068,0.0360866785049438,0.0045474695260635,5,1000033,direct_no_fiedler,osm,33
1.0,1.0,0.0200511562140481,6,1000033,direct_no_fiedler,osm,33
0.0199600360753275,0.0234566591680049,0.0073906823303217,3,1000033,direct_no_fiedler,osm,33
0.0073211236810166,0.0213952995836734,0.0028414054059632,2,1000033,direct_no_fiedler,osm,33
0.5251826325097296,0.0567257106304168,0.0350746587551361,8,1000033,direct_no_fiedler,osm,33
0.358000438437498,0.0392069518566131,0.0226272719580209,6,1000033,direct_no_fiedler,osm,33
1.0,0.0392069518566131,0.1309662704388796,6,1000033,direct_no_fiedler,osm,33
1.0,0.0213952995836734,0.0190568398656145,2,1000033,direct_no_fiedler,osm,33
0.0642161469787907,0.0183112509548664,0.0036580883885204,1,1000033,direct_no_fiedler,osm,33
5.6751285781864176e-08,0.0179627928882837,1.1206397538213131e-08,1,1000033,direct_no_fiedler,osm,33
1.0,1.0,0.0175717026536029,8,1000033,direct_no_fiedler,osm,33
1.0,1.0,0.0001509199950949,1,1000033,direct_no_fiedler,osm,33
1.0,1.0,4.783603420591233e-05,2,1000033,direct_no_fiedler,osm,33
0.7123502533839613,0.0295438393950462,0.020791102459448,4,1000033,direct_no_fiedler,osm,33
1.0,0.0400265753269195,0.0240240974379185,6,1000033,direct_no_fiedler,osm,33
1.0,1.0,0.0125972174613578,4,1000033,direct_no_fiedler,osm,33
0.0536639210454383,0.0213952995836734,0.0105216418787478,2,1000033,direct_no_fiedler,osm,33
0.0139849567985723,0.0183112509548664,0.0065845499432013,1,1000033,direct_no_fiedler,osm,33
0.0108815099102186,0.0299167092889547,0.002352739222417,4,1000033,direct_no_fiedler,osm,33
0.5281842904972971,0.0253003910183906,0.0829549700226841,3,1000033,direct_no_fiedler,osm,33
1.0,1.0,0.0018272997511246,3,1000033,direct_no_fiedler,osm,33
1.0,1.0,0.0001399812491996,4,1000033,direct_no_fiedler,osm,33
0.006797093178233,0.020155468955636,0.001887651495965,2,1000033,direct_no_fiedler,osm,33
1.0,1.0,0.0020649876376299,8,1000033,direct_no_fiedler,osm,33
1.0,1.0,0.0253784437642318,5,1000033,direct_no_fiedler,osm,33
0.0414949379700072,0.0408626273274421,0.0152782042069581,6,1000033,direct_no_fiedler,osm,33
1.0,1.0,0.0203034611278293,7,1000033,direct_no_fiedler,osm,33
0.0584013947615714,0.0332061648368835,0.002299993788126,5,1000033,direct_no_fiedler,osm,33
0.0068243541293222,0.0179627928882837,0.0023954043801658,1,1000033,direct_no_fiedler,osm,33
0.0418784099017665,0.0286912750452756,0.0192620370926044,4,1000033,direct_no_fiedler,osm,33
0.0043595791340382,0.0209594834595918,0.0023272422381464,2,1000033,direct_no_fiedler,osm,33
1.0,1.0,0.0027691027403014,2,1000033,direct_no_fiedler,osm,33
0.0561422602415698,0.0263849180191755,0.0125847035686347,3,1000033,direct_no_fiedler,osm,33
0.0290482770127978,0.0213952995836734,0.0021935942848724,2,1000033,direct_no_fiedler,osm,33
1.0,1.0,0.0009481948449355,3,1000033,direct_no_fiedler,osm,33
0.5534517755676411,0.0376157462596893,0.0981422006588061,5,1000033,direct_no_fiedler,osm,33
0.0013246713462002,0.0176208410412073,0.0005929600774068,1,1000033,direct_no_fiedler,osm,33
0.2613113043204397,0.0400265753269195,0.0804196790651465,6,1000033,direct_no_fiedler,osm,33
1.0,1.0,0.0043168048714579,4,1000033,direct_no_fiedler,osm,33
1.0,1.0,0.0002991766024952,3,1000033,direct_no_fiedler,osm,33
1.0,1.0,0.0033361340315246,3,1000033,direct_no_fiedler,osm,33
1.0,1.0,0.0166762583156518,5,1000033,direct_no_fiedler,osm,33
1.0,1.0,0.0102152186075671,4,1000033,direct_no_fiedler,osm,33
1.0,1.0,0.0088015085633069,6,1000033,direct_no_fiedler,osm,33
1.0,1.0,0.0083481920295307,4,1000033,direct_no_fiedler,osm,33
0.0017572929735872,0.0227756332606077,0.0009130826404127,3,1000033,direct_no_fiedler,osm,33
1.0,1.0,0.0055126925796049,4,1000033,direct_no_fiedler,osm,33
1.0,1.0,0.0149629284523079,6,1000033,direct_no_fiedler,osm,33
8.789862631242151e-05,0.0183112509548664,3.398213623172969e-05,1,1000033,direct_no_fiedler,osm,33
1.0,1.0,0.0021040963005065,8,1000033,direct_no_fiedler,osm,33
0.7146569972698682,0.0400265753269195,0.0226936426498935,5,1000033,direct_no_fiedler,osm,33
0.0066493589711551,0.0247745309025049,0.002098482570902,3,1000033,direct_no_fiedler,osm,33
1.0,1.0,0.0339110526572907,7,1000033,direct_no_fiedler,osm,33
1.0,1.0,0.0021589444806187,7,1000033,direct_no_fiedler,osm,33
0.1193292314401659,0.0247745309025049,0.0553773179830417,3,1000033,direct_no_fiedler,osm,33
0.6348540817542818,0.0346175655722618,0.0360216908575012,5,1000033,direct_no_fiedler,osm,33
1.0,1.0,0.0043851319295254,8,1000033,direct_no_fiedler,osm,33
1.0,1.0,0.0072517827094877,8,1000033,direct_no_fiedler,osm,33
4.14952455840556e-07,0.0183112509548664,5.6540979905550026e-08,1,1000033,direct_no_fiedler,osm,33
0.0305543734307377,0.0417153425514698,0.0157928913036537,6,1000033,direct_no_fiedler,osm,33
0.0159212461213589,0.0376157462596893,0.0019317662734547,6,1000033,direct_no_fiedler,osm,33
1.0,0.9999994039535522,0.0430465557301591,8,1000033,direct_no_fiedler,osm,33
1.0,1.0,0.0024396730236218,3,1000033,direct_no_fiedler,osm,33
1.0,0.0384034365415573,0.0233054505984165,6,1000033,direct_no_fiedler,osm,33
1.0,1.0,0.001691736578967,2,1000033,direct_no_fiedler,osm,33
1.0,0.0501927621662616,0.0167463961074289,7,1000033,direct_no_fiedler,osm,33
0.0368859230181849,0.035344760864973,0.0030050053052961,5,1000033,direct_no_fiedler,osm,33
0.0077245433569445,0.0247745309025049,0.0016171081645917,3,1000033,direct_no_fiedler,osm,33
1.0,1.0,0.0041757912663696,6,1000033,direct_no_fiedler,osm,33
1.0,1.0,0.001692894621937,5,1000033,direct_no_fiedler,osm,33
0.0169209294405793,0.0305482819676399,0.0014342254317413,4,1000033,direct_no_fiedler,osm,33
1.0,1.0,0.0088006679110354,6,1000033,direct_no_fiedler,osm,33
0.003538804807467,0.020155468955636,0.0001626600811487,2,1000033,direct_no_fiedler,osm,33
1.0,0.9999985694885254,0.016531085161432,8,1000033,direct_no_fiedler,osm,33
1.0,1.0,0.0136676539650228,7,1000033,direct_no_fiedler,osm,33
1.0,1.0,0.0033725988331432,4,1000033,direct_no_fiedler,osm,33
1.0,1.0,0.002865653631848,8,1000033,direct_no_fiedler,osm,33
0.0047705163955436,0.0183112509548664,0.0006520152957816,1,1000033,direct_no_fiedler,osm,33
1.0,1.0,0.0107582250550181,8,1000033,direct_no_fiedler,osm,33
0.0027365895784297,0.0179627928882837,0.0015210576584623,1,1000033,direct_no_fiedler,osm,33
0.0046892191125932,0.0190281812101602,0.0009616162273236,1,1000033,direct_no_fiedler,osm,33
0.1364671028792329,0.0481780581176281,0.0161542887102422,7,1000033,direct_no_fiedler,osm,33
0.0527236066680361,0.0371505990624427,0.0203348132985417,6,1000033,direct_no_fiedler,osm,33
1.0,1.0,0.0110356933768007,8,1000033,direct_no_fiedler,osm,33
1.0,1.0,0.029091369263341,8,1000033,direct_no_fiedler,osm,33
1.0,1.0,0.0063727273780538,6,1000033,direct_no_fiedler,osm,33
0.5637444367328797,0.0452994294464588,0.1341024005122517,6,1000033,direct_no_fiedler,osm,33
0.0868867491217322,0.0522871129214763,0.0231678906779699,7,1000033,direct_no_fiedler,osm,33
0.015848573726689,0.0242593195289373,0.0059835763707235,3,1000033,direct_no_fiedler,osm,33
0.3773600098864675,0.0292977709323167,0.0102882777242785,4,1000033,direct_no_fiedler,osm,33
0.0686361234823724,0.0506051816046237,0.024144032697408,8,1000033,direct_no_fiedler,osm,33
0.0136020289859418,0.0311927869915962,0.0045389986543897,4,1000033,direct_no_fiedler,osm,33
0.0212345388190731,0.0183112509548664,0.0028261555078917,1,1000033,direct_no_fiedler,osm,33
1.0,1.0,0.0249736257002923,4,1000033,direct_no_fiedler,osm,33
0.0007872054074712,0.0179627928882837,0.0003649962025971,1,1000033,direct_no_fiedler,osm,33
1.0,1.0,0.002773149108227,4,1000033,direct_no_fiedler,osm,33
0.0907416596156789,0.0346175655722618,0.0262321887117793,5,1000033,direct_no_fiedler,osm,33
0.0303369589174364,0.0263849180191755,0.0122205089985189,3,1000033,direct_no_fiedler,osm,33
0.0474774032978383,0.0506051816046237,0.0220352282875972,8,1000033,direct_no_fiedler,osm,33
0.0039121758851334,0.0213952995836734,0.0014643016933446,2,1000033,direct_no_fiedler,osm,33
0.0840442025308972,0.0368435904383659,0.0041701598111908,5,1000033,direct_no_fiedler,osm,33
0.0278519133165469,0.0346175655722618,0.0014523363452523,5,1000033,direct_no_fiedler,osm,33
1.0,1.0,0.0196871878753783,8,1000033,direct_no_fiedler,osm,33
0.1434685866760702,0.0400265753269195,0.0769923549129348,6,1000033,direct_no_fiedler,osm,33
1.0,1.0,0.055588746925998,6,1000033,direct_no_fiedler,osm,33
1.0,1.0,0.0594362212115839,7,1000033,direct_no_fiedler,osm,33
0.0046922884961503,0.0218399632722139,0.0009621334912614,2,1000033,direct_no_fiedler,osm,33
1.0,1.0,0.0641824047495706,8,1000033,direct_no_fiedler,osm,33
1.0,1.0,0.0027279771368235,4,1000033,direct_no_fiedler,osm,33
0.0317626605464199,0.0179627928882837,0.0110576314961613,1,1000033,direct_no_fiedler,osm,33
1.0,1.0,0.0266286986084963,7,1000033,direct_no_fiedler,osm,33
0.0463981740209389,0.0522871129214763,0.0179275019866551,7,1000033,direct_no_fiedler,osm,33
0.0445727043804373,0.0209594834595918,0.0053542541631733,2,1000033,direct_no_fiedler,osm,33
0.3947272860897055,0.0332061648368835,0.021717916681815,5,1000033,direct_no_fiedler,osm,33
1.0,1.0,0.0071847315597023,5,1000033,direct_no_fiedler,osm,33
1.0,1.0,0.0044742567294048,7,1000033,direct_no_fiedler,osm,33
0.6064691110752577,0.0242593195289373,0.0054318855873079,3,1000033,direct_no_fiedler,osm,33
0.0721146980703876,0.0441944561898708,0.0134446711659035,7,1000033,direct_no_fiedler,osm,33
1.0,1.0,0.0126750354616524,5,1000033,direct_no_fiedler,osm,33
0.0323662864037117,0.0213952995836734,0.0030071327443624,2,1000033,direct_no_fiedler,osm,33
0.0136373278637428,0.0242593195289373,0.0039731293570946,3,1000033,direct_no_fiedler,osm,33
0.0002340493262636,0.0179627928882837,0.0001230002243374,1,1000033,direct_no_fiedler,osm,33
1.0,1.0,0.005038724269832,2,1000033,direct_no_fiedler,osm,33
1.0,1.0,0.0019846408023632,4,1000033,direct_no_fiedler,osm,33
0.0127022934511356,0.0183112509548664,0.0014500591770312,1,1000033,direct_no_fiedler,osm,33
0.5495501622194368,0.0311927869915962,0.039127242633472,4,1000033,direct_no_fiedler,osm,33
1.0,1.0,0.0401817945735279,8,1000033,direct_no_fiedler,osm,33
0.0643915042087245,0.035344760864973,0.0057536118962061,5,1000033,direct_no_fiedler,osm,33
1.0,1.0,0.0383007382620898,8,1000033,direct_no_fiedler,osm,33
0.4072308540312689,0.3845351934432983,0.183301526189552,6,21,residual_full,synthetic,33
0.005857100073734,0.0200407411903142,0.0042146815302046,5,21,residual_full,synthetic,33
0.0006117830904598,0.0252268426120281,0.0004353850705257,6,21,residual_full,synthetic,33
0.0043755528064921,0.0,0.0034758701415607,1,21,residual_full,synthetic,33
3.606342623496683e-05,0.0003534404968377,2.150222459108889e-05,2,21,residual_full,synthetic,33
0.0010808778119454,0.0073772305622696,0.0007789509314851,3,21,residual_full,synthetic,33
0.000531463097914,0.0,0.0002973013882188,1,21,residual_full,synthetic,33
0.0279879985300691,0.0341384336352348,0.0170283725069124,5,21,residual_full,synthetic,33
0.0148126279970686,0.2168110162019729,0.0101673105628026,8,21,residual_full,synthetic,33
1.7323182516237878e-06,0.0,9.793115105452757e-07,1,21,residual_full,synthetic,33
0.020523306243814,0.0535184778273105,0.0175418747963152,8,21,residual_full,synthetic,33
0.0041372261533293,0.0079756658524274,0.0031553713473702,3,21,residual_full,synthetic,33
0.0007680609314866,0.0036657419987022,0.0005568856272849,3,21,residual_full,synthetic,33
0.0010547775098269,0.0191410426050424,0.0007317699512247,5,21,residual_full,synthetic,33
0.0026528974767336,0.020040625706315,0.001622966177703,5,21,residual_full,synthetic,33
0.0083712708261163,0.0205273665487766,0.0068582357566958,4,21,residual_full,synthetic,33
0.0034844415589099,0.0188480000942945,0.0020754705884318,5,21,residual_full,synthetic,33
0.002285234897408,0.026760010048747,0.0016339397572987,5,21,residual_full,synthetic,33
0.0310968101637257,0.0197555795311927,0.0099011056663434,3,21,residual_full,synthetic,33
0.0096132968215778,0.0052494378760457,0.0079125597257668,2,21,residual_full,synthetic,33
0.0584375905429349,0.1390517204999923,0.0377832325557072,8,23,residual_full,synthetic,33
0.0698025277545828,0.07706880569458,0.0436725671051349,6,23,residual_full,synthetic,33
0.0123587790458085,0.0636805146932601,0.0074389206096123,7,23,residual_full,synthetic,33
0.0447696273522312,0.076756328344345,0.0333583578303726,6,23,residual_full,synthetic,33
0.0128433766614056,0.0852560549974441,0.0094349181736848,8,23,residual_full,synthetic,33
0.0241915143726535,0.0271357297897338,0.0158999889400861,3,23,residual_full,synthetic,33
0.0417088055020807,0.0623139478266239,0.0312108960029819,5,23,residual_full,synthetic,33
0.0217508282503516,0.0157444700598716,0.0147392746478344,2,23,residual_full,synthetic,33
0.142853024140217,0.0988659113645553,0.0866151762203628,3,23,residual_full,synthetic,33
0.0269643293822547,0.0347931608557701,0.019716743994084,3,23,residual_full,synthetic,33
0.0397590256494654,0.0862982794642448,0.0296761568148596,7,23,residual_full,synthetic,33
0.2361981600783174,0.1375468373298645,0.1162086813917129,3,23,residual_full,synthetic,33
0.0031447328956419,0.011499935761094,0.002559544951113,3,23,residual_full,synthetic,33
0.1904451917407764,0.1067342758178711,0.0916578521158634,3,23,residual_full,synthetic,33
0.0091741473826683,0.0284837670624256,0.0058636928521169,5,23,residual_full,synthetic,33
0.0182691122103629,0.0204798113554716,0.0122073897655295,3,23,residual_full,synthetic,33
0.2328866664911173,0.1884143948554992,0.1290272247642204,6,23,residual_full,synthetic,33
0.0873596293172008,0.1473838686943054,0.0590665705389003,8,23,residual_full,synthetic,33
0.0028086795141729,0.0213296152651309,0.0020209001370851,4,23,residual_full,synthetic,33
0.0287689520208237,0.01320056989789,0.0162915452346097,1,23,residual_full,synthetic,33
0.00011459523185,0.0037084829527884,7.678798377894125e-05,3,29,residual_full,synthetic,33
0.0010057839735244,0.0020710895769298,0.0006213566132888,2,29,residual_full,synthetic,33
3.768581002816518e-10,0.0,3.26458773226536e-10,1,29,residual_full,synthetic,33
0.0236667608961154,0.0461645983159542,0.0147014324942933,6,29,residual_full,synthetic,33
1.0,0.3169693648815155,0.3007163862736454,3,29,residual_full,synthetic,33
1.0,0.2068753540515899,0.1846261349782692,4,29,residual_full,synthetic,33
0.1944315885619664,0.1365012228488922,0.0977686810956539,7,29,residual_full,synthetic,33
0.0010249153711517,0.0,0.0008346539319092,1,29,residual_full,synthetic,33
0.0035556951257342,0.0045686522498726,0.0022977493026549,3,29,residual_full,synthetic,33
0.0003407753326285,0.0,0.0002460998271296,1,29,residual_full,synthetic,33
0.0011367113922614,0.0246418304741382,0.0008918198476029,5,29,residual_full,synthetic,33
0.1094487791516557,0.0623604170978069,0.042112394094997,4,29,residual_full,synthetic,33
0.107137022424396,0.0697400420904159,0.0448097972274788,5,29,residual_full,synthetic,33
0.0357558704017433,0.039899505674839,0.0078894455914135,5,29,residual_full,synthetic,33
0.0037196808042057,0.0174231044948101,0.0025618921671383,4,29,residual_full,synthetic,33
0.0008171590926135,0.0224109571427106,0.0006307381864443,4,29,residual_full,synthetic,33
0.0307661259012684,0.0091970302164554,0.0041889030230056,2,29,residual_full,synthetic,33
0.0024801723216002,0.0523360185325145,0.0016171070300616,8,29,residual_full,synthetic,33
0.0102279097018661,0.0515344813466072,0.0063387321940548,8,29,residual_full,synthetic,33
0.013088157046016,0.0020138174295425,0.0093231831737834,1,29,residual_full,synthetic,33
0.332221633439424,0.1896851360797882,0.1782091345192163,3,35,residual_full,synthetic,33
0.2139370489119724,0.173452541232109,0.1032549275792691,7,35,residual_full,synthetic,33
0.197581393829788,0.1328493505716323,0.0927516075563032,6,35,residual_full,synthetic,33
0.0197890554213657,0.0368596091866493,0.0123556196428093,4,35,residual_full,synthetic,33
0.0112864329265146,0.0797992050647735,0.0078154775040708,7,35,residual_full,synthetic,33
0.0118258596989225,0.0276558715850114,0.0072350964670354,4,35,residual_full,synthetic,33
1.0,1.0,0.0126163861830209,7,35,residual_full,synthetic,33
0.003742749188234,0.0,0.0018318196824409,1,35,residual_full,synthetic,33
1.0,1.0,0.0039956740292227,3,35,residual_full,synthetic,33
0.0027008197705531,0.0,0.0014982922842143,1,35,residual_full,synthetic,33
0.0606587468095765,0.0514613017439842,0.0384437231444124,3,35,residual_full,synthetic,33
0.0972741641369727,0.1065728962421417,0.0663305566802769,6,35,residual_full,synthetic,33
0.0193408608971999,0.0383169837296009,0.0104615402512865,4,35,residual_full,synthetic,33
0.0153216419509056,0.0232477076351642,0.0108715109361078,3,35,residual_full,synthetic,33
0.4538989320664472,0.4252515137195587,0.3252772047069792,8,35,residual_full,synthetic,33
0.0999782652995902,0.0905628651380539,0.0575577633744047,5,35,residual_full,synthetic,33
0.012802618147662,0.020570732653141,0.0100062335011171,3,35,residual_full,synthetic,33
1.0,1.0,0.0058489533507028,2,35,residual_full,synthetic,33
0.0849616044827076,0.1444397866725921,0.0632339594053888,8,35,residual_full,synthetic,33
0.0010254149779369,0.021525977179408,0.0007564771374993,3,35,residual_full,synthetic,33
1.0,0.0961124300956726,0.0332864970949729,8,41,residual_full,synthetic,33
0.0005323396517131,0.0231096260249614,0.0004397554161493,5,41,residual_full,synthetic,33
0.0004493485175736,0.0054904636926949,0.0003124084710541,3,41,residual_full,synthetic,33
0.0126442790635499,0.0266406089067459,0.0068909070133607,5,41,residual_full,synthetic,33
2.245098235598153e-05,0.0,1.8693980915792296e-05,1,41,residual_full,synthetic,33
1.0,0.467009961605072,0.4435897983870128,4,41,residual_full,synthetic,33
0.0240314680211685,0.0305826179683208,0.0149852945819027,4,41,residual_full,synthetic,33
0.0126486332228697,0.0429861918091774,0.0092990866874705,8,41,residual_full,synthetic,33
0.0001977680507213,0.0154784955084323,0.0001406594419534,5,41,residual_full,synthetic,33
0.0004556446330096,0.005829740781337,0.0003432031575441,3,41,residual_full,synthetic,33
0.0299871927143361,0.0545332357287406,0.0153400237926014,8,41,residual_full,synthetic,33
0.0157177452770423,0.0282278507947921,0.0107468879201256,4,41,residual_full,synthetic,33
1.0,0.079511821269989,0.030560312091249,8,41,residual_full,synthetic,33
1.0,0.0812774002552032,0.0368053162976513,7,41,residual_full,synthetic,33
0.0001142367481964,0.0,6.881975020927459e-05,1,41,residual_full,synthetic,33
0.0084206075044975,0.0213691834360361,0.006828164954624,5,41,residual_full,synthetic,33
5.6198514570282576e-05,0.0,4.7295111443452326e-05,2,41,residual_full,synthetic,33
0.0074708475195289,0.0296104047447443,0.006143084339513,4,41,residual_full,synthetic,33
0.0132619544635667,0.0382956527173519,0.0072380040560393,7,41,residual_full,synthetic,33
0.0014262171416281,0.0243294220417737,0.0009188718018416,6,41,residual_full,synthetic,33
0.0011033515256771,0.0,0.000948044111888,1,61,residual_full,synthetic,33
0.0005725815054957,0.0,0.0004776079087272,1,61,residual_full,synthetic,33
0.0425718622443412,0.0461442098021507,0.0290129536086974,5,61,residual_full,synthetic,33
0.006797826236043,0.0238058120012283,0.0052563736161273,5,61,residual_full,synthetic,33
0.0008556574963658,0.0,0.0006670697435605,1,61,residual_full,synthetic,33
0.000126414330546,0.0,9.964206403772504e-05,1,61,residual_full,synthetic,33
0.0016472698538217,0.0004432135610841,0.0013965597566181,3,61,residual_full,synthetic,33
0.001226746075168,0.0027829054743051,0.0002093688399361,2,61,residual_full,synthetic,33
0.0001034020943573,0.0,9.03722745810537e-05,1,61,residual_full,synthetic,33
0.0015997604899899,0.0,0.0011412450662018,1,61,residual_full,synthetic,33
0.0005955856815366,0.0,0.0005106763805462,1,61,residual_full,synthetic,33
0.0002948988719569,0.0,0.0002495210420325,2,61,residual_full,synthetic,33
0.0437317240659571,0.0573316812515258,0.0335435602516318,7,61,residual_full,synthetic,33
0.0030557201686681,0.005355424247682,0.0025026045601722,4,61,residual_full,synthetic,33
1.0,1.0,0.0087441132185383,7,61,residual_full,synthetic,33
0.0940005836997102,0.1042328625917434,0.0534805087092761,8,61,residual_full,synthetic,33
0.0004743642472804,0.0,0.0003759955835152,2,61,residual_full,synthetic,33
0.006997531418677,0.0212161727249622,0.0055366243291674,6,61,residual_full,synthetic,33
0.1638728734697787,0.1311842650175094,0.1160847082923346,6,61,residual_full,synthetic,33
8.806644024783594e-05,0.0,7.31660657429984e-05,1,61,residual_full,synthetic,33
0.0019537979123924,0.029153935611248,0.0015060746932091,6,64,residual_full,synthetic,33
0.0067094556859602,0.0277442131191492,0.0039422640541644,6,64,residual_full,synthetic,33
0.0020003933384336,0.021508427336812,0.0015441795901606,5,64,residual_full,synthetic,33
0.0065484990301272,0.0519744716584682,0.0037203532246257,8,64,residual_full,synthetic,33
0.2964632375982309,0.1707175523042678,0.1715801297317067,2,64,residual_full,synthetic,33
0.0005655428474782,0.0221405867487192,0.0003299447185706,6,64,residual_full,synthetic,33
0.0027917434791502,0.0652193874120712,0.0015495411589997,6,64,residual_full,synthetic,33
0.004962532834054,0.0533229671418666,0.0024585131057874,6,64,residual_full,synthetic,33
1.0,0.783177375793457,0.0472179367443,8,64,residual_full,synthetic,33
0.0141647233176706,0.0114477667957544,0.0098363422375811,3,64,residual_full,synthetic,33
0.003100318752744,0.0148076014593243,0.0024308968836598,5,64,residual_full,synthetic,33
1.0,0.7557546496391296,0.04037573051338,4,64,residual_full,synthetic,33
1.0,1.0,0.0496500085138623,3,64,residual_full,synthetic,33
0.0026083137951776,0.0119619704782962,0.0019503784840494,3,64,residual_full,synthetic,33
0.0022061699716966,0.0310577489435672,0.0016450630161195,8,64,residual_full,synthetic,33
0.0038507994116639,0.0252104625105857,0.0022508480670327,6,64,residual_full,synthetic,33
0.2369694636092285,0.1788362562656402,0.1491676383564417,7,64,residual_full,synthetic,33
0.0118476841582895,0.038346666842699,0.0083745990920487,8,64,residual_full,synthetic,33
0.0569884283290718,0.0614027306437492,0.0324918200347854,5,64,residual_full,synthetic,33
1.4399116565533276e-05,0.0,1.2588045274284873e-05,1,64,residual_full,synthetic,33
0.017308244125138,0.0168750472366809,0.0123400816299978,6,67,residual_full,synthetic,33
0.0020278248565593,0.0113782426342368,0.0018018345486131,7,67,residual_full,synthetic,33
0.0057306693998419,0.0023776362650096,0.0051464364128301,4,67,residual_full,synthetic,33
0.0274404738170209,0.0403174236416816,0.019572509996574,8,67,residual_full,synthetic,33
0.0045314624618165,0.0057990364730358,0.0037898113858419,5,67,residual_full,synthetic,33
0.0045100890042264,0.0026080971583724,0.0038714467262418,4,67,residual_full,synthetic,33
0.0093138579464338,0.0078793242573738,0.0075709071221759,3,67,residual_full,synthetic,33
0.0011792667054163,0.0,0.001034786232539,3,67,residual_full,synthetic,33
0.0037631743105799,0.0,0.0031052443940028,2,67,residual_full,synthetic,33
0.0431354674067184,0.0502317324280738,0.0349635953904257,8,67,residual_full,synthetic,33
0.0006063039590259,0.0,0.0003532624333597,1,67,residual_full,synthetic,33
0.0032786645380067,0.0,0.0027612868051128,3,67,residual_full,synthetic,33
0.0213783914297821,0.0226705875247716,0.0165863606318016,5,67,residual_full,synthetic,33
0.0428429355734026,0.0394651778042316,0.0372781980187936,4,67,residual_full,synthetic,33
0.0029130228833519,0.0082090441137552,0.0025456273852833,5,67,residual_full,synthetic,33
0.0266524350717709,0.0382351875305175,0.0205495911290144,8,67,residual_full,synthetic,33
0.001009922720329,0.0,0.0008304882977621,3,67,residual_full,synthetic,33
0.0139280112455133,0.0121270455420017,0.0101204430385598,4,67,residual_full,synthetic,33
0.0308187195199477,0.0238811671733856,0.0219696704731299,4,67,residual_full,synthetic,33
0.0205804899087046,0.0098526645451784,0.0172370242376226,2,67,residual_full,synthetic,33
0.007974838423017,0.0413743890821933,0.00500334179114,8,68,residual_full,synthetic,33
0.0544822616882346,0.0472453869879245,0.0405406075274422,3,68,residual_full,synthetic,33
0.0367228360912433,0.0252512861043214,0.0208958091771263,2,68,residual_full,synthetic,33
0.0397628775003219,0.0541273653507232,0.0320286231252321,6,68,residual_full,synthetic,33
0.0025842258882579,0.023345660418272,0.0019507096612488,6,68,residual_full,synthetic,33
0.0267436135066597,0.0610619187355041,0.0173665528462591,8,68,residual_full,synthetic,33
0.0752696080549882,0.0790620744228363,0.036344896389082,8,68,residual_full,synthetic,33
0.001120993338693,0.0,0.0009510646886649,1,68,residual_full,synthetic,33
0.006872384122434,0.0,0.0047167919687899,1,68,residual_full,synthetic,33
0.0015402414343608,0.0110486913472414,0.0012762620383254,4,68,residual_full,synthetic,33
0.0727034178576268,0.074656955897808,0.050225778505875,5,68,residual_full,synthetic,33
0.0867912061362267,0.0979266613721847,0.061111479639899,7,68,residual_full,synthetic,33
0.010781518695175,0.0076319724321365,0.0071892590315067,2,68,residual_full,synthetic,33
0.0139477300498858,0.0092186108231544,0.0094223989354901,2,68,residual_full,synthetic,33
0.0507872911222929,0.0698001235723495,0.0215952529930377,8,68,residual_full,synthetic,33
0.0008606533800504,0.004576310981065,0.0006702595890219,3,68,residual_full,synthetic,33
0.0069019560011215,0.0299103036522865,0.0058051412864285,6,68,residual_full,synthetic,33
0.0032416933291739,0.0090006124228239,0.0024785933028763,4,68,residual_full,synthetic,33
0.0263785399506585,0.0426549836993217,0.0170106969462086,6,68,residual_full,synthetic,33
0.0002269384940912,0.0,0.0001917308204649,1,68,residual_full,synthetic,33
0.0050727534658149,0.0467965602874755,0.0027046091048723,4,73,residual_full,synthetic,33
0.0070467534599053,0.0140358656644821,0.0033992742357098,2,73,residual_full,synthetic,33
0.0859644165416234,0.1157696917653083,0.0482158269883249,6,73,residual_full,synthetic,33
0.0001155223433166,0.0146152330562472,8.834502298408581e-05,2,73,residual_full,synthetic,33
0.1063614744695891,0.1667217910289764,0.0702497653610967,7,73,residual_full,synthetic,33
0.2584034372839868,0.2946584522724151,0.1800127053399,8,73,residual_full,synthetic,33
0.0216402089617999,0.0758113712072372,0.0170156441018224,6,73,residual_full,synthetic,33
0.013516590917313,0.0296268779784441,0.0085673273189645,4,73,residual_full,synthetic,33
0.024059105186216,0.0301402136683464,0.0137057327997584,3,73,residual_full,synthetic,33
0.0402987068911365,0.0605749785900116,0.0211786935155808,5,73,residual_full,synthetic,33
0.007776438941506,0.0582862570881843,0.005661999828186,5,73,residual_full,synthetic,33
0.0023345451960984,0.0210862848907709,0.0016118053546582,3,73,residual_full,synthetic,33
0.0017242421603688,0.0,0.0008141374905508,1,73,residual_full,synthetic,33
1.6259714084032597e-06,0.0,1.3334394351588367e-06,1,73,residual_full,synthetic,33
1.0,1.0,0.0112178188171063,7,73,residual_full,synthetic,33
0.2480715638058711,0.2467697560787201,0.1654130264274932,7,73,residual_full,synthetic,33
0.2436450993372848,0.1566277295351028,0.160955795961403,1,73,residual_full,synthetic,33
0.2384483045420049,0.2259718179702758,0.1948570871829503,5,73,residual_full,synthetic,33
0.0713220868746323,0.14991295337677,0.0378099679643814,8,73,residual_full,synthetic,33
1.0665098688300567e-05,0.0,8.689367018164793e-06,1,73,residual_full,synthetic,33
0.0894997349876933,0.0760179311037063,0.0544326933571897,3,78,residual_full,synthetic,33
0.0001085727126908,0.0,8.54013154993322e-05,1,78,residual_full,synthetic,33
1.0,1.0,0.0454697087534703,8,78,residual_full,synthetic,33
0.101572960857197,0.1136834546923637,0.0597697054015391,4,78,residual_full,synthetic,33
0.1149261078291287,0.0857009217143058,0.0688599994580142,2,78,residual_full,synthetic,33
0.0898894696228609,0.0712873339653015,0.0555535459527112,2,78,residual_full,synthetic,33
0.1005251443520874,0.0728257521986961,0.0595435808922356,2,78,residual_full,synthetic,33
0.1317615065966351,0.2103160768747329,0.0758940441890608,7,78,residual_full,synthetic,33
1.0,1.0,0.0153890537748837,4,78,residual_full,synthetic,33
0.0821956727036986,0.1343229562044143,0.0284770621208218,7,78,residual_full,synthetic,33
0.1264685823593165,0.0452805422246456,0.0334219650758795,2,78,residual_full,synthetic,33
0.2207151304129108,0.297862559556961,0.1348874017251263,8,78,residual_full,synthetic,33
0.0140241977590909,0.0324039943516254,0.0063916150856152,3,78,residual_full,synthetic,33
0.1313865182959871,0.1279946118593216,0.0698765550279376,5,78,residual_full,synthetic,33
0.0752425711417135,0.0692324936389923,0.048437913402625,3,78,residual_full,synthetic,33
5.528021368372826e-05,0.0019281681161373,3.5782468711505464e-05,1,78,residual_full,synthetic,33
0.0120094104240696,0.0540596842765808,0.0071089171256878,4,78,residual_full,synthetic,33
0.0001502569155358,0.0111691039055585,0.0001014279565227,2,78,residual_full,synthetic,33
7.971968805076113e-05,0.0,6.181321315913777e-05,1,78,residual_full,synthetic,33
0.0435672861977474,0.0522771179676055,0.0199420550421068,3,78,residual_full,synthetic,33
7.695717107714106e-05,0.0,7.296829787409855e-05,2,80,residual_full,synthetic,33
0.1060189020271937,0.0827518701553344,0.0785297317806944,5,80,residual_full,synthetic,33
0.0008360663084833,0.0,0.0007458462924609,3,80,residual_full,synthetic,33
0.0842624199310654,0.0754904970526695,0.0596912168520783,8,80,residual_full,synthetic,33
5.692166589621461e-05,0.0,4.969282451193262e-05,1,80,residual_full,synthetic,33
0.1171014930481592,0.1071038916707038,0.0916783701250432,8,80,residual_full,synthetic,33
0.0078100780762619,0.0043127466924488,0.005970112274409,4,80,residual_full,synthetic,33
0.0013802359916029,0.0053234742954373,0.0010548617747453,3,80,residual_full,synthetic,33
0.001656367702186,0.0008370233699679,0.0012480048574825,3,80,residual_full,synthetic,33
0.0118507159211994,0.0156320761889219,0.0093485034623035,7,80,residual_full,synthetic,33
0.0719730967056638,0.0635853707790374,0.0524076252679509,5,80,residual_full,synthetic,33
0.0350691556526798,0.0396319478750228,0.0274350580386745,4,80,residual_full,synthetic,33
0.00169595309775,0.0049366727471351,0.0012923567285752,3,80,residual_full,synthetic,33
0.0001649122418144,0.0,0.0001516131447503,3,80,residual_full,synthetic,33
0.0004708761705467,0.0176389534026384,0.0003669319457113,7,80,residual_full,synthetic,33
0.019814416290129,0.0282468385994434,0.0101631962757185,8,80,residual_full,synthetic,33
5.345403903400658e-05,0.0,4.942623887659848e-05,1,80,residual_full,synthetic,33
0.0116083720923363,0.0220045614987611,0.0090473568554156,6,80,residual_full,synthetic,33
0.0009799937317108,0.0066411565057933,0.0008752981301024,7,80,residual_full,synthetic,33
0.0001603280767117,0.0,0.0001482631781627,1,80,residual_full,synthetic,33
0.1006882142173064,0.1407163739204406,0.0634794709522496,6,83,residual_full,synthetic,33
1.0,1.0,0.0037840974511473,4,83,residual_full,synthetic,33
0.0064959568525735,0.0334798246622085,0.0035966610530784,2,83,residual_full,synthetic,33
0.0369085763754892,0.3284860849380493,0.018382946779587,5,83,residual_full,synthetic,33
0.1509815137842955,0.2010319083929062,0.0761736153748266,7,83,residual_full,synthetic,33
0.0857543031953895,0.0567887872457504,0.0469751924360219,2,83,residual_full,synthetic,33
0.0979038296583705,0.1959031224250793,0.0580608376655747,7,83,residual_full,synthetic,33
0.1108233683285634,0.0693826600909233,0.0706553805788554,1,83,residual_full,synthetic,33
0.2603489094321772,0.1506449580192566,0.0416583205231272,6,83,residual_full,synthetic,33
0.0485270341263944,0.0503019839525222,0.0272231253150606,3,83,residual_full,synthetic,33
0.0527958741645974,0.3254656791687011,0.0357395024540413,5,83,residual_full,synthetic,33
0.0926023497330689,0.0944708585739135,0.0661577004556683,4,83,residual_full,synthetic,33
0.0057255881671616,0.0317028947174549,0.004174786590182,2,83,residual_full,synthetic,33
0.0839353951489619,0.0779644548892974,0.0566306605851311,3,83,residual_full,synthetic,33
1.0,1.0,0.0169786032720686,3,83,residual_full,synthetic,33
1.0,1.0,0.0096104637234454,3,83,residual_full,synthetic,33
1.0,1.0,0.1708355659277069,8,83,residual_full,synthetic,33
1.0,0.1575224995613098,0.0895609728159966,4,83,residual_full,synthetic,33
0.1598595468641177,0.1345526129007339,0.0977886304775288,4,83,residual_full,synthetic,33
1.0,1.0,0.0356635261772114,7,83,residual_full,synthetic,33
0.0012368168508044,0.0003597758477553,0.0005497507361111,2,91,residual_full,synthetic,33
0.0029750281520122,0.0190484840422868,0.001125104944982,5,91,residual_full,synthetic,33
1.0,0.9942595958709716,0.0294221720262012,7,91,residual_full,synthetic,33
1.0,0.1947082132101059,0.1627717800756604,7,91,residual_full,synthetic,33
1.0,1.0,0.0039861784218493,3,91,residual_full,synthetic,33
0.0034284868707656,0.0455313548445701,0.0021737770787096,8,91,residual_full,synthetic,33
0.0046813174116675,0.0197137687355279,0.002980128431029,5,91,residual_full,synthetic,33
1.0,0.1180655434727668,0.0408825856092064,8,91,residual_full,synthetic,33
0.00966213615769,0.0290707014501094,0.0048985601396813,4,91,residual_full,synthetic,33
1.0,0.4210807085037231,0.0679438774417785,5,91,residual_full,synthetic,33
5.601499172536162e-05,0.001033667824231,2.5425822839846804e-05,1,91,residual_full,synthetic,33
0.0001276244237577,0.0,9.83354037153626e-05,1,91,residual_full,synthetic,33
0.0276240541920407,0.0671171844005584,0.0131679591440419,6,91,residual_full,synthetic,33
1.0,1.0,0.0018908188626463,4,91,residual_full,synthetic,33
1.0,0.2946096360683441,0.2691135627347213,6,91,residual_full,synthetic,33
0.0287322443069178,0.0530315116047859,0.0164042843030034,5,91,residual_full,synthetic,33
0.026462811343726,0.0193615742027759,0.0141112594517459,2,91,residual_full,synthetic,33
0.0056353550315221,0.0147745152935385,0.0037940155281812,5,91,residual_full,synthetic,33
1.0,0.5066901445388794,0.0777983795809736,8,91,residual_full,synthetic,33
0.007181946463746,0.0059833866544067,0.0035685537519848,3,91,residual_full,synthetic,33
0.0171773680250958,0.0479318499565124,0.0088596288567291,6,93,residual_full,synthetic,33
0.0016670586224705,0.0063689071685075,0.0013147815316971,3,93,residual_full,synthetic,33
0.0049648013436245,0.0042001251131296,0.0039302278493558,2,93,residual_full,synthetic,33
0.0528468774420828,0.0804816633462905,0.0371695368126471,8,93,residual_full,synthetic,33
0.0443469828939218,0.0281207803636789,0.0347936081299148,1,93,residual_full,synthetic,33
4.686718336754936e-07,0.0,3.867237283461624e-07,1,93,residual_full,synthetic,33
0.0321821184659311,0.0167574808001518,0.0241063190586134,1,93,residual_full,synthetic,33
0.0319830482646683,0.019857233390212,0.0227428575968168,2,93,residual_full,synthetic,33
0.091676474828384,0.106703907251358,0.0647882293880945,8,93,residual_full,synthetic,33
8.251844849971324e-05,0.0,4.505931910429882e-05,1,93,residual_full,synthetic,33
0.0277179069595925,0.033903531730175,0.0203943213177498,4,93,residual_full,synthetic,33
0.1058955966110252,0.1077164262533187,0.0821388732310562,5,93,residual_full,synthetic,33
0.0037993045342757,0.0424273684620857,0.0028942741901967,7,93,residual_full,synthetic,33
0.0504048001762206,0.0602994784712791,0.0362893169561721,5,93,residual_full,synthetic,33
0.0406670211824822,0.060066819190979,0.0289754614944939,6,93,residual_full,synthetic,33
0.0618417401598802,0.0674465745687484,0.0470056559874281,4,93,residual_full,synthetic,33
0.0006559333896027,0.0,0.0004677225567415,2,93,residual_full,synthetic,33
0.1459440112990678,0.1045778542757034,0.0706608457229988,7,93,residual_full,synthetic,33
0.0537930036622296,0.0690143257379531,0.0296461334490274,8,93,residual_full,synthetic,33
0.0374242442454831,0.0382800810039043,0.0272171215534921,4,93,residual_full,synthetic,33
1.0,1.0,0.0005567552391769,5,1000033,residual_full,osm,33
0.6627127178379515,0.076790913939476,0.0601265929828099,7,1000033,residual_full,osm,33
0.5283205525969228,0.0928641557693481,0.0857099570066649,4,1000033,residual_full,osm,33
1.0,0.1098867803812027,0.0908453240966239,7,1000033,residual_full,osm,33
1.0,1.0,0.1346490123562787,5,1000033,residual_full,osm,33
0.7392711955876428,0.0471779778599739,0.0263538111012144,8,1000033,residual_full,osm,33
0.1090346485962485,0.0466751158237457,0.0549768908618072,1,1000033,residual_full,osm,33
1.0,1.0,0.0101753961785685,6,1000033,residual_full,osm,33
0.0001410106094055,0.0,8.623723414725419e-05,1,1000033,residual_full,osm,33
1.0,0.0475337505340576,0.0391906933816529,5,1000033,residual_full,osm,33
1.0,1.0,0.0110856370566932,7,1000033,residual_full,osm,33
0.0861425131809742,0.047513224184513,0.023718178032829,8,1000033,residual_full,osm,33
1.0,1.0,0.0011819921801142,2,1000033,residual_full,osm,33
1.0,1.0,0.0614226931497506,5,1000033,residual_full,osm,33
1.0,1.0,0.0816129853476807,6,1000033,residual_full,osm,33
1.0,1.0,0.000870207080334,3,1000033,residual_full,osm,33
0.0538212035711824,0.0498845875263214,0.0270401882744532,8,1000033,residual_full,osm,33
1.0,1.0,0.0075273544682847,4,1000033,residual_full,osm,33
1.0,1.0,0.0013101206210957,4,1000033,residual_full,osm,33
0.0033933635125991,0.0,0.0008573561386329,2,1000033,residual_full,osm,33
0.0382683354527776,0.010230716317892,0.0102100633474404,3,1000033,residual_full,osm,33
1.0,1.0,0.0147595583080584,5,1000033,residual_full,osm,33
0.3720337388331833,0.0192402116954326,0.0103027260219178,5,1000033,residual_full,osm,33
0.4223420575769168,0.0191738083958625,0.0111874017461583,5,1000033,residual_full,osm,33
0.5468532654083776,0.1018963456153869,0.0876093425004075,6,1000033,residual_full,osm,33
0.0096244391665155,0.0,0.000161855709524,2,1000033,residual_full,osm,33
0.6362117077834069,0.0567307919263839,0.0386401648442495,7,1000033,residual_full,osm,33
0.5935110554274122,0.0488042905926704,0.0446223564915875,4,1000033,residual_full,osm,33
1.0,1.0,0.0020762878925088,4,1000033,residual_full,osm,33
0.0113509152876892,0.0,0.001384897929497,1,1000033,residual_full,osm,33
1.0,1.0,0.0161707608987473,7,1000033,residual_full,osm,33
0.1066179347508646,0.0286800786852836,0.018315991519203,5,1000033,residual_full,osm,33
0.0008064859839874,0.0050738146528601,0.0002974253322827,4,1000033,residual_full,osm,33
1.0,1.0,0.0003399572929049,2,1000033,residual_full,osm,33
1.0,1.0,0.0050667978804887,5,1000033,residual_full,osm,33
1.0,1.0,0.1115501529570515,8,1000033,residual_full,osm,33
0.0127424325730127,0.0056087966077029,0.0055881435537671,3,1000033,residual_full,osm,33
1.0,1.0,0.0254856825735119,6,1000033,residual_full,osm,33
0.015984318304677,0.0320098772644996,0.0097596581891772,8,1000033,residual_full,osm,33
1.0,1.0,0.0060237463194134,8,1000033,residual_full,osm,33
1.0,1.0,0.0071378124718629,4,1000033,residual_full,osm,33
0.0015904063632313,0.0,0.0008926160496961,1,1000033,residual_full,osm,33
1.0,1.0,0.0821326623164826,8,1000033,residual_full,osm,33
1.0,1.0,0.0045235080641077,3,1000033,residual_full,osm,33
0.165434678002424,0.0204358398914337,0.003177217896625,7,1000033,residual_full,osm,33
1.0,1.0,0.0015553675915353,6,1000033,residual_full,osm,33
1.0,1.0,0.0155766791734586,6,1000033,residual_full,osm,33
1.0,1.0,0.0035060282613419,5,1000033,residual_full,osm,33
0.7122370779771796,0.0124315405264496,0.0207333153671367,1,1000033,residual_full,osm,33
1.0,1.0,0.0120890090811912,7,1000033,residual_full,osm,33
0.0034623495738947,0.0139657305553555,0.0008674418350749,6,1000033,residual_full,osm,33
0.6052512861932955,0.0584723837673664,0.0459684712825227,6,1000033,residual_full,osm,33
0.714237784615487,0.0234269872307777,0.0228118669067223,3,1000033,residual_full,osm,33
1.0,1.0,0.0482583545468914,6,1000033,residual_full,osm,33
1.0,1.0,0.0088855820378298,6,1000033,residual_full,osm,33
0.1909265707230973,0.0702100545167923,0.0535457312860469,7,1000033,residual_full,osm,33
0.3077703407930345,0.0643888413906097,0.0465359168527588,7,1000033,residual_full,osm,33
1.0,1.0,9.118087954903088e-05,3,1000033,residual_full,osm,33
1.0,1.0,1.509416376882741e-06,1,1000033,residual_full,osm,33
0.0535883635648469,0.0116942003369331,0.011673547125062,3,1000033,residual_full,osm,33
0.0803177317212218,0.0368907451629638,0.0208207297096406,6,1000033,residual_full,osm,33
0.5606375772433366,0.0856344848871231,0.067187291450589,7,1000033,residual_full,osm,33
1.0,1.0,0.005641789909437,6,1000033,residual_full,osm,33
0.0005906540299985,0.0,0.000288908564717,1,1000033,residual_full,osm,33
1.0,1.0,0.0270576508961097,5,1000033,residual_full,osm,33
1.0,1.0,0.0013894464501989,3,1000033,residual_full,osm,33
5.496675320859623e-05,0.0,2.2123146170424443e-05,1,1000033,residual_full,osm,33
0.0031250848331845,0.0,0.0017147139835392,1,1000033,residual_full,osm,33
0.1162764957705092,0.048756405711174,0.0291206960789425,7,1000033,residual_full,osm,33
1.0,1.0,0.0131760618518824,7,1000033,residual_full,osm,33
1.0,0.0196913983672857,0.0042157141590094,6,1000033,residual_full,osm,33
0.0110740519761223,0.0227173920720815,0.0036759353826709,7,1000033,residual_full,osm,33
0.0166351930825962,0.0,0.0023734672140635,1,1000033,residual_full,osm,33
1.0,1.0,0.0021405927013421,4,1000033,residual_full,osm,33
8.789862631242151e-05,0.0,3.398213623172969e-05,1,1000033,residual_full,osm,33
0.5933319785985924,0.0355005152523517,0.0438022922204391,1,1000033,residual_full,osm,33
0.634197776011965,0.0472775809466838,0.030613254549963,6,1000033,residual_full,osm,33
1.0,0.1010171249508857,0.0837585050371962,6,1000033,residual_full,osm,33
0.5554964756619082,0.1576240360736847,0.1427426822130694,6,1000033,residual_full,osm,33
1.0,1.0,0.0041675295468315,6,1000033,residual_full,osm,33
1.0,1.0,0.0079623066757238,8,1000033,residual_full,osm,33
1.0,1.0,0.0147324514733588,6,1000033,residual_full,osm,33
1.0,1.0,0.0065630897334187,6,1000033,residual_full,osm,33
1.0,1.0,0.0698967709778856,8,1000033,residual_full,osm,33
0.6300872725200848,0.2238780260086059,0.1971125334084653,8,1000033,residual_full,osm,33
0.0063707303070781,0.0,0.0015687161570498,1,1000033,residual_full,osm,33
1.0,1.0,0.0057273460479737,7,1000033,residual_full,osm,33
0.0019761245586455,0.0,0.0005770733438072,1,1000033,residual_full,osm,33
1.0,1.0,0.0028453443633227,2,1000033,residual_full,osm,33
0.5349113603423791,0.1029807776212692,0.0904768691199922,5,1000033,residual_full,osm,33
0.0776147811452948,0.0166143123060464,0.0106490164749996,4,1000033,residual_full,osm,33
0.0006824511568793,0.0,0.0003228828491587,1,1000033,residual_full,osm,33
0.023616141502015,0.0113667529076337,0.0036181178983454,5,1000033,residual_full,osm,33
0.0669785091701068,0.0308958943933248,0.0154202109008704,6,1000033,residual_full,osm,33
1.0,1.0,0.0037250054433263,8,1000033,residual_full,osm,33
0.0001757446259147,0.0,2.042193676461886e-05,2,1000033,residual_full,osm,33
0.0003517381432929,0.0,8.486817209724858e-05,1,1000033,residual_full,osm,33
1.0,1.0,0.0060378735557347,5,1000033,residual_full,osm,33
1.0,1.0,0.0075824519171645,5,1000033,residual_full,osm,33
0.0086474750376299,0.0114991627633571,0.0025616770303794,5,1000033,residual_full,osm,33
0.110967305721202,0.0508347675204277,0.055569850939214,2,1000033,residual_full,osm,33
0.0033415622138109,0.0023770083207637,0.0017618885066206,3,1000033,residual_full,osm,33
1.0,0.0660692304372787,0.0482163142327555,6,1000033,residual_full,osm,33
1.0,0.0677923411130905,0.0618270406829005,4,1000033,residual_full,osm,33
1.0,1.0,0.0012325303168517,2,1000033,residual_full,osm,33
1.0,0.1874123364686966,0.1689651398627252,7,1000033,residual_full,osm,33
0.0179090061107445,0.0097014000639319,0.0058761488536318,4,1000033,residual_full,osm,33
1.0,1.0,0.0087802205756154,3,1000033,residual_full,osm,33
1.0,1.0,0.0640008818225417,7,1000033,residual_full,osm,33
1.0,1.0,0.0010438990357598,6,1000033,residual_full,osm,33
0.0602009574824337,0.0,0.0016855832957784,2,1000033,residual_full,osm,33
0.0045122101107522,0.0,0.0008061375637571,2,1000033,residual_full,osm,33
1.0,1.0,0.0404739039589476,7,1000033,residual_full,osm,33
1.0,0.0436722934246063,0.0418682286724002,3,1000033,residual_full,osm,33
0.1126868631652674,0.0327588692307472,0.0140739754731232,7,1000033,residual_full,osm,33
0.0401602457777466,0.0247773472219705,0.0164342915279896,5,1000033,residual_full,osm,33
0.3684102842883431,0.0186711065471172,0.0079503694792853,5,1000033,residual_full,osm,33
0.0181116801421826,0.0122795309871435,0.006314234296078,4,1000033,residual_full,osm,33
0.0160196315209844,0.0003884397447109,0.0098790622289335,1,1000033,residual_full,osm,33
1.0,1.0,0.0072585643453434,4,1000033,residual_full,osm,33
0.5464808899175402,0.112580731511116,0.0988880779027723,5,1000033,residual_full,osm,33
1.0,1.0,0.0187239010481615,8,1000033,residual_full,osm,33
0.0576992012128467,0.0,0.0064048869690984,1,1000033,residual_full,osm,33
1.0,1.0,0.0002450591573127,2,1000033,residual_full,osm,33
1.0,1.0,0.0017862450163116,3,1000033,residual_full,osm,33
1.0,1.0,0.0624573198332322,7,1000033,residual_full,osm,33
1.0,1.0,0.0114517192115945,8,1000033,residual_full,osm,33
0.0127251534840582,0.0242274980992078,0.0057803070777874,7,1000033,residual_full,osm,33
1.0,1.0,0.0777672146566437,6,1000033,residual_full,osm,33
1.0,1.0,0.0278229604204137,4,1000033,residual_full,osm,33
0.0316444424533758,0.0198125280439853,0.0084973981784494,5,1000033,residual_full,osm,33
0.2450819658711919,0.0239319987595081,0.0274781690496865,2,1000033,residual_full,osm,33
1.0,1.0,0.0028101716319886,4,1000033,residual_full,osm,33
0.1127894101341141,0.0334526374936103,0.0328375189436402,3,1000033,residual_full,osm,33
1.0,1.0,0.0129612540826671,6,1000033,residual_full,osm,33
0.5940259707578606,0.0396214798092842,0.0443565653856229,2,1000033,residual_full,osm,33
0.000906412799936,0.0,3.731309824460994e-05,1,1000033,residual_full,osm,33
0.0307847144816681,0.0164838433265686,0.0063575245028818,5,1000033,residual_full,osm,33
0.0626822515544448,0.0,0.0042349117957181,2,1000033,residual_full,osm,33
0.0439804553761368,0.0067232018336653,0.0043246710249044,3,1000033,residual_full,osm,33
0.1154773825827525,0.0272514000535011,0.0224750114868375,4,1000033,residual_full,osm,33
0.0627734887663568,0.0,0.0059686722258349,2,1000033,residual_full,osm,33
0.0054724641160105,0.0,0.0008644846960299,1,1000033,residual_full,osm,33
8.789862631242151e-05,0.0,3.398213623172969e-05,1,1000033,residual_full,osm,33
1.0,1.0,0.0010591161662368,2,1000033,residual_full,osm,33
1.0,0.0,0.0050512329377657,1,1000033,residual_full,osm,33
0.1137478150945938,0.0422006547451019,0.0237534659683553,7,1000033,residual_full,osm,33
1.0,1.0,0.0061890264308604,8,1000033,residual_full,osm,33
0.2565818222419519,0.0349475294351577,0.0289822350285558,4,1000033,residual_full,osm,33
1.0,1.0,0.0341101560809824,8,1000033,residual_full,osm,33
0.0278829601667036,0.0062902746722102,0.0098364454440924,2,1000033,residual_full,osm,33
1.0,1.0,0.0087687515824035,5,1000033,residual_full,osm,33
0.0021483866050543,0.0,0.0003576904016831,1,1000033,residual_full,osm,33
0.2762735757872658,0.049136821180582,0.0318782008624388,6,1000033,residual_full,osm,33
1.0,1.0,0.00797556220549,6,1000033,residual_full,osm,33
0.0259893686144362,0.0118288109079003,0.015374981813379,2,1000033,residual_full,osm,33
1.0,1.0,0.0050097684903901,5,1000033,residual_full,osm,33
0.7122370779771796,0.0124315405264496,0.0207333153671367,1,1000033,residual_full,osm,33
0.0011188595382847,0.0,0.0001259294921825,1,1000033,residual_full,osm,33
1.0,0.0368145257234573,0.0373883546352836,3,1000033,residual_full,osm,33
1.0,1.0,0.0045254016985997,4,1000033,residual_full,osm,33
0.3628364499457304,0.0,0.0017060604685252,1,1000033,residual_full,osm,33
1.0,1.0,0.0066982181941196,5,1000033,residual_full,osm,33
0.000906412799936,0.0,3.731309824460994e-05,1,1000033,residual_full,osm,33
1.0,0.1028832644224166,0.0788505656751104,8,1000033,residual_full,osm,33
1.0,1.0,0.0014451146393395,4,1000033,residual_full,osm,33
1.0,1.0,4.4697124539334495e-05,1,1000033,residual_full,osm,33
0.0021250526647651,0.0,0.0007984042313034,2,1000033,residual_full,osm,33
1.0,1.0,0.0636082141153457,8,1000033,residual_full,osm,33
0.0827301484497076,0.0310156662017107,0.0093596188209586,8,1000033,residual_full,osm,33
0.6240076642574361,0.1889758706092834,0.1925220537850337,2,1000033,residual_full,osm,33
0.36057486617068,0.0158625990152359,0.0045474695260635,5,1000033,residual_full,osm,33
1.0,1.0,0.0200511562140481,6,1000033,residual_full,osm,33
0.0199600360753275,0.006460172124207,0.0073906823303217,3,1000033,residual_full,osm,33
0.0073211236810166,0.0,0.0028414054059632,2,1000033,residual_full,osm,33
0.5251826325097296,0.0594638288021087,0.0350746587551361,8,1000033,residual_full,osm,33
0.358000438437498,0.0363199263811111,0.0226272719580209,6,1000033,residual_full,osm,33
1.0,0.14465893805027,0.1309662704388796,6,1000033,residual_full,osm,33
1.0,0.015510668978095,0.0190568398656145,2,1000033,residual_full,osm,33
0.0642161469787907,0.0,0.0036580883885204,1,1000033,residual_full,osm,33
5.6751285781864176e-08,0.0,1.1206397538213131e-08,1,1000033,residual_full,osm,33
1.0,1.0,0.0175717026536029,8,1000033,residual_full,osm,33
1.0,1.0,0.0001509199950949,1,1000033,residual_full,osm,33
1.0,1.0,4.783603420591233e-05,2,1000033,residual_full,osm,33
0.7123502533839613,0.0263997204601764,0.020791102459448,4,1000033,residual_full,osm,33
1.0,0.0383111014962196,0.0240240974379185,6,1000033,residual_full,osm,33
1.0,1.0,0.0125972174613578,4,1000033,residual_full,osm,33
0.0536639210454383,0.0069754710420966,0.0105216418787478,2,1000033,residual_full,osm,33
0.0139849567985723,0.0,0.0065845499432013,1,1000033,residual_full,osm,33
0.0108815099102186,0.0083180349320173,0.002352739222417,4,1000033,residual_full,osm,33
0.5281842904972971,0.084164559841156,0.0829549700226841,3,1000033,residual_full,osm,33
1.0,1.0,0.0018272997511246,3,1000033,residual_full,osm,33
1.0,1.0,0.0001399812491996,4,1000033,residual_full,osm,33
0.006797093178233,0.0,0.001887651495965,2,1000033,residual_full,osm,33
1.0,1.0,0.0020649876376299,8,1000033,residual_full,osm,33
1.0,1.0,0.0253784437642318,5,1000033,residual_full,osm,33
0.0414949379700072,0.0301595591008663,0.0152782042069581,6,1000033,residual_full,osm,33
1.0,1.0,0.0203034611278293,7,1000033,residual_full,osm,33
0.0584013947615714,0.0112374797463417,0.002299993788126,5,1000033,residual_full,osm,33
0.0068243541293222,0.0,0.0023954043801658,1,1000033,residual_full,osm,33
0.0418784099017665,0.0240384265780448,0.0192620370926044,4,1000033,residual_full,osm,33
0.0043595791340382,0.0,0.0023272422381464,2,1000033,residual_full,osm,33
1.0,1.0,0.0027691027403014,2,1000033,residual_full,osm,33
0.0561422602415698,0.0149832349270582,0.0125847035686347,3,1000033,residual_full,osm,33
0.0290482770127978,0.0,0.0021935942848724,2,1000033,residual_full,osm,33
1.0,1.0,0.0009481948449355,3,1000033,residual_full,osm,33
0.5534517755676411,0.1106461137533187,0.0981422006588061,5,1000033,residual_full,osm,33
0.0013246713462002,0.0,0.0005929600774068,1,1000033,residual_full,osm,33
0.2613113043204397,0.0947066843509674,0.0804196790651465,6,1000033,residual_full,osm,33
1.0,1.0,0.0043168048714579,4,1000033,residual_full,osm,33
1.0,1.0,0.0002991766024952,3,1000033,residual_full,osm,33
1.0,1.0,0.0033361340315246,3,1000033,residual_full,osm,33
1.0,1.0,0.0166762583156518,5,1000033,residual_full,osm,33
1.0,1.0,0.0102152186075671,4,1000033,residual_full,osm,33
1.0,1.0,0.0088015085633069,6,1000033,residual_full,osm,33
1.0,1.0,0.0083481920295307,4,1000033,residual_full,osm,33
0.0017572929735872,0.0,0.0009130826404127,3,1000033,residual_full,osm,33
1.0,1.0,0.0055126925796049,4,1000033,residual_full,osm,33
1.0,1.0,0.0149629284523079,6,1000033,residual_full,osm,33
8.789862631242151e-05,0.0,3.398213623172969e-05,1,1000033,residual_full,osm,33
1.0,1.0,0.0021040963005065,8,1000033,residual_full,osm,33
0.7146569972698682,0.0369806513190269,0.0226936426498935,5,1000033,residual_full,osm,33
0.0066493589711551,0.002713602501899,0.002098482570902,3,1000033,residual_full,osm,33
1.0,1.0,0.0339110526572907,7,1000033,residual_full,osm,33
1.0,1.0,0.0021589444806187,7,1000033,residual_full,osm,33
0.1193292314401659,0.0559924393892288,0.0553773179830417,3,1000033,residual_full,osm,33
0.6348540817542818,0.0461480095982551,0.0360216908575012,5,1000033,residual_full,osm,33
1.0,1.0,0.0043851319295254,8,1000033,residual_full,osm,33
1.0,1.0,0.0072517827094877,8,1000033,residual_full,osm,33
4.14952455840556e-07,0.0,5.6540979905550026e-08,1,1000033,residual_full,osm,33
0.0305543734307377,0.0312685742974281,0.0157928913036537,6,1000033,residual_full,osm,33
0.0159212461213589,0.014435676857829,0.0019317662734547,6,1000033,residual_full,osm,33
1.0,1.0,0.0430465557301591,8,1000033,residual_full,osm,33
1.0,1.0,0.0024396730236218,3,1000033,residual_full,osm,33
1.0,0.0364037379622459,0.0233054505984165,6,1000033,residual_full,osm,33
1.0,1.0,0.001691736578967,2,1000033,residual_full,osm,33
1.0,0.0375705584883689,0.0167463961074289,7,1000033,residual_full,osm,33
0.0368859230181849,0.0137257417663931,0.0030050053052961,5,1000033,residual_full,osm,33
0.0077245433569445,0.0022322279401123,0.0016171081645917,3,1000033,residual_full,osm,33
1.0,1.0,0.0041757912663696,6,1000033,residual_full,osm,33
1.0,1.0,0.001692894621937,5,1000033,residual_full,osm,33
0.0169209294405793,0.0079939728602766,0.0014342254317413,4,1000033,residual_full,osm,33
1.0,1.0,0.0088006679110354,6,1000033,residual_full,osm,33
0.003538804807467,0.0,0.0001626600811487,2,1000033,residual_full,osm,33
1.0,1.0,0.016531085161432,8,1000033,residual_full,osm,33
1.0,1.0,0.0136676539650228,7,1000033,residual_full,osm,33
1.0,1.0,0.0033725988331432,4,1000033,residual_full,osm,33
1.0,1.0,0.002865653631848,8,1000033,residual_full,osm,33
0.0047705163955436,0.0,0.0006520152957816,1,1000033,residual_full,osm,33
1.0,1.0,0.0107582250550181,8,1000033,residual_full,osm,33
0.0027365895784297,0.0,0.0015210576584623,1,1000033,residual_full,osm,33
0.0046892191125932,0.0,0.0009616162273236,1,1000033,residual_full,osm,33
0.1364671028792329,0.0357899963855743,0.0161542887102422,7,1000033,residual_full,osm,33
0.0527236066680361,0.0324820950627327,0.0203348132985417,6,1000033,residual_full,osm,33
1.0,1.0,0.0110356933768007,8,1000033,residual_full,osm,33
1.0,1.0,0.029091369263341,8,1000033,residual_full,osm,33
1.0,1.0,0.0063727273780538,6,1000033,residual_full,osm,33
0.5637444367328797,0.1519553214311599,0.1341024005122517,6,1000033,residual_full,osm,33
0.0868867491217322,0.0451804436743259,0.0231678906779699,7,1000033,residual_full,osm,33
0.015848573726689,0.0060042291879653,0.0059835763707235,3,1000033,residual_full,osm,33
0.3773600098864675,0.015659125521779,0.0102882777242785,4,1000033,residual_full,osm,33
0.0686361234823724,0.0452058836817741,0.024144032697408,8,1000033,residual_full,osm,33
0.0136020289859418,0.0116931926459074,0.0045389986543897,4,1000033,residual_full,osm,33
0.0212345388190731,0.0,0.0028261555078917,1,1000033,residual_full,osm,33
1.0,1.0,0.0249736257002923,4,1000033,residual_full,osm,33
0.0007872054074712,0.0,0.0003649962025971,1,1000033,residual_full,osm,33
1.0,1.0,0.002773149108227,4,1000033,residual_full,osm,33
0.0907416596156789,0.036358505487442,0.0262321887117793,5,1000033,residual_full,osm,33
0.0303369589174364,0.0146190403029322,0.0122205089985189,3,1000033,residual_full,osm,33
0.0474774032978383,0.0430970788002014,0.0220352282875972,8,1000033,residual_full,osm,33
0.0039121758851334,0.0,0.0014643016933446,2,1000033,residual_full,osm,33
0.0840442025308972,0.0160796847194433,0.0041701598111908,5,1000033,residual_full,osm,33
0.0278519133165469,0.0115786548703908,0.0014523363452523,5,1000033,residual_full,osm,33
1.0,1.0,0.0196871878753783,8,1000033,residual_full,osm,33
0.1434685866760702,0.0912793725728988,0.0769923549129348,6,1000033,residual_full,osm,33
1.0,1.0,0.055588746925998,6,1000033,residual_full,osm,33
1.0,1.0,0.0594362212115839,7,1000033,residual_full,osm,33
0.0046922884961503,0.0,0.0009621334912614,2,1000033,residual_full,osm,33
1.0,1.0,0.0641824047495706,8,1000033,residual_full,osm,33
1.0,1.0,0.0027279771368235,4,1000033,residual_full,osm,33
0.0317626605464199,0.002161425538361,0.0110576314961613,1,1000033,residual_full,osm,33
1.0,1.0,0.0266286986084963,7,1000033,residual_full,osm,33
0.0463981740209389,0.0399400517344474,0.0179275019866551,7,1000033,residual_full,osm,33
0.0445727043804373,0.0012136250734329,0.0053542541631733,2,1000033,residual_full,osm,33
0.3947272860897055,0.0306554026901721,0.021717916681815,5,1000033,residual_full,osm,33
1.0,1.0,0.0071847315597023,5,1000033,residual_full,osm,33
1.0,1.0,0.0044742567294048,7,1000033,residual_full,osm,33
0.6064691110752577,0.0054525383748114,0.0054318855873079,3,1000033,residual_full,osm,33
0.0721146980703876,0.0305844545364379,0.0134446711659035,7,1000033,residual_full,osm,33
1.0,1.0,0.0126750354616524,5,1000033,residual_full,osm,33
0.0323662864037117,0.0,0.0030071327443624,2,1000033,residual_full,osm,33
0.0136373278637428,0.0039937822148203,0.0039731293570946,3,1000033,residual_full,osm,33
0.0002340493262636,0.0,0.0001230002243374,1,1000033,residual_full,osm,33
1.0,1.0,0.005038724269832,2,1000033,residual_full,osm,33
1.0,1.0,0.0019846408023632,4,1000033,residual_full,osm,33
0.0127022934511356,0.0,0.0014500591770312,1,1000033,residual_full,osm,33
0.5495501622194368,0.0462814345955848,0.039127242633472,4,1000033,residual_full,osm,33
1.0,1.0,0.0401817945735279,8,1000033,residual_full,osm,33
0.0643915042087245,0.0164743475615978,0.0057536118962061,5,1000033,residual_full,osm,33
1.0,1.0,0.0383007382620898,8,1000033,residual_full,osm,33
0.0325025981565305,0.0366250462830066,0.0180672941330772,5,1,direct_full,synthetic,44
0.040507291559675,0.0388338081538677,0.0313881700809894,6,1,direct_full,synthetic,44
0.1115941849321158,0.0341203399002552,0.0656368311503461,4,1,direct_full,synthetic,44
7.1486093109141e-05,0.026130435988307,3.615081281667517e-05,1,1,direct_full,synthetic,44
0.0693323520132321,0.0356108807027339,0.0362017875307305,5,1,direct_full,synthetic,44
0.0606053891304213,0.0432596057653427,0.0400337036502012,7,1,direct_full,synthetic,44
0.0014134689698009,0.0254460610449314,0.0007763059278198,1,1,direct_full,synthetic,44
0.0633027703744802,0.052510380744934,0.0404595481757294,8,1,direct_full,synthetic,44
0.0170917715425162,0.0367145575582981,0.0114496174174377,5,1,direct_full,synthetic,44
0.1103809306680153,0.0353316515684127,0.0684504262410524,5,1,direct_full,synthetic,44
0.010073228370489,0.0430338941514492,0.0073641839501041,7,1,direct_full,synthetic,44
0.001102533829945,0.0300640892237424,0.000784003688799,2,1,direct_full,synthetic,44
0.0265983544992314,0.0451428070664405,0.0186580767362411,8,1,direct_full,synthetic,44
0.0970921579570055,0.0286749992519617,0.0538955921433695,2,1,direct_full,synthetic,44
0.0885549772048137,0.0421207845211029,0.0622788159688681,6,1,direct_full,synthetic,44
0.0042374828351513,0.041558064520359,0.0032333887454498,7,1,direct_full,synthetic,44
0.0124915231254383,0.0372724570333957,0.0101968860593391,6,1,direct_full,synthetic,44
0.0004694634590299,0.0257157515734434,0.0002371852757084,1,1,direct_full,synthetic,44
0.0340729044107996,0.0410582274198532,0.0259910710698571,6,1,direct_full,synthetic,44
0.0261529755366596,0.0357595272362232,0.0167661302790405,5,1,direct_full,synthetic,44
0.0843221582479338,0.0387652292847633,0.0604918906273414,7,3,direct_full,synthetic,44
0.1668789359058043,0.2450641840696334,0.0181240193122098,5,3,direct_full,synthetic,44
0.0022629856742018,0.0429833866655826,0.0011301412922383,5,3,direct_full,synthetic,44
0.0002358229579653,0.0256459005177021,0.0001782904536365,1,3,direct_full,synthetic,44
0.003184018977008,0.0290698017925024,0.0027107826928779,3,3,direct_full,synthetic,44
0.2377813616375179,0.0477175377309322,0.145636167432901,8,3,direct_full,synthetic,44
0.0627837583334421,0.0416608303785324,0.0486316704437932,6,3,direct_full,synthetic,44
0.005678582939377,0.0300159156322479,0.0047600121284234,3,3,direct_full,synthetic,44
0.1458641124256173,0.0370253920555114,0.0927189503853888,5,3,direct_full,synthetic,44
0.1365295432534916,0.050915453583002,0.1009933754591185,7,3,direct_full,synthetic,44
0.0773743610299974,0.0257656406611204,0.0556614396036629,1,3,direct_full,synthetic,44
0.0754452334110482,0.0420989580452442,0.0625842255768178,8,3,direct_full,synthetic,44
0.1828270585836763,0.0308250728994607,0.0897084621472985,3,3,direct_full,synthetic,44
0.0016283179605242,0.0285679418593645,0.0012293664467407,2,3,direct_full,synthetic,44
0.1543459804115963,0.0416063666343688,0.0999155167547801,8,3,direct_full,synthetic,44
0.0137771602161714,0.0433346554636955,0.010050708780793,8,3,direct_full,synthetic,44
0.0052747907796971,0.0289886556565761,0.0032341637700548,2,3,direct_full,synthetic,44
0.0869851895693872,0.0416316464543342,0.0717712757942508,8,3,direct_full,synthetic,44
0.0046262863309802,0.0357935614883899,0.0034476196675705,5,3,direct_full,synthetic,44
0.0068595916184311,0.0337594449520111,0.0055989037720349,5,3,direct_full,synthetic,44
0.0013947331414116,0.0304974913597106,0.0012109529186825,3,12,direct_full,synthetic,44
0.0015105894144475,0.0286665670573711,0.0012635446447439,2,12,direct_full,synthetic,44
0.0024258278812168,0.0343717113137245,0.0018505298818219,6,12,direct_full,synthetic,44
0.0069172442538583,0.0323164351284503,0.0053693410908002,5,12,direct_full,synthetic,44
0.0275220678679934,0.0298293437808752,0.0224132932987911,3,12,direct_full,synthetic,44
0.0348154576542076,0.0332069620490074,0.0276977873915928,5,12,direct_full,synthetic,44
0.0406582104186775,0.0386664271354675,0.0341513928068944,8,12,direct_full,synthetic,44
0.0006643581822886,0.0304000694304704,0.0005178847473374,3,12,direct_full,synthetic,44
0.0009745453368886,0.0296709164977073,0.0008432624451161,3,12,direct_full,synthetic,44
0.0657501203894631,0.0318488404154777,0.0476373151975688,5,12,direct_full,synthetic,44
0.0174227652652791,0.0313130803406238,0.0141593536068285,4,12,direct_full,synthetic,44
0.0557313041021869,0.0374539159238338,0.0423440703865859,8,12,direct_full,synthetic,44
0.0044928721351538,0.0293734762817621,0.0035039786945332,2,12,direct_full,synthetic,44
0.045211257286905,0.0304404478520154,0.0372017176361422,3,12,direct_full,synthetic,44
0.0732396341866067,0.03274991735816,0.0619926181921647,6,12,direct_full,synthetic,44
0.0004166784838683,0.0277361087501049,0.0003386959246526,1,12,direct_full,synthetic,44
0.0264098456798993,0.0348848141729831,0.0220953433608375,7,12,direct_full,synthetic,44
0.0310265918032134,0.0306866914033889,0.026669157077707,4,12,direct_full,synthetic,44
0.0265021072119359,0.0325081348419189,0.0216504084702231,4,12,direct_full,synthetic,44
0.0012004625226106,0.0279088411480188,0.000993130421759,1,12,direct_full,synthetic,44
0.0368187001301378,0.0541456006467342,0.0275935584088753,7,14,direct_full,synthetic,44
0.2878761634487597,0.0573010183870792,0.1649380527189695,7,14,direct_full,synthetic,44
0.012094488801658,0.0373882353305816,0.0085138117850688,4,14,direct_full,synthetic,44
0.0035777913000395,0.0328848212957382,0.0016408612838808,2,14,direct_full,synthetic,44
0.0374517691971472,0.0283122323453426,0.0282934783075826,3,14,direct_full,synthetic,44
0.1273253985139422,0.0483095832169055,0.0698991564840966,7,14,direct_full,synthetic,44
0.2824631972881011,0.041006252169609,0.1565395351777131,5,14,direct_full,synthetic,44
0.0993442741937831,0.0646944940090179,0.0413544856980646,7,14,direct_full,synthetic,44
0.0354648738831983,0.0497879050672054,0.0246768385825543,7,14,direct_full,synthetic,44
0.1378585136360224,0.0760953575372695,0.0767406675259777,8,14,direct_full,synthetic,44
0.0435435342609201,0.0576815605163574,0.0306706738556212,8,14,direct_full,synthetic,44
0.0346229465010824,0.0384078733623027,0.019907670822333,5,14,direct_full,synthetic,44
0.0453341898962658,0.0387701317667961,0.0286993572888173,6,14,direct_full,synthetic,44
0.0101532124038595,0.0272115431725978,0.0082362543457022,2,14,direct_full,synthetic,44
1.0,0.0425993241369724,0.4068422443753073,5,14,direct_full,synthetic,44
0.0189086377165041,0.0600309185683727,0.0104360394889768,6,14,direct_full,synthetic,44
0.1539106623229322,0.063207983970642,0.0226608735186721,7,14,direct_full,synthetic,44
1.0,0.9998829364776612,0.0569960476915297,5,14,direct_full,synthetic,44
0.4455758814694492,0.0450517795979976,0.2685440392826057,6,14,direct_full,synthetic,44
0.0756705104696787,0.0265358258038759,0.0237781823601944,1,14,direct_full,synthetic,44
0.3050421618059195,0.052035603672266,0.1899147938306601,7,22,direct_full,synthetic,44
0.019852729942397,0.0481324754655361,0.0107936276611929,4,22,direct_full,synthetic,44
6.449664128505006e-05,0.0318141244351863,3.482713307199623e-05,3,22,direct_full,synthetic,44
0.0263224793821511,0.0465239398181438,0.0122503490472174,3,22,direct_full,synthetic,44
0.0033748958699884,0.0353327319025993,0.0015799274007858,3,22,direct_full,synthetic,44
0.0261091703698047,0.0420209653675556,0.0176628477011282,5,22,direct_full,synthetic,44
0.1004706150250333,0.0702571645379066,0.0748903256110464,7,22,direct_full,synthetic,44
0.0008192191780789,0.0328693240880966,0.0006012559044763,3,22,direct_full,synthetic,44
3.427742097450448e-05,0.0261803660541772,2.352495085196093e-05,1,22,direct_full,synthetic,44
1.0,0.9999912977218628,0.0036696051580772,2,22,direct_full,synthetic,44
0.0240956077514473,0.0271190088242292,0.017112010940764,1,22,direct_full,synthetic,44
0.0744487144514638,0.053231906145811,0.0369850686884792,8,22,direct_full,synthetic,44
0.648440495575473,0.0553820542991161,0.3933872601971275,7,22,direct_full,synthetic,44
0.0015410549922703,0.0263727400451898,0.000989687939599,1,22,direct_full,synthetic,44
0.0010456959401331,0.0371758751571178,0.0007090153104329,4,22,direct_full,synthetic,44
0.038579349723025,0.0429165475070476,0.0223043003376501,3,22,direct_full,synthetic,44
0.0002274135541076,0.0319110415875911,0.0001415228543521,3,22,direct_full,synthetic,44
0.012602842106835,0.0418689921498298,0.0043871142837613,3,22,direct_full,synthetic,44
0.0011819012359778,0.0331161729991436,0.0007452726556432,3,22,direct_full,synthetic,44
0.2941240395061542,0.0417529009282588,0.1823775388396074,5,22,direct_full,synthetic,44
0.0515726873132318,0.0321582332253456,0.0284556638850824,3,28,direct_full,synthetic,44
0.0022721114286879,0.0283098891377449,0.0014187518629335,2,28,direct_full,synthetic,44
0.0077574964618477,0.0361693799495697,0.0062083191998756,6,28,direct_full,synthetic,44
0.0001330283145143,0.0261456910520792,9.228084959059233e-05,1,28,direct_full,synthetic,44
0.0165863878306548,0.0350849144160747,0.0090845238362171,6,28,direct_full,synthetic,44
0.0001316074600751,0.0273363012820482,0.0001022755186597,2,28,direct_full,synthetic,44
0.0156172214068173,0.0337227918207645,0.0086409334579815,6,28,direct_full,synthetic,44
0.0764694506749098,0.0374506935477256,0.0461974906707642,8,28,direct_full,synthetic,44
0.0069005911557405,0.0336551964282989,0.0046851803981321,6,28,direct_full,synthetic,44
0.0263447051527079,0.0295097772032022,0.0137555011996732,2,28,direct_full,synthetic,44
0.0186022034026438,0.0310615114867687,0.0127555740966705,4,28,direct_full,synthetic,44
0.0247708579466644,0.0298690274357795,0.0151239490323009,3,28,direct_full,synthetic,44
0.0001699186530979,0.0328935720026493,8.857141285309198e-05,4,28,direct_full,synthetic,44
0.0030113057609716,0.0271916035562753,0.0018385307155628,2,28,direct_full,synthetic,44
0.010572690837635,0.0287729986011981,0.0082744422073476,3,28,direct_full,synthetic,44
0.0211891103635599,0.0353501513600349,0.0133481270051123,6,28,direct_full,synthetic,44
0.0001492184375029,0.0271178837865591,0.0001252345805631,2,28,direct_full,synthetic,44
0.0063594398995814,0.0403391607105731,0.0037420647560007,8,28,direct_full,synthetic,44
0.0304341995298584,0.0414047390222549,0.0189736758081363,8,28,direct_full,synthetic,44
0.001346139792516,0.0292336735874414,0.000501421066185,3,28,direct_full,synthetic,44
0.004016316674267,0.0285023394972085,0.0031552264183353,5,37,direct_full,synthetic,44
0.0294062162693993,0.0262976288795471,0.0238150660079372,3,37,direct_full,synthetic,44
0.0104848431317382,0.0315853208303451,0.0078766115518525,6,37,direct_full,synthetic,44
0.0017877108695739,0.0277663301676511,0.0014853253179607,4,37,direct_full,synthetic,44
0.1471034129591307,0.031273316591978,0.0437437055531069,6,37,direct_full,synthetic,44
0.0003753347252275,0.0241843219846487,0.0003020374601778,2,37,direct_full,synthetic,44
0.06616422148476,0.0305345654487609,0.0501895473804848,7,37,direct_full,synthetic,44
0.0017909826661588,0.0277531892061233,0.0015625499044822,4,37,direct_full,synthetic,44
9.655916218453964e-05,0.0243062432855367,7.604489012226728e-05,2,37,direct_full,synthetic,44
0.06113310517441,0.0299114417284727,0.047718266072332,7,37,direct_full,synthetic,44
0.0105655985637862,0.0307468269020319,0.0083090968067907,7,37,direct_full,synthetic,44
0.003915876348481,0.0283032711595296,0.0031539330282597,5,37,direct_full,synthetic,44
0.0010297726530974,0.0254361722618341,0.0008144895602068,3,37,direct_full,synthetic,44
0.0004332358895063,0.0232187006622552,0.00036951085261,1,37,direct_full,synthetic,44
0.039746792464688,0.0299449581652879,0.0301115882933543,6,37,direct_full,synthetic,44
0.0047313441895439,0.0291703976690769,0.0032170924416065,5,37,direct_full,synthetic,44
0.0159050626048298,0.0309886392205953,0.0092763794401776,7,37,direct_full,synthetic,44
0.0991818406266299,0.0316366739571094,0.0708943164500361,7,37,direct_full,synthetic,44
0.0013960290667893,0.0264435280114412,0.0011507790773529,4,37,direct_full,synthetic,44
0.0185737912030269,0.0287741646170616,0.0125959553298876,5,37,direct_full,synthetic,44
0.0346464430164297,0.0312029533088207,0.0224136760972187,7,48,direct_full,synthetic,44
0.0005909760520075,0.0236303657293319,0.00053304778344,1,48,direct_full,synthetic,44
0.0134533993151469,0.031564325094223,0.0057032216438688,7,48,direct_full,synthetic,44
0.0011106509038327,0.0256795343011617,0.0009383527831899,3,48,direct_full,synthetic,44
0.0387582295919648,0.0335720665752887,0.0304063850652747,7,48,direct_full,synthetic,44
0.0780096445431246,0.0321623757481575,0.0507184415676937,6,48,direct_full,synthetic,44
0.0228248263627919,0.0263950079679489,0.0069075452958658,2,48,direct_full,synthetic,44
0.0116955519551966,0.0333194658160209,0.0100756918285002,8,48,direct_full,synthetic,44
0.1199990939688967,0.0365875326097011,0.0246920442283971,8,48,direct_full,synthetic,44
0.0345255357989223,0.0302574969828128,0.0208960318079962,8,48,direct_full,synthetic,44
0.0155232898210898,0.0277332216501235,0.0124141012643389,7,48,direct_full,synthetic,44
0.0459847512384929,0.0267570056021213,0.0270467822863562,3,48,direct_full,synthetic,44
0.0148074409396994,0.0323401913046836,0.0127137434835076,7,48,direct_full,synthetic,44
0.0006317726823049,0.0236292649060487,0.0005761728724768,1,48,direct_full,synthetic,44
0.0002545392035082,0.0243737455457448,0.0002258771014655,2,48,direct_full,synthetic,44
0.0077800461458028,0.0240682493895292,0.0064424331023433,1,48,direct_full,synthetic,44
0.0252922010154731,0.0275984853506088,0.0176430878436554,4,48,direct_full,synthetic,44
0.0007593465645057,0.024732457473874,0.0006537885257027,2,48,direct_full,synthetic,44
0.0005597292825275,0.0261898003518581,0.0004066888801017,3,48,direct_full,synthetic,44
8.876314752825909e-05,0.0238929223269224,5.977667355035487e-05,1,48,direct_full,synthetic,44
0.0067599318020038,0.0268709026277065,0.0051672016438592,5,52,direct_full,synthetic,44
0.0009053697472919,0.0249996297061443,0.0005005443033345,1,52,direct_full,synthetic,44
0.0017276471680561,0.0306355077773332,0.0013931376050186,4,52,direct_full,synthetic,44
0.0030572795737641,0.0323319174349308,0.0024824991215498,7,52,direct_full,synthetic,44
0.0054788859435345,0.0260576531291008,0.0037428236052554,4,52,direct_full,synthetic,44
0.0004295770572995,0.0228397697210311,0.0003579485345819,1,52,direct_full,synthetic,44
0.0113300664010291,0.0314068607985973,0.0066169139471069,8,52,direct_full,synthetic,44
0.1138410381846243,0.0252096224576234,0.0744015642649439,2,52,direct_full,synthetic,44
0.05458532205616,0.0361727699637413,0.0370336919861085,8,52,direct_full,synthetic,44
0.042446483848856,0.030349388718605,0.0292181448618725,7,52,direct_full,synthetic,44
7.67680536082338e-05,0.0268428493291139,4.362354725903749e-05,2,52,direct_full,synthetic,44
0.0126625151102127,0.0246309023350477,0.0059591866174985,2,52,direct_full,synthetic,44
0.0023099037606338,0.0227835346013307,0.0019624871532777,1,52,direct_full,synthetic,44
0.0009192112968031,0.0260507073253393,0.0007544466436646,4,52,direct_full,synthetic,44
0.0038193658904476,0.0253355801105499,0.0028350906941803,3,52,direct_full,synthetic,44
0.0012462494798712,0.0270853172987699,0.0008659241562719,4,52,direct_full,synthetic,44
0.0040327326694747,0.0240425132215023,0.0025836165467283,2,52,direct_full,synthetic,44
0.0001989638827465,0.0259886234998703,0.0001801548287697,2,52,direct_full,synthetic,44
0.0188644901693623,0.0333226136863231,0.0116570865324553,7,52,direct_full,synthetic,44
0.0114820873188782,0.0258565880358219,0.0076552235610761,4,52,direct_full,synthetic,44
0.0149231914987915,0.0281953737139701,0.010814328022314,4,66,direct_full,synthetic,44
9.238854958348865e-05,0.0240770373493433,6.984321044950922e-05,1,66,direct_full,synthetic,44
1.0,0.9999632835388184,0.1946214951786797,5,66,direct_full,synthetic,44
0.005744565401655,0.0319982543587684,0.0044192002004438,7,66,direct_full,synthetic,44
0.0002845874171766,0.0264405701309442,0.000201576420661,3,66,direct_full,synthetic,44
1.0,0.4729307889938354,0.5312154403503643,7,66,direct_full,synthetic,44
1.0,0.9999631643295288,0.1942292926281016,3,66,direct_full,synthetic,44
0.0042128894078609,0.0247046090662479,0.0035871785493707,2,66,direct_full,synthetic,44
0.0001141368743875,0.0247899964451789,8.855408467391002e-05,2,66,direct_full,synthetic,44
0.004364568382874,0.0314786061644554,0.0030233425159171,7,66,direct_full,synthetic,44
0.1370087587619922,0.0328453369438648,0.0920072432952543,7,66,direct_full,synthetic,44
0.000358089738236,0.0277877617627382,4.630860490664746e-05,1,66,direct_full,synthetic,44
0.0042005462173221,0.0303621664643287,0.0035997149249687,6,66,direct_full,synthetic,44
0.1573436936994369,0.0289911460131406,0.0968673030081254,4,66,direct_full,synthetic,44
0.1592778906866123,0.0345810651779174,0.0980011165485029,7,66,direct_full,synthetic,44
0.0002167359665852,0.0248753000050783,0.0001765236122154,2,66,direct_full,synthetic,44
0.0052963131486359,0.0249922927469015,0.0038260762813447,2,66,direct_full,synthetic,44
0.0001386353279638,0.0297641828656196,0.0001108383984879,5,66,direct_full,synthetic,44
0.0007044687799051,0.0288295112550258,0.0005480177003929,5,66,direct_full,synthetic,44
8.578300027839436e-05,0.0236016251146793,7.623940754057861e-05,1,66,direct_full,synthetic,44
0.0047393066277986,0.0319566801190376,0.0034735598730559,7,69,direct_full,synthetic,44
0.0088846386998384,0.0253798197954893,0.0074140804794289,2,69,direct_full,synthetic,44
0.0359852108449165,0.029881939291954,0.0288957255579129,7,69,direct_full,synthetic,44
0.0165053680033002,0.032991949468851,0.0117916137595391,7,69,direct_full,synthetic,44
0.0028100430682947,0.026720268651843,0.0022193518568658,3,69,direct_full,synthetic,44
0.0458068477851013,0.0284001249819993,0.0365285489910328,4,69,direct_full,synthetic,44
0.0001572961874007,0.0250910408794879,0.0001306990811596,2,69,direct_full,synthetic,44
0.0037081241360231,0.0322408750653266,0.0028758388080173,8,69,direct_full,synthetic,44
0.0136618154594384,0.0303840246051549,0.0099898147792838,6,69,direct_full,synthetic,44
0.0366399407656918,0.0319857969880104,0.0258358662139867,6,69,direct_full,synthetic,44
0.0636639330191655,0.0291661843657493,0.053369622638841,6,69,direct_full,synthetic,44
0.0013360708518381,0.0270009003579616,0.0011505863567266,5,69,direct_full,synthetic,44
0.0069814034507792,0.027083246037364,0.0041271526897128,2,69,direct_full,synthetic,44
0.0013167461678676,0.0287993010133504,0.0008031888281469,3,69,direct_full,synthetic,44
0.0013097282275292,0.0281902402639389,0.0010484803807988,5,69,direct_full,synthetic,44
6.248873652348053e-05,0.0276556555181741,5.063424294402032e-05,3,69,direct_full,synthetic,44
0.0682846717241065,0.0282395035028457,0.0462781643859421,5,69,direct_full,synthetic,44
0.0050931723048271,0.0284927356988191,0.0037665848394335,5,69,direct_full,synthetic,44
0.0052763975959648,0.0320859178900718,0.0039214624431688,7,69,direct_full,synthetic,44
0.0018163440158281,0.0268496386706829,0.0014905757648887,4,69,direct_full,synthetic,44
0.0002935435869235,0.0261783711612224,0.0002313191748607,4,72,direct_full,synthetic,44
7.29394940753858e-05,0.0256078392267227,5.829608983465554e-05,3,72,direct_full,synthetic,44
0.0001978999267437,0.0255163200199604,0.0001467368263914,2,72,direct_full,synthetic,44
0.0001507152644145,0.0242224149405956,0.0001171509345574,2,72,direct_full,synthetic,44
0.0016794567575851,0.023969117552042,0.0014621632268207,2,72,direct_full,synthetic,44
1.0,0.999996304512024,0.5642580933121855,6,72,direct_full,synthetic,44
0.0003142861231637,0.0304990150034427,0.0002271906939438,4,72,direct_full,synthetic,44
5.298862023095374e-05,0.0226165950298309,4.371052533438243e-05,1,72,direct_full,synthetic,44
0.0006093680895729,0.0237474683672189,0.0004964826214474,2,72,direct_full,synthetic,44
2.9774462469656093e-05,0.0223989970982074,2.398243141034199e-05,1,72,direct_full,synthetic,44
0.0002741159080279,0.0289317611604928,0.0002024594843953,5,72,direct_full,synthetic,44
0.0057284738691402,0.025743531063199,0.0042228390357184,3,72,direct_full,synthetic,44
0.0065440999524976,0.034254290163517,0.0051964719542384,8,72,direct_full,synthetic,44
0.0003395477348815,0.0298084113746881,0.0002296951379383,5,72,direct_full,synthetic,44
0.0006560213357643,0.0265109818428754,0.0005443501524031,4,72,direct_full,synthetic,44
0.0001203607423923,0.0279716253280639,9.720406043863705e-05,4,72,direct_full,synthetic,44
0.000459510357214,0.0291634295135736,0.0004022455022679,6,72,direct_full,synthetic,44
1.983201810662472e-06,0.0224135164171457,1.6518296522615532e-06,1,72,direct_full,synthetic,44
1.0,0.9999964237213136,0.0045738983196117,8,72,direct_full,synthetic,44
0.0031925461090698,0.022891791537404,0.0024620242689775,1,72,direct_full,synthetic,44
0.0001165123518763,0.0240485947579145,9.136535542882628e-05,1,89,direct_full,synthetic,44
0.026543394489278,0.0413188152015209,0.0163520543009599,7,89,direct_full,synthetic,44
0.0416104163988286,0.0351891629397869,0.0275463823481527,6,89,direct_full,synthetic,44
0.0841462302603686,0.0322310402989387,0.0622840271493817,5,89,direct_full,synthetic,44
0.0295498689095125,0.0285620335489511,0.0217423825123843,3,89,direct_full,synthetic,44
0.0330272627248171,0.034692458808422,0.0218865874468862,5,89,direct_full,synthetic,44
0.007601450645434,0.0260658897459507,0.0051153572467148,2,89,direct_full,synthetic,44
0.0184939855558857,0.0381092205643653,0.0127982270631583,8,89,direct_full,synthetic,44
0.0383298458155032,0.0269244369119405,0.0282368798424361,3,89,direct_full,synthetic,44
0.0001071309319417,0.0258605778217315,7.394168571109576e-05,2,89,direct_full,synthetic,44
0.0913894935589439,0.0421526879072189,0.0449441725756184,8,89,direct_full,synthetic,44
1.0,0.9999475479125975,0.003610917385027,2,89,direct_full,synthetic,44
0.0055525335685041,0.0262761805206537,0.0035735058184149,2,89,direct_full,synthetic,44
0.0169559958742685,0.035365991294384,0.0100818505597432,5,89,direct_full,synthetic,44
1.0,0.030127715319395,0.2039328384497564,4,89,direct_full,synthetic,44
0.0419683206783764,0.0269468165934085,0.0327795033271179,3,89,direct_full,synthetic,44
0.0022220713057108,0.0277485325932502,0.0016086492868554,3,89,direct_full,synthetic,44
0.0003235145421324,0.0252293944358825,0.0002607261398909,2,89,direct_full,synthetic,44
0.0306659201765467,0.0260417014360427,0.0232575707516855,2,89,direct_full,synthetic,44
0.0663530599866834,0.0323090702295303,0.0499379854565214,6,89,direct_full,synthetic,44
0.0232500574995685,0.0375944413244724,0.0114093660475718,6,92,direct_full,synthetic,44
0.0044012926388574,0.0321346297860145,0.0011353999814593,1,92,direct_full,synthetic,44
1.0,0.9998251795768738,0.0746019814113655,8,92,direct_full,synthetic,44
0.1411913715215582,0.0462836697697639,0.0560494524918569,8,92,direct_full,synthetic,44
0.0264401087592802,0.0402936562895774,0.0152290622133172,6,92,direct_full,synthetic,44
0.0191564972242682,0.0396911017596721,0.0148429088946113,8,92,direct_full,synthetic,44
0.0140877753082973,0.0268840473145246,0.010668194453717,1,92,direct_full,synthetic,44
0.0509455349435268,0.0388140454888343,0.0378611637373999,5,92,direct_full,synthetic,44
0.0008984207836076,0.030202692374587,0.0006743283063421,3,92,direct_full,synthetic,44
0.1767491283219819,0.0403599329292774,0.0660260139536828,4,92,direct_full,synthetic,44
0.0296941298371224,0.0289305541664361,0.0175834100204107,2,92,direct_full,synthetic,44
0.0128073630156724,0.0317525155842304,0.0051909468439292,4,92,direct_full,synthetic,44
0.0004364796732787,0.0286492984741926,0.0003032456281548,2,92,direct_full,synthetic,44
0.0213526911411942,0.0330068469047546,0.0145585839202532,3,92,direct_full,synthetic,44
0.1797055318038108,0.0408396162092685,0.1165160845714301,7,92,direct_full,synthetic,44
0.0836509514686976,0.0391444526612758,0.0607310380566928,6,92,direct_full,synthetic,44
0.1838508969119746,0.0406139455735683,0.1204842963356848,8,92,direct_full,synthetic,44
0.0284981056100147,0.0317306853830814,0.0163786840667497,3,92,direct_full,synthetic,44
0.0006576025246852,0.0331994295120239,0.000372289200707,2,92,direct_full,synthetic,44
1.0,0.9998210072517396,0.0147934622248194,2,92,direct_full,synthetic,44
0.0330450214879095,0.0399099811911582,0.0219223581153162,6,95,direct_full,synthetic,44
0.0696645838032155,0.0821180567145347,0.0293170044478608,3,95,direct_full,synthetic,44
0.0273203566484767,0.0371565073728561,0.0189160042823595,4,95,direct_full,synthetic,44
0.0256739805046821,0.081584133207798,0.0137687022556518,8,95,direct_full,synthetic,44
0.0371112449392035,0.0433709099888801,0.0236310674529303,6,95,direct_full,synthetic,44
0.0132942698128974,0.0327093824744224,0.0095004284882204,4,95,direct_full,synthetic,44
0.0021401304778781,0.0335637219250202,0.0011970823106364,3,95,direct_full,synthetic,44
0.0546334358845891,0.0263927541673183,0.0366273441641081,1,95,direct_full,synthetic,44
0.0397507988513488,0.0531874001026153,0.0225594135982231,8,95,direct_full,synthetic,44
0.0012769164334339,0.0281808823347091,0.000930454542695,3,95,direct_full,synthetic,44
0.0741986897628516,0.0594548135995864,0.0489429335781411,8,95,direct_full,synthetic,44
0.0101098059883389,0.0381733439862728,0.0072088875125047,5,95,direct_full,synthetic,44
0.0017317483904087,0.0269898902624845,0.0012983703222082,2,95,direct_full,synthetic,44
0.0138380661994688,0.0463201105594635,0.0087396016655262,8,95,direct_full,synthetic,44
0.0369436209646246,0.0373460724949836,0.0205661093996886,5,95,direct_full,synthetic,44
0.0530640351492188,0.039964236319065,0.0154889499078006,5,95,direct_full,synthetic,44
0.0205386310765188,0.0403653569519519,0.0141348645272073,6,95,direct_full,synthetic,44
0.0755942044487828,0.0450112894177436,0.0545517685859879,7,95,direct_full,synthetic,44
0.000144151876293,0.0260893404483795,4.987168747626148e-05,1,95,direct_full,synthetic,44
1.0,0.0516502559185028,0.2651047117456321,7,95,direct_full,synthetic,44
1.0,0.9999758005142212,0.0234714173735892,3,1000044,direct_full,osm,44
0.0001716949567865,0.0242295786738395,5.666731846648942e-05,1,1000044,direct_full,osm,44
1.0,0.999933123588562,0.0067369733360831,7,1000044,direct_full,osm,44
1.0,0.9996681213378906,0.0060137193920498,7,1000044,direct_full,osm,44
1.0,0.9998892545700072,0.0107182894565362,8,1000044,direct_full,osm,44
0.0019659327934301,0.0240710712969303,0.0008064885563901,1,1000044,direct_full,osm,44
1.0,0.997724711894989,3.960895852620724e-05,1,1000044,direct_full,osm,44
1.0,0.9998867511749268,0.0041344699838886,8,1000044,direct_full,osm,44
1.0,0.9998501539230348,5.786182216464412e-07,1,1000044,direct_full,osm,44
1.0,0.9999736547470092,0.0600752026054483,7,1000044,direct_full,osm,44
0.3710378531657171,0.0290754474699497,0.0029073855427568,4,1000044,direct_full,osm,44
0.0445689418098169,0.0331222042441368,0.0128440107971133,7,1000044,direct_full,osm,44
1.0,0.9999759197235109,0.00187995762902,4,1000044,direct_full,osm,44
1.0,0.999024510383606,0.026576479651125,6,1000044,direct_full,osm,44
0.0010920979520352,0.0242280326783657,0.0001175967836668,1,1000044,direct_full,osm,44
1.0,0.999825656414032,0.0052664691705299,6,1000044,direct_full,osm,44
1.0,0.057569034397602,0.0267605866067746,3,1000044,direct_full,osm,44
1.0,0.0308650024235248,0.1085218041382419,6,1000044,direct_full,osm,44
1.0,0.9999340772628784,0.037294624585751,5,1000044,direct_full,osm,44
1.0,0.9999765157699584,0.0003624420954673,3,1000044,direct_full,osm,44
1.0,0.9959114789962769,0.0043848069665365,5,1000044,direct_full,osm,44
1.0,0.9999326467514038,0.0017568295253641,4,1000044,direct_full,osm,44
4.2850968628993513e-07,0.0245375502854585,4.302574940521651e-08,1,1000044,direct_full,osm,44
0.0606931943503407,0.0276923198252916,0.0277618588901018,4,1000044,direct_full,osm,44
0.0227868206169025,0.0267163012176752,0.0074978807791647,3,1000044,direct_full,osm,44
1.0,0.9999347925186156,0.0381416062974248,5,1000044,direct_full,osm,44
0.0097717837153082,0.0290101766586303,0.0035338116776244,5,1000044,direct_full,osm,44
1.0,0.9999853372573853,0.0061989050526037,6,1000044,direct_full,osm,44
1.0,0.9999090433120728,0.0071845394627922,5,1000044,direct_full,osm,44
0.0315956912312761,0.0304054114967584,0.0084965604805979,6,1000044,direct_full,osm,44
1.0,0.999964475631714,0.0022845745550185,5,1000044,direct_full,osm,44
1.0,0.9999349117279052,0.0083945756358975,7,1000044,direct_full,osm,44
1.0,0.9999243021011353,0.068882702413508,8,1000044,direct_full,osm,44
0.0016322296865668,0.0242279730737209,0.0002955131087185,1,1000044,direct_full,osm,44
0.0079413628627611,0.0256613940000534,0.0032775714924163,2,1000044,direct_full,osm,44
0.0941750110402938,0.0312962345778942,0.0094359806757084,6,1000044,direct_full,osm,44
0.0045436900916671,0.0255248639732599,0.0013062305952291,2,1000044,direct_full,osm,44
1.0,0.9999105930328368,0.0254047360611354,7,1000044,direct_full,osm,44
1.0,0.9999760389328004,0.077402345753214,8,1000044,direct_full,osm,44
0.2084994243418515,0.025190906599164,0.005093809724849,2,1000044,direct_full,osm,44
1.0,0.9999302625656128,0.0001810068207116,2,1000044,direct_full,osm,44
1.0,0.999940037727356,0.0211067705205847,6,1000044,direct_full,osm,44
8.789862631242151e-05,0.0242354478687047,3.398213623172969e-05,1,1000044,direct_full,osm,44
1.0,0.9935387969017028,0.0019154953583394,3,1000044,direct_full,osm,44
0.0010920979520352,0.0242280326783657,0.0001175967836668,1,1000044,direct_full,osm,44
0.0166351930825962,0.0240847244858741,0.0023734672140635,1,1000044,direct_full,osm,44
1.0,0.9995061159133912,0.024621534513837,8,1000044,direct_full,osm,44
0.0017619030098989,0.0242332983762025,0.0009066869569207,1,1000044,direct_full,osm,44
0.5524918987915317,0.0303719379007816,0.0427900233594586,5,1000044,direct_full,osm,44
1.0,0.9998250603675842,0.1595933366986293,5,1000044,direct_full,osm,44
0.07473245872305,0.0283410400152206,0.0061823719221414,4,1000044,direct_full,osm,44
1.0,0.9999144077301024,0.0156545088913177,6,1000044,direct_full,osm,44
1.0,0.9998531341552734,0.0010358889199263,4,1000044,direct_full,osm,44
0.0092155576622779,0.0239852368831634,0.0054275564278332,1,1000044,direct_full,osm,44
1.6479169628880189e-07,0.0242506116628646,1.9032713036455776e-08,1,1000044,direct_full,osm,44
1.0,0.9999858140945436,0.0029353796216062,4,1000044,direct_full,osm,44
1.0,0.9997437596321106,0.0098791965860451,5,1000044,direct_full,osm,44
0.0124934993621351,0.0250310227274894,0.0061061444638218,2,1000044,direct_full,osm,44
1.0,0.086085096001625,0.0932801314333404,7,1000044,direct_full,osm,44
1.6479169628880189e-07,0.0242506116628646,1.9032713036455776e-08,1,1000044,direct_full,osm,44
1.0,0.9999328851699828,0.0041741511621613,7,1000044,direct_full,osm,44
1.0,0.9997441172599792,0.006085945555436,7,1000044,direct_full,osm,44
1.0,0.999669909477234,0.0476347223321151,6,1000044,direct_full,osm,44
0.0139954302149997,0.0268952343612909,0.0024451969969281,3,1000044,direct_full,osm,44
1.0,0.9999760389328004,0.0098195350895655,6,1000044,direct_full,osm,44
1.0,0.9999635219573976,0.0204375918146604,5,1000044,direct_full,osm,44
1.0,0.9998581409454346,0.006652212109892,3,1000044,direct_full,osm,44
0.0143765372573222,0.0250534527003765,0.0064444873483341,2,1000044,direct_full,osm,44
0.0004136840150587,0.0240739006549119,0.0001223936329238,1,1000044,direct_full,osm,44
1.0,0.9999324083328248,0.0173065085629518,2,1000044,direct_full,osm,44
1.0,0.999963641166687,0.021549989488415,5,1000044,direct_full,osm,44
0.0322506481427068,0.0250863060355186,0.0128168105918121,2,1000044,direct_full,osm,44
0.0765778665250288,0.0307374745607376,0.0254872212677191,6,1000044,direct_full,osm,44
1.0,0.9999735355377196,0.0068604861608963,4,1000044,direct_full,osm,44
0.7325338534393651,0.031770221889019,0.0222323589039519,7,1000044,direct_full,osm,44
1.0,0.999893069267273,0.0001117898229597,3,1000044,direct_full,osm,44
1.0,0.9999854564666748,0.0015313849188289,3,1000044,direct_full,osm,44
1.0,0.9999736547470092,0.017672696582551,7,1000044,direct_full,osm,44
1.0,0.9998947381973268,0.0105665826043581,7,1000044,direct_full,osm,44
0.7140626958733214,0.0295851659029722,0.0251040857440646,5,1000044,direct_full,osm,44
1.0,0.9996724128723145,0.0255351948034872,8,1000044,direct_full,osm,44
1.0,0.999908685684204,0.0017344973093285,3,1000044,direct_full,osm,44
1.0,0.999969482421875,0.0051436318590604,4,1000044,direct_full,osm,44
1.0,0.9978454113006592,0.026621947197463,8,1000044,direct_full,osm,44
1.0,0.0321843959391117,0.0100091079126017,7,1000044,direct_full,osm,44
9.109555572539564e-06,0.0240812338888645,2.341136901662052e-06,1,1000044,direct_full,osm,44
1.0,0.9999648332595824,0.0203107241876927,8,1000044,direct_full,osm,44
7.929182252586209e-05,0.0253885257989168,9.297725707060942e-06,2,1000044,direct_full,osm,44
1.0,0.9998244643211364,0.0153031644987828,4,1000044,direct_full,osm,44
1.0,0.999969720840454,0.0043225832207278,8,1000044,direct_full,osm,44
1.0,0.9999306201934814,0.126052170964535,5,1000044,direct_full,osm,44
0.0837532366880159,0.0289265029132366,0.0110558238945023,4,1000044,direct_full,osm,44
1.0,0.9999855756759644,0.0011923447085623,6,1000044,direct_full,osm,44
1.0,0.0321331992745399,0.0530494011330223,7,1000044,direct_full,osm,44
0.0237038213499545,0.0265979394316673,0.0120969745431319,3,1000044,direct_full,osm,44
1.0,0.9999701976776124,0.0024132921535254,5,1000044,direct_full,osm,44
0.066737094166864,0.0264574028551578,0.0276740726271437,3,1000044,direct_full,osm,44
0.6619962552306057,0.0294853020459413,0.0583613300073692,5,1000044,direct_full,osm,44
0.0439853758719487,0.0242219530045986,0.0009390340247119,1,1000044,direct_full,osm,44
1.0,0.9998252987861632,0.0223285399689025,5,1000044,direct_full,osm,44
0.0105368016870737,0.0313995592296123,0.0022838927098698,6,1000044,direct_full,osm,44
1.0,0.9971652626991272,0.0116639670207001,7,1000044,direct_full,osm,44
1.0,0.9998514652252196,0.0558087440400543,7,1000044,direct_full,osm,44
1.0,0.9998592138290404,0.1271914421732632,7,1000044,direct_full,osm,44
0.0028561911537604,0.0300507750362157,0.0006273231810718,5,1000044,direct_full,osm,44
1.0,0.9999306201934814,0.0120147092203756,5,1000044,direct_full,osm,44
1.0,0.999897599220276,0.0644218534967718,8,1000044,direct_full,osm,44
1.0,0.99911767244339,0.0509280637110713,7,1000044,direct_full,osm,44
1.0,0.9999346733093262,0.0050287304388472,5,1000044,direct_full,osm,44
0.7171116386683243,0.032431237399578,0.0988335772659802,7,1000044,direct_full,osm,44
1.0,0.9997431635856628,0.0141390650593391,4,1000044,direct_full,osm,44
1.0,0.9999343156814576,0.0129380744444707,7,1000044,direct_full,osm,44
1.0,0.9999701976776124,0.0274210969820131,8,1000044,direct_full,osm,44
1.0,0.9999110698699952,0.0001456331509466,2,1000044,direct_full,osm,44
1.4980872716785498e-06,0.0242482479661703,7.484800018106969e-07,1,1000044,direct_full,osm,44
1.0,0.9977501034736632,0.0350626883186051,8,1000044,direct_full,osm,44
0.0649435044251157,0.0307731609791517,0.0041547625713387,6,1000044,direct_full,osm,44
0.0180148878035316,0.0288708060979843,0.0018206238193398,4,1000044,direct_full,osm,44
1.0,0.9999732971191406,0.0045613818970006,6,1000044,direct_full,osm,44
1.0,0.999744951725006,0.0033262652815984,8,1000044,direct_full,osm,44
1.0,0.9998860359191896,0.0403001071793949,8,1000044,direct_full,osm,44
0.0150562464905297,0.0281560402363538,0.005872510447355,4,1000044,direct_full,osm,44
0.067788452120565,0.0273318830877542,0.0051643359318278,4,1000044,direct_full,osm,44
1.0,0.999022364616394,0.0202250875013103,6,1000044,direct_full,osm,44
1.0,0.9998931884765624,0.0015210425230103,3,1000044,direct_full,osm,44
0.0441072139217999,0.0271631777286529,0.0075492799904539,3,1000044,direct_full,osm,44
0.028103895703921,0.0298925153911113,0.0089521123257409,6,1000044,direct_full,osm,44
0.6047515647979154,0.0341729521751403,0.0545734740808808,8,1000044,direct_full,osm,44
1.0,0.9990234375,0.0126779132849976,7,1000044,direct_full,osm,44
1.0,0.999744951725006,0.0824167083186099,8,1000044,direct_full,osm,44
0.0299256522498693,0.0293985418975353,0.0049444886584703,5,1000044,direct_full,osm,44
5.261118113808472e-05,0.0253823902457952,2.1698968692170543e-05,2,1000044,direct_full,osm,44
0.0572145278410021,0.0285017844289541,0.0060716435932855,4,1000044,direct_full,osm,44
1.0,0.9999351501464844,0.0054712351603303,7,1000044,direct_full,osm,44
1.0,0.9999761581420898,0.0331144505099984,7,1000044,direct_full,osm,44
1.0,0.999969720840454,0.0102825774215841,8,1000044,direct_full,osm,44
0.0386330569944207,0.0277639999985694,0.0142834765437296,4,1000044,direct_full,osm,44
1.0,0.9999735355377196,0.0072458204948092,8,1000044,direct_full,osm,44
0.0014849951241101,0.0253465790301561,0.0008080303353836,2,1000044,direct_full,osm,44
0.5486956117225608,0.0281087011098861,0.0876989743031075,4,1000044,direct_full,osm,44
0.71396432319492,0.030313367024064,0.0310100935555553,6,1000044,direct_full,osm,44
0.0497468579866181,0.0283220261335372,0.005696173625519,4,1000044,direct_full,osm,44
1.0,0.0324133522808551,0.0261572724966134,7,1000044,direct_full,osm,44
1.0,0.9998931884765624,0.0058050698904059,3,1000044,direct_full,osm,44
0.0298743059619961,0.025955855846405,0.0119258429406072,3,1000044,direct_full,osm,44
0.036843850402639,0.0269022583961486,0.0166639227072512,3,1000044,direct_full,osm,44
1.0,0.999963641166687,0.0017969837612904,4,1000044,direct_full,osm,44
1.0,0.9998302459716796,0.0190447468248688,6,1000044,direct_full,osm,44
0.0023469469194238,0.0242227707058191,0.0005726871095709,1,1000044,direct_full,osm,44
1.0,0.9971581697463988,0.0031638983213276,5,1000044,direct_full,osm,44
0.7190131101798171,0.0420623607933521,0.0754448150970902,6,1000044,direct_full,osm,44
0.0411757262533644,0.0360179096460342,0.0024491363495153,3,1000044,direct_full,osm,44
5.231218480616917e-07,0.0240590889006853,7.556975553316369e-08,1,1000044,direct_full,osm,44
0.3989356396615855,0.0343154519796371,0.0212917792760727,8,1000044,direct_full,osm,44
0.0223977997638685,0.0252065658569335,0.005819152642431,2,1000044,direct_full,osm,44
0.0084603562677858,0.0269231125712394,0.0007503361647601,3,1000044,direct_full,osm,44
0.0004136840150587,0.0240739006549119,0.0001223936329238,1,1000044,direct_full,osm,44
1.0,0.9966642260551452,0.0058701965295073,7,1000044,direct_full,osm,44
1.0,0.9999089241027832,0.0378371183630558,4,1000044,direct_full,osm,44
0.0065307499742126,0.0285219606012105,0.0032746869486356,4,1000044,direct_full,osm,44
1.0,0.9999439716339112,0.0409726621581297,8,1000044,direct_full,osm,44
1.0,0.999936580657959,0.0186204616202126,5,1000044,direct_full,osm,44
1.0,0.9999271631240844,0.0855638589835597,8,1000044,direct_full,osm,44
1.0,0.9995028972625732,0.0382672189603988,3,1000044,direct_full,osm,44
0.0034326043787163,0.0242464262992143,7.238910815419074e-05,1,1000044,direct_full,osm,44
0.0014793538406324,0.0242220424115657,0.0008061845796841,1,1000044,direct_full,osm,44
0.0806469602723195,0.026694169268012,0.0173895859123511,3,1000044,direct_full,osm,44
0.1190218496019753,0.0266959611326456,0.0693247070642945,3,1000044,direct_full,osm,44
0.0015914876845078,0.0240911860018968,0.0005336808953679,1,1000044,direct_full,osm,44
1.0,0.9999330043792723,0.0443370451627006,7,1000044,direct_full,osm,44
1.0,0.9999855756759644,0.0092543352904235,8,1000044,direct_full,osm,44
1.0,0.9999730587005616,0.0049578720038258,7,1000044,direct_full,osm,44
0.0004202653952853,0.0238538477569818,0.0001426537759806,1,1000044,direct_full,osm,44
1.0,0.9999760389328004,0.0269569571753012,7,1000044,direct_full,osm,44
0.5282285874704613,0.0330682657659053,0.090999035117794,7,1000044,direct_full,osm,44
4.454455535207735e-06,0.0240871962159872,7.268692596057147e-07,1,1000044,direct_full,osm,44
1.0,0.9990285634994508,0.0266259129179417,8,1000044,direct_full,osm,44
0.5537384163423344,0.0283547528088092,0.1276690311995116,2,1000044,direct_full,osm,44
0.0017572090332144,0.0246574748307466,0.0009129814454808,2,1000044,direct_full,osm,44
1.0,0.1788814812898636,0.0098182452671994,7,1000044,direct_full,osm,44
0.0083903090665662,0.0253652818500995,0.0035063677745646,2,1000044,direct_full,osm,44
0.0004635321577418,0.0520765446126461,8.949204893421247e-06,1,1000044,direct_full,osm,44
0.0526369345557095,0.0251230858266353,0.0035617439752814,2,1000044,direct_full,osm,44
0.3771441806438871,0.0346136353909969,0.0048145953324626,8,1000044,direct_full,osm,44
1.0,0.999976396560669,0.011837601464334,5,1000044,direct_full,osm,44
0.5379276160179054,0.0269376523792743,0.1214078952343811,3,1000044,direct_full,osm,44
1.0,0.9998854398727416,0.0152555377846794,5,1000044,direct_full,osm,44
1.0,0.9999401569366456,0.0197399218157493,6,1000044,direct_full,osm,44
0.0484300288991857,0.0252562686800956,0.0153625274382632,2,1000044,direct_full,osm,44
1.0,0.9998989105224608,0.0037200501863036,8,1000044,direct_full,osm,44
1.0,0.9999327659606934,0.0060556274437649,5,1000044,direct_full,osm,44
1.0,0.999987006187439,0.0381953938102231,6,1000044,direct_full,osm,44
1.0,0.9999234676361084,0.0008125567593217,4,1000044,direct_full,osm,44
1.0,0.99988853931427,0.0102686253705336,7,1000044,direct_full,osm,44
0.034034217618444,0.0240736044943332,0.0164497554056014,1,1000044,direct_full,osm,44
0.080236593501053,0.0242335256189107,0.0173046421704983,1,1000044,direct_full,osm,44
0.0079617887145799,0.0253703854978084,0.0043087729115212,2,1000044,direct_full,osm,44
1.0,0.9999855756759644,0.0030653636459223,8,1000044,direct_full,osm,44
1.0,0.9999406337738036,0.0360668327624576,8,1000044,direct_full,osm,44
0.0513987480761428,0.031038761138916,0.0221164352008959,6,1000044,direct_full,osm,44
1.0,0.99993097782135,0.0170145018662223,8,1000044,direct_full,osm,44
0.0077353340835376,0.0279296934604644,0.0028407272096772,4,1000044,direct_full,osm,44
1.0,0.9959190487861632,0.015008267433257,6,1000044,direct_full,osm,44
1.0,0.9999089241027832,0.0106254977353321,5,1000044,direct_full,osm,44
1.0,0.9996683597564696,0.0288445622755456,3,1000044,direct_full,osm,44
1.0,0.9966263771057128,0.0005472233331943,1,1000044,direct_full,osm,44
0.0447022954506715,0.02991159632802,0.0049750996554433,5,1000044,direct_full,osm,44
1.0,0.9999860525131226,0.0213837963823254,8,1000044,direct_full,osm,44
1.0,0.9998931884765624,0.0110932685645154,3,1000044,direct_full,osm,44
0.0179616703072531,0.0264686308801174,0.0016012001042273,3,1000044,direct_full,osm,44
0.1392051277514289,0.0303478147834539,0.0687075231451585,6,1000044,direct_full,osm,44
1.0,0.9999858140945436,0.0010293317805619,8,1000044,direct_full,osm,44
0.0088184490951347,0.0268996488302946,0.0013423044346499,3,1000044,direct_full,osm,44
0.0576992012128467,0.0245312787592411,0.0064048869690984,1,1000044,direct_full,osm,44
1.0,0.0317872129380703,0.0254410978367688,6,1000044,direct_full,osm,44
0.0002655206686891,0.0242367666214704,4.312304558535238e-05,1,1000044,direct_full,osm,44
0.0464273786111556,0.0669639334082603,0.0069061911456267,6,1000044,direct_full,osm,44
1.0,0.9999743700027466,0.0086904502155723,7,1000044,direct_full,osm,44
0.0113290065751494,0.0287010353058576,0.0006196473181674,4,1000044,direct_full,osm,44
5.668349583043408e-07,0.0239268466830253,1.204531189069133e-07,1,1000044,direct_full,osm,44
0.0002655206686891,0.0242367666214704,4.312304558535238e-05,1,1000044,direct_full,osm,44
1.0,0.999969720840454,0.0391992982415964,8,1000044,direct_full,osm,44
0.0083854407304756,0.0265282876789569,0.0024102790720142,3,1000044,direct_full,osm,44
1.0,0.9999768733978271,0.0036597229117434,7,1000044,direct_full,osm,44
1.0,0.9999737739562988,0.0069546070336199,8,1000044,direct_full,osm,44
1.0,0.997724711894989,3.960895852620724e-05,1,1000044,direct_full,osm,44
0.5510605461514919,0.0256651379168033,0.0421986938519605,2,1000044,direct_full,osm,44
1.0,0.996632158756256,0.0005684296866787,2,1000044,direct_full,osm,44
1.0,0.999896764755249,0.0135081512093705,7,1000044,direct_full,osm,44
1.0,0.9999271631240844,0.0057437987976525,8,1000044,direct_full,osm,44
1.0,0.9999853372573853,0.0006879197919481,3,1000044,direct_full,osm,44
0.0965583503489984,0.0270215980708599,0.0068874387687005,3,1000044,direct_full,osm,44
0.0123997879684807,0.0276107210665941,0.0036619860525081,4,1000044,direct_full,osm,44
0.0416801278095212,0.0315841473639011,0.006048116252903,6,1000044,direct_full,osm,44
0.0259882399433281,0.024235175922513,0.0152901136412818,1,1000044,direct_full,osm,44
0.000141887503921,0.0242351237684488,5.934105085458177e-05,1,1000044,direct_full,osm,44
0.0065167587977461,0.0258378367871046,0.0015386895711308,2,1000044,direct_full,osm,44
0.0010806962141624,0.0245418697595596,0.0003816159156833,1,1000044,direct_full,osm,44
1.0,0.9999735355377196,0.0048101859639366,3,1000044,direct_full,osm,44
1.0,0.9999730587005616,0.01028094759515,7,1000044,direct_full,osm,44
1.0,0.9999401569366456,0.0035068965144844,6,1000044,direct_full,osm,44
1.0,0.999969720840454,0.0319763679637807,8,1000044,direct_full,osm,44
1.0,0.999018669128418,0.0026463989554349,4,1000044,direct_full,osm,44
1.0,0.0344179160892963,0.0062087262147736,8,1000044,direct_full,osm,44
0.3762352529293631,0.0293647143989801,0.0100946432918656,5,1000044,direct_full,osm,44
1.0,0.9998587369918824,0.0247838663607789,6,1000044,direct_full,osm,44
1.0,0.9999730587005616,0.0105665266945538,7,1000044,direct_full,osm,44
0.0171590730366706,0.0668061897158622,0.0005704974403278,4,1000044,direct_full,osm,44
1.0,0.9999637603759766,0.0041420809914276,7,1000044,direct_full,osm,44
1.0,0.999975562095642,0.0176118262444121,8,1000044,direct_full,osm,44
1.0,0.999934196472168,0.006462318130441,6,1000044,direct_full,osm,44
1.0,0.0310391727834939,0.0197431584484085,6,1000044,direct_full,osm,44
1.0,0.999963879585266,0.0311275958003836,8,1000044,direct_full,osm,44
1.0,0.9999735355377196,0.004313343154027,4,1000044,direct_full,osm,44
1.0,0.999942183494568,0.0046675861908483,7,1000044,direct_full,osm,44
1.0,0.9998513460159302,0.0584647738677277,6,1000044,direct_full,osm,44
1.0,0.9999122619628906,0.0069857096556827,6,1000044,direct_full,osm,44
0.0047250891623691,0.0253443773835897,0.001429553271279,2,1000044,direct_full,osm,44
0.0409872526587395,0.0258528664708137,0.0029899374769463,2,1000044,direct_full,osm,44
1.0,0.0327986180782318,0.0771619227700605,7,1000044,direct_full,osm,44
1.0,0.9999873638153076,0.0190874210884235,8,1000044,direct_full,osm,44
0.0241430113892475,0.0300259925425052,0.0073352148400404,5,1000044,direct_full,osm,44
1.0,0.999115526676178,0.0248776263076356,6,1000044,direct_full,osm,44
1.0,0.9990240335464478,0.0027991687910133,6,1000044,direct_full,osm,44
0.0089924359924619,0.0292517784982919,0.0018916845684153,5,1000044,direct_full,osm,44
0.5272788262812739,0.0245174467563629,0.0816370471532142,1,1000044,direct_full,osm,44
1.0,0.9999637603759766,0.0220910707813855,8,1000044,direct_full,osm,44
0.0313054429116659,0.0337468683719635,0.0152030917924254,8,1000044,direct_full,osm,44
1.0,0.9971548318862916,0.0184842192615064,4,1000044,direct_full,osm,44
0.0063724567833126,0.0248549692332744,0.0007691835163394,1,1000044,direct_full,osm,44
0.0025273543845475,0.0255268197506666,0.0008999561929659,2,1000044,direct_full,osm,44
1.0,0.999129593372345,0.0016146956666515,5,1000044,direct_full,osm,44
0.0034342551911604,0.0253702048212289,7.307882011490864e-05,2,1000044,direct_full,osm,44
1.0,0.999943733215332,0.0568516971976501,6,1000044,direct_full,osm,44
1.0,0.9958970546722412,0.0061650084670506,3,1000044,direct_full,osm,44
1.0,0.999986171722412,0.0642825574944086,8,1000044,direct_full,osm,44
0.0027658798932674,0.0252143703401088,0.001533906503961,2,1000044,direct_full,osm,44
0.3526869303701904,0.0294186230748891,0.0065275213461941,4,1000044,direct_full,osm,44
1.0,0.999116599559784,0.1629542593466986,6,1000044,direct_full,osm,44
1.0,0.9999337196350098,1.8890188354178791e-06,1,1000044,direct_full,osm,44
1.0,0.9996684789657592,0.000181161690947,3,1000044,direct_full,osm,44
1.0,0.9999339580535888,0.0056800547095954,4,1000044,direct_full,osm,44
0.0019659327934301,0.0240710712969303,0.0008064885563901,1,1000044,direct_full,osm,44
5.231218480616917e-07,0.0240590889006853,7.556975553316369e-08,1,1000044,direct_full,osm,44
1.0,0.9999401569366456,0.01165412705226,6,1000044,direct_full,osm,44
1.0,0.9991114735603333,0.0073374755246606,3,1000044,direct_full,osm,44
1.0,0.9999759197235109,0.0173947853666518,4,1000044,direct_full,osm,44
1.0,0.999669313430786,0.0042735109771315,5,1000044,direct_full,osm,44
1.0,0.0307502634823322,0.0379398309486162,6,1000044,direct_full,osm,44
1.0,0.9999343156814576,0.0045976547260952,6,1000044,direct_full,osm,44
0.0141884722042651,0.03675277531147,0.0017184998464551,3,1000044,direct_full,osm,44
0.7125709717080598,0.0275647733360528,0.023071215040526,3,1000044,direct_full,osm,44
0.0771199796248806,0.0283007137477397,0.0116392076150272,4,1000044,direct_full,osm,44
0.1761242643839502,0.0255222972482442,0.0858157531445409,2,1000044,direct_full,osm,44
1.0,0.9999397993087769,4.496373762341848e-06,2,1000044,direct_full,osm,44
1.0,0.999969482421875,0.0001260893558682,3,1000044,direct_full,osm,44
0.0144072054858217,0.0267216768115758,0.0066665823748437,3,1000044,direct_full,osm,44
0.0315556027889315,0.0240830946713686,0.0151381113040719,1,1000044,direct_full,osm,44
0.007162264848995,0.0550641827285289,0.0016588375441957,5,1000044,direct_full,osm,44
1.0,0.999909281730652,0.0040936923552559,6,1000044,direct_full,osm,44
0.0325025981565305,0.0566719733178615,0.0180672941330772,5,1,direct_no_fiedler,synthetic,44
0.040507291559675,0.0604711771011352,0.0313881700809894,6,1,direct_no_fiedler,synthetic,44
0.1115941849321158,0.0534808225929737,0.0656368311503461,4,1,direct_no_fiedler,synthetic,44
7.1486093109141e-05,0.0419940240681171,3.615081281667517e-05,1,1,direct_no_fiedler,synthetic,44
0.0693323520132321,0.0557202100753784,0.0362017875307305,5,1,direct_no_fiedler,synthetic,44
0.0606053891304213,0.0668293610215187,0.0400337036502012,7,1,direct_no_fiedler,synthetic,44
0.0014134689698009,0.0409406945109367,0.0007763059278198,1,1,direct_no_fiedler,synthetic,44
0.0633027703744802,0.0797451734542846,0.0404595481757294,8,1,direct_no_fiedler,synthetic,44
0.0170917715425162,0.0577035509049892,0.0114496174174377,5,1,direct_no_fiedler,synthetic,44
0.1103809306680153,0.0556942000985145,0.0684504262410524,5,1,direct_no_fiedler,synthetic,44
0.010073228370489,0.0659999996423721,0.0073641839501041,7,1,direct_no_fiedler,synthetic,44
0.001102533829945,0.0477129146456718,0.000784003688799,2,1,direct_no_fiedler,synthetic,44
0.0265983544992314,0.0695493146777153,0.0186580767362411,8,1,direct_no_fiedler,synthetic,44
0.0970921579570055,0.0457887612283229,0.0538955921433695,2,1,direct_no_fiedler,synthetic,44
0.0885549772048137,0.0645648315548896,0.0622788159688681,6,1,direct_no_fiedler,synthetic,44
0.0042374828351513,0.0643272623419761,0.0032333887454498,7,1,direct_no_fiedler,synthetic,44
0.0124915231254383,0.0587763078510761,0.0101968860593391,6,1,direct_no_fiedler,synthetic,44
0.0004694634590299,0.0413152612745761,0.0002371852757084,1,1,direct_no_fiedler,synthetic,44
0.0340729044107996,0.0631404966115951,0.0259910710698571,6,1,direct_no_fiedler,synthetic,44
0.0261529755366596,0.056155402213335,0.0167661302790405,5,1,direct_no_fiedler,synthetic,44
0.0843221582479338,0.0599379055202007,0.0604918906273414,7,3,direct_no_fiedler,synthetic,44
0.1668789359058043,0.2435441613197326,0.0181240193122098,5,3,direct_no_fiedler,synthetic,44
0.0022629856742018,0.0681441277265548,0.0011301412922383,5,3,direct_no_fiedler,synthetic,44
0.0002358229579653,0.0411241576075553,0.0001782904536365,1,3,direct_no_fiedler,synthetic,44
0.003184018977008,0.0461621209979057,0.0027107826928779,3,3,direct_no_fiedler,synthetic,44
0.2377813616375179,0.0722720399498939,0.145636167432901,8,3,direct_no_fiedler,synthetic,44
0.0627837583334421,0.0639577507972717,0.0486316704437932,6,3,direct_no_fiedler,synthetic,44
0.005678582939377,0.0474098026752471,0.0047600121284234,3,3,direct_no_fiedler,synthetic,44
0.1458641124256173,0.0575362294912338,0.0927189503853888,5,3,direct_no_fiedler,synthetic,44
0.1365295432534916,0.077209323644638,0.1009933754591185,7,3,direct_no_fiedler,synthetic,44
0.0773743610299974,0.0412655994296073,0.0556614396036629,1,3,direct_no_fiedler,synthetic,44
0.0754452334110482,0.0648492127656936,0.0625842255768178,8,3,direct_no_fiedler,synthetic,44
0.1828270585836763,0.0485160611569881,0.0897084621472985,3,3,direct_no_fiedler,synthetic,44
0.0016283179605242,0.0454130284488201,0.0012293664467407,2,3,direct_no_fiedler,synthetic,44
0.1543459804115963,0.0639770701527595,0.0999155167547801,8,3,direct_no_fiedler,synthetic,44
0.0137771602161714,0.066751092672348,0.010050708780793,8,3,direct_no_fiedler,synthetic,44
0.0052747907796971,0.0459366776049137,0.0032341637700548,2,3,direct_no_fiedler,synthetic,44
0.0869851895693872,0.0640051588416099,0.0717712757942508,8,3,direct_no_fiedler,synthetic,44
0.0046262863309802,0.0558308288455009,0.0034476196675705,5,3,direct_no_fiedler,synthetic,44
0.0068595916184311,0.0529338382184505,0.0055989037720349,5,3,direct_no_fiedler,synthetic,44
0.0013947331414116,0.0440983772277832,0.0012109529186825,3,12,direct_no_fiedler,synthetic,44
0.0015105894144475,0.0415996760129928,0.0012635446447439,2,12,direct_no_fiedler,synthetic,44
0.0024258278812168,0.0493623577058315,0.0018505298818219,6,12,direct_no_fiedler,synthetic,44
0.0069172442538583,0.0465102046728134,0.0053693410908002,5,12,direct_no_fiedler,synthetic,44
0.0275220678679934,0.0432389564812183,0.0224132932987911,3,12,direct_no_fiedler,synthetic,44
0.0348154576542076,0.0477170385420322,0.0276977873915928,5,12,direct_no_fiedler,synthetic,44
0.0406582104186775,0.0548297092318534,0.0341513928068944,8,12,direct_no_fiedler,synthetic,44
0.0006643581822886,0.0438995733857154,0.0005178847473374,3,12,direct_no_fiedler,synthetic,44
0.0009745453368886,0.0429282523691654,0.0008432624451161,3,12,direct_no_fiedler,synthetic,44
0.0657501203894631,0.0459170639514923,0.0476373151975688,5,12,direct_no_fiedler,synthetic,44
0.0174227652652791,0.0451869033277034,0.0141593536068285,4,12,direct_no_fiedler,synthetic,44
0.0557313041021869,0.0534725785255432,0.0423440703865859,8,12,direct_no_fiedler,synthetic,44
0.0044928721351538,0.0425857603549957,0.0035039786945332,2,12,direct_no_fiedler,synthetic,44
0.045211257286905,0.0441371910274028,0.0372017176361422,3,12,direct_no_fiedler,synthetic,44
0.0732396341866067,0.0473238267004489,0.0619926181921647,6,12,direct_no_fiedler,synthetic,44
0.0004166784838683,0.0403142049908638,0.0003386959246526,1,12,direct_no_fiedler,synthetic,44
0.0264098456798993,0.0498925372958183,0.0220953433608375,7,12,direct_no_fiedler,synthetic,44
0.0310265918032134,0.044312946498394,0.026669157077707,4,12,direct_no_fiedler,synthetic,44
0.0265021072119359,0.0469175577163696,0.0216504084702231,4,12,direct_no_fiedler,synthetic,44
0.0012004625226106,0.0405768379569053,0.000993130421759,1,12,direct_no_fiedler,synthetic,44
0.0368187001301378,0.0833931937813758,0.0275935584088753,7,14,direct_no_fiedler,synthetic,44
0.2878761634487597,0.0831519663333892,0.1649380527189695,7,14,direct_no_fiedler,synthetic,44
0.012094488801658,0.0627818256616592,0.0085138117850688,4,14,direct_no_fiedler,synthetic,44
0.0035777913000395,0.054711066186428,0.0016408612838808,2,14,direct_no_fiedler,synthetic,44
0.0374517691971472,0.0478374175727367,0.0282934783075826,3,14,direct_no_fiedler,synthetic,44
0.1273253985139422,0.0789276883006095,0.0698991564840966,7,14,direct_no_fiedler,synthetic,44
0.2824631972881011,0.0667166709899902,0.1565395351777131,5,14,direct_no_fiedler,synthetic,44
0.0993442741937831,0.0871874317526817,0.0413544856980646,7,14,direct_no_fiedler,synthetic,44
0.0354648738831983,0.0796343013644218,0.0246768385825543,7,14,direct_no_fiedler,synthetic,44
0.1378585136360224,0.1144262552261352,0.0767406675259777,8,14,direct_no_fiedler,synthetic,44
0.0435435342609201,0.0928919687867164,0.0306706738556212,8,14,direct_no_fiedler,synthetic,44
0.0346229465010824,0.0640296712517738,0.019907670822333,5,14,direct_no_fiedler,synthetic,44
0.0453341898962658,0.0634771287441253,0.0286993572888173,6,14,direct_no_fiedler,synthetic,44
0.0101532124038595,0.046132493764162,0.0082362543457022,2,14,direct_no_fiedler,synthetic,44
1.0,0.0707222074270248,0.4068422443753073,5,14,direct_no_fiedler,synthetic,44
0.0189086377165041,0.0921308696269989,0.0104360394889768,6,14,direct_no_fiedler,synthetic,44
0.1539106623229322,0.1012561097741127,0.0226608735186721,7,14,direct_no_fiedler,synthetic,44
1.0,0.996507465839386,0.0569960476915297,5,14,direct_no_fiedler,synthetic,44
0.4455758814694492,0.0730888694524765,0.2685440392826057,6,14,direct_no_fiedler,synthetic,44
0.0756705104696787,0.0456079728901386,0.0237781823601944,1,14,direct_no_fiedler,synthetic,44
0.3050421618059195,0.0788318887352943,0.1899147938306601,7,22,direct_no_fiedler,synthetic,44
0.019852729942397,0.0621434934437274,0.0107936276611929,4,22,direct_no_fiedler,synthetic,44
6.449664128505006e-05,0.0523231141269207,3.482713307199623e-05,3,22,direct_no_fiedler,synthetic,44
0.0263224793821511,0.0624324604868888,0.0122503490472174,3,22,direct_no_fiedler,synthetic,44
0.0033748958699884,0.057954341173172,0.0015799274007858,3,22,direct_no_fiedler,synthetic,44
0.0261091703698047,0.0658573880791664,0.0176628477011282,5,22,direct_no_fiedler,synthetic,44
0.1004706150250333,0.0825154334306716,0.0748903256110464,7,22,direct_no_fiedler,synthetic,44
0.0008192191780789,0.0524609759449958,0.0006012559044763,3,22,direct_no_fiedler,synthetic,44
3.427742097450448e-05,0.0422751195728778,2.352495085196093e-05,1,22,direct_no_fiedler,synthetic,44
1.0,0.9983927607536316,0.0036696051580772,2,22,direct_no_fiedler,synthetic,44
0.0240956077514473,0.0436420291662216,0.017112010940764,1,22,direct_no_fiedler,synthetic,44
0.0744487144514638,0.0810904055833816,0.0369850686884792,8,22,direct_no_fiedler,synthetic,44
0.648440495575473,0.0847805514931678,0.3933872601971275,7,22,direct_no_fiedler,synthetic,44
0.0015410549922703,0.0426009260118007,0.000989687939599,1,22,direct_no_fiedler,synthetic,44
0.0010456959401331,0.0596231967210769,0.0007090153104329,4,22,direct_no_fiedler,synthetic,44
0.038579349723025,0.056173350661993,0.0223043003376501,3,22,direct_no_fiedler,synthetic,44
0.0002274135541076,0.0516283959150314,0.0001415228543521,3,22,direct_no_fiedler,synthetic,44
0.012602842106835,0.06714978069067,0.0043871142837613,3,22,direct_no_fiedler,synthetic,44
0.0011819012359778,0.0523670949041843,0.0007452726556432,3,22,direct_no_fiedler,synthetic,44
0.2941240395061542,0.0647828504443168,0.1823775388396074,5,22,direct_no_fiedler,synthetic,44
0.0515726873132318,0.0496701039373874,0.0284556638850824,3,28,direct_no_fiedler,synthetic,44
0.0022721114286879,0.0438928082585334,0.0014187518629335,2,28,direct_no_fiedler,synthetic,44
0.0077574964618477,0.0553288348019123,0.0062083191998756,6,28,direct_no_fiedler,synthetic,44
0.0001330283145143,0.0407740771770477,9.228084959059233e-05,1,28,direct_no_fiedler,synthetic,44
0.0165863878306548,0.053936768323183,0.0090845238362171,6,28,direct_no_fiedler,synthetic,44
0.0001316074600751,0.0424007512629032,0.0001022755186597,2,28,direct_no_fiedler,synthetic,44
0.0156172214068173,0.0514104329049587,0.0086409334579815,6,28,direct_no_fiedler,synthetic,44
0.0764694506749098,0.056495651602745,0.0461974906707642,8,28,direct_no_fiedler,synthetic,44
0.0069005911557405,0.0512122027575969,0.0046851803981321,6,28,direct_no_fiedler,synthetic,44
0.0263447051527079,0.0458948388695716,0.0137555011996732,2,28,direct_no_fiedler,synthetic,44
0.0186022034026438,0.0476987324655056,0.0127555740966705,4,28,direct_no_fiedler,synthetic,44
0.0247708579466644,0.0460304282605648,0.0151239490323009,3,28,direct_no_fiedler,synthetic,44
0.0001699186530979,0.0503294467926025,8.857141285309198e-05,4,28,direct_no_fiedler,synthetic,44
0.0030113057609716,0.0422607511281967,0.0018385307155628,2,28,direct_no_fiedler,synthetic,44
0.010572690837635,0.0444668233394622,0.0082744422073476,3,28,direct_no_fiedler,synthetic,44
0.0211891103635599,0.0536678694188594,0.0133481270051123,6,28,direct_no_fiedler,synthetic,44
0.0001492184375029,0.0421563908457756,0.0001252345805631,2,28,direct_no_fiedler,synthetic,44
0.0063594398995814,0.0610282123088836,0.0037420647560007,8,28,direct_no_fiedler,synthetic,44
0.0304341995298584,0.0619649067521095,0.0189736758081363,8,28,direct_no_fiedler,synthetic,44
0.001346139792516,0.0451587662100791,0.000501421066185,3,28,direct_no_fiedler,synthetic,44
0.004016316674267,0.0493103899061679,0.0031552264183353,5,37,direct_no_fiedler,synthetic,44
0.0294062162693993,0.0457253605127334,0.0238150660079372,3,37,direct_no_fiedler,synthetic,44
0.0104848431317382,0.0538369268178939,0.0078766115518525,6,37,direct_no_fiedler,synthetic,44
0.0017877108695739,0.0482969731092453,0.0014853253179607,4,37,direct_no_fiedler,synthetic,44
0.1471034129591307,0.0533201582729816,0.0437437055531069,6,37,direct_no_fiedler,synthetic,44
0.0003753347252275,0.0423543862998485,0.0003020374601778,2,37,direct_no_fiedler,synthetic,44
0.06616422148476,0.0523707382380962,0.0501895473804848,7,37,direct_no_fiedler,synthetic,44
0.0017909826661588,0.0478860586881637,0.0015625499044822,4,37,direct_no_fiedler,synthetic,44
9.655916218453964e-05,0.0424336493015289,7.604489012226728e-05,2,37,direct_no_fiedler,synthetic,44
0.06113310517441,0.0511881336569786,0.047718266072332,7,37,direct_no_fiedler,synthetic,44
0.0105655985637862,0.0528498701751232,0.0083090968067907,7,37,direct_no_fiedler,synthetic,44
0.003915876348481,0.0489627420902252,0.0031539330282597,5,37,direct_no_fiedler,synthetic,44
0.0010297726530974,0.0441868677735328,0.0008144895602068,3,37,direct_no_fiedler,synthetic,44
0.0004332358895063,0.0407253466546535,0.00036951085261,1,37,direct_no_fiedler,synthetic,44
0.039746792464688,0.0517457239329814,0.0301115882933543,6,37,direct_no_fiedler,synthetic,44
0.0047313441895439,0.0503119267523288,0.0032170924416065,5,37,direct_no_fiedler,synthetic,44
0.0159050626048298,0.0535992309451103,0.0092763794401776,7,37,direct_no_fiedler,synthetic,44
0.0991818406266299,0.0540027469396591,0.0708943164500361,7,37,direct_no_fiedler,synthetic,44
0.0013960290667893,0.0457549802958965,0.0011507790773529,4,37,direct_no_fiedler,synthetic,44
0.0185737912030269,0.0497152395546436,0.0125959553298876,5,37,direct_no_fiedler,synthetic,44
0.0346464430164297,0.0511720739305019,0.0224136760972187,7,48,direct_no_fiedler,synthetic,44
0.0005909760520075,0.039426889270544,0.00053304778344,1,48,direct_no_fiedler,synthetic,44
0.0134533993151469,0.0515040382742881,0.0057032216438688,7,48,direct_no_fiedler,synthetic,44
0.0011106509038327,0.0425595119595527,0.0009383527831899,3,48,direct_no_fiedler,synthetic,44
0.0387582295919648,0.0546930320560932,0.0304063850652747,7,48,direct_no_fiedler,synthetic,44
0.0780096445431246,0.0524050965905189,0.0507184415676937,6,48,direct_no_fiedler,synthetic,44
0.0228248263627919,0.0437755733728408,0.0069075452958658,2,48,direct_no_fiedler,synthetic,44
0.0116955519551966,0.0540982112288475,0.0100756918285002,8,48,direct_no_fiedler,synthetic,44
0.1199990939688967,0.0589349009096622,0.0246920442283971,8,48,direct_no_fiedler,synthetic,44
0.0345255357989223,0.0497922748327255,0.0208960318079962,8,48,direct_no_fiedler,synthetic,44
0.0155232898210898,0.0475238896906375,0.0124141012643389,7,48,direct_no_fiedler,synthetic,44
0.0459847512384929,0.0441980138421058,0.0270467822863562,3,48,direct_no_fiedler,synthetic,44
0.0148074409396994,0.0527335740625858,0.0127137434835076,7,48,direct_no_fiedler,synthetic,44
0.0006317726823049,0.0394273847341537,0.0005761728724768,1,48,direct_no_fiedler,synthetic,44
0.0002545392035082,0.0405652001500129,0.0002258771014655,2,48,direct_no_fiedler,synthetic,44
0.0077800461458028,0.0400802381336689,0.0064424331023433,1,48,direct_no_fiedler,synthetic,44
0.0252922010154731,0.0454736202955246,0.0176430878436554,4,48,direct_no_fiedler,synthetic,44
0.0007593465645057,0.0411268845200538,0.0006537885257027,2,48,direct_no_fiedler,synthetic,44
0.0005597292825275,0.0432391725480556,0.0004066888801017,3,48,direct_no_fiedler,synthetic,44
8.876314752825909e-05,0.0397987775504589,5.977667355035487e-05,1,48,direct_no_fiedler,synthetic,44
0.0067599318020038,0.0464833974838256,0.0051672016438592,5,52,direct_no_fiedler,synthetic,44
0.0009053697472919,0.0434689782559871,0.0005005443033345,1,52,direct_no_fiedler,synthetic,44
0.0017276471680561,0.0522467941045761,0.0013931376050186,4,52,direct_no_fiedler,synthetic,44
0.0030572795737641,0.0550674200057983,0.0024824991215498,7,52,direct_no_fiedler,synthetic,44
0.0054788859435345,0.0451163575053215,0.0037428236052554,4,52,direct_no_fiedler,synthetic,44
0.0004295770572995,0.0400528237223625,0.0003579485345819,1,52,direct_no_fiedler,synthetic,44
0.0113300664010291,0.0534295141696929,0.0066169139471069,8,52,direct_no_fiedler,synthetic,44
0.1138410381846243,0.0440494008362293,0.0744015642649439,2,52,direct_no_fiedler,synthetic,44
0.05458532205616,0.0785899013280868,0.0370336919861085,8,52,direct_no_fiedler,synthetic,44
0.042446483848856,0.05180149897933,0.0292181448618725,7,52,direct_no_fiedler,synthetic,44
7.67680536082338e-05,0.0463366694748401,4.362354725903749e-05,2,52,direct_no_fiedler,synthetic,44
0.0126625151102127,0.042913943529129,0.0059591866174985,2,52,direct_no_fiedler,synthetic,44
0.0023099037606338,0.0399173162877559,0.0019624871532777,1,52,direct_no_fiedler,synthetic,44
0.0009192112968031,0.0451400317251682,0.0007544466436646,4,52,direct_no_fiedler,synthetic,44
0.0038193658904476,0.0439248494803905,0.0028350906941803,3,52,direct_no_fiedler,synthetic,44
0.0012462494798712,0.0470183454453945,0.0008659241562719,4,52,direct_no_fiedler,synthetic,44
0.0040327326694747,0.0417960472404956,0.0025836165467283,2,52,direct_no_fiedler,synthetic,44
0.0001989638827465,0.0450862236320972,0.0001801548287697,2,52,direct_no_fiedler,synthetic,44
0.0188644901693623,0.0564518570899963,0.0116570865324553,7,52,direct_no_fiedler,synthetic,44
0.0114820873188782,0.044769387692213,0.0076552235610761,4,52,direct_no_fiedler,synthetic,44
0.0149231914987915,0.0475826747715473,0.010814328022314,4,66,direct_no_fiedler,synthetic,44
9.238854958348865e-05,0.0415017157793045,6.984321044950922e-05,1,66,direct_no_fiedler,synthetic,44
1.0,0.998669981956482,0.1946214951786797,5,66,direct_no_fiedler,synthetic,44
0.005744565401655,0.0534388273954391,0.0044192002004438,7,66,direct_no_fiedler,synthetic,44
0.0002845874171766,0.044896624982357,0.000201576420661,3,66,direct_no_fiedler,synthetic,44
1.0,0.5473933815956116,0.5312154403503643,7,66,direct_no_fiedler,synthetic,44
1.0,0.99866783618927,0.1942292926281016,3,66,direct_no_fiedler,synthetic,44
0.0042128894078609,0.0422676391899585,0.0035871785493707,2,66,direct_no_fiedler,synthetic,44
0.0001141368743875,0.0423742234706878,8.855408467391002e-05,2,66,direct_no_fiedler,synthetic,44
0.004364568382874,0.0531260222196579,0.0030233425159171,7,66,direct_no_fiedler,synthetic,44
0.1370087587619922,0.0558958165347576,0.0920072432952543,7,66,direct_no_fiedler,synthetic,44
0.000358089738236,0.0480656288564205,4.630860490664746e-05,1,66,direct_no_fiedler,synthetic,44
0.0042005462173221,0.0509715005755424,0.0035997149249687,6,66,direct_no_fiedler,synthetic,44
0.1573436936994369,0.049002069979906,0.0968673030081254,4,66,direct_no_fiedler,synthetic,44
0.1592778906866123,0.0579345971345901,0.0980011165485029,7,66,direct_no_fiedler,synthetic,44
0.0002167359665852,0.0425129048526287,0.0001765236122154,2,66,direct_no_fiedler,synthetic,44
0.0052963131486359,0.0426927208900451,0.0038260762813447,2,66,direct_no_fiedler,synthetic,44
0.0001386353279638,0.0501039177179336,0.0001108383984879,5,66,direct_no_fiedler,synthetic,44
0.0007044687799051,0.0485281832516193,0.0005480177003929,5,66,direct_no_fiedler,synthetic,44
8.578300027839436e-05,0.0405409894883632,7.623940754057861e-05,1,66,direct_no_fiedler,synthetic,44
0.0047393066277986,0.050950963050127,0.0034735598730559,7,69,direct_no_fiedler,synthetic,44
0.0088846386998384,0.0414368659257888,0.0074140804794289,2,69,direct_no_fiedler,synthetic,44
0.0359852108449165,0.0480003245174884,0.0288957255579129,7,69,direct_no_fiedler,synthetic,44
0.0165053680033002,0.0524571686983108,0.0117916137595391,7,69,direct_no_fiedler,synthetic,44
0.0028100430682947,0.0433788374066352,0.0022193518568658,3,69,direct_no_fiedler,synthetic,44
0.0458068477851013,0.0458829365670681,0.0365285489910328,4,69,direct_no_fiedler,synthetic,44
0.0001572961874007,0.0408711768686771,0.0001306990811596,2,69,direct_no_fiedler,synthetic,44
0.0037081241360231,0.0518960878252983,0.0028758388080173,8,69,direct_no_fiedler,synthetic,44
0.0136618154594384,0.0487184785306453,0.0099898147792838,6,69,direct_no_fiedler,synthetic,44
0.0366399407656918,0.0510823093354702,0.0258358662139867,6,69,direct_no_fiedler,synthetic,44
0.0636639330191655,0.0472718067467212,0.053369622638841,6,69,direct_no_fiedler,synthetic,44
0.0013360708518381,0.0436968691647052,0.0011505863567266,5,69,direct_no_fiedler,synthetic,44
0.0069814034507792,0.0439299829304218,0.0041271526897128,2,69,direct_no_fiedler,synthetic,44
0.0013167461678676,0.0465545766055583,0.0008031888281469,3,69,direct_no_fiedler,synthetic,44
0.0013097282275292,0.04541727155447,0.0010484803807988,5,69,direct_no_fiedler,synthetic,44
6.248873652348053e-05,0.0447539947926998,5.063424294402032e-05,3,69,direct_no_fiedler,synthetic,44
0.0682846717241065,0.0455721504986286,0.0462781643859421,5,69,direct_no_fiedler,synthetic,44
0.0050931723048271,0.0460859388113021,0.0037665848394335,5,69,direct_no_fiedler,synthetic,44
0.0052763975959648,0.0512703321874141,0.0039214624431688,7,69,direct_no_fiedler,synthetic,44
0.0018163440158281,0.0436191447079181,0.0014905757648887,4,69,direct_no_fiedler,synthetic,44
0.0002935435869235,0.0473102927207946,0.0002313191748607,4,72,direct_no_fiedler,synthetic,44
7.29394940753858e-05,0.0464597418904304,5.829608983465554e-05,3,72,direct_no_fiedler,synthetic,44
0.0001978999267437,0.0460067950189113,0.0001467368263914,2,72,direct_no_fiedler,synthetic,44
0.0001507152644145,0.0439769029617309,0.0001171509345574,2,72,direct_no_fiedler,synthetic,44
0.0016794567575851,0.0435279905796051,0.0014621632268207,2,72,direct_no_fiedler,synthetic,44
1.0,0.9982690811157228,0.5642580933121855,6,72,direct_no_fiedler,synthetic,44
0.0003142861231637,0.0542668551206588,0.0002271906939438,4,72,direct_no_fiedler,synthetic,44
5.298862023095374e-05,0.0412965156137943,4.371052533438243e-05,1,72,direct_no_fiedler,synthetic,44
0.0006093680895729,0.0431265160441398,0.0004964826214474,2,72,direct_no_fiedler,synthetic,44
2.9774462469656093e-05,0.0410650335252285,2.398243141034199e-05,1,72,direct_no_fiedler,synthetic,44
0.0002741159080279,0.0519694611430168,0.0002024594843953,5,72,direct_no_fiedler,synthetic,44
0.0057284738691402,0.0465952977538108,0.0042228390357184,3,72,direct_no_fiedler,synthetic,44
0.0065440999524976,0.0601528733968734,0.0051964719542384,8,72,direct_no_fiedler,synthetic,44
0.0003395477348815,0.0528446249663829,0.0002296951379383,5,72,direct_no_fiedler,synthetic,44
0.0006560213357643,0.0478861033916473,0.0005443501524031,4,72,direct_no_fiedler,synthetic,44
0.0001203607423923,0.050146497786045,9.720406043863705e-05,4,72,direct_no_fiedler,synthetic,44
0.000459510357214,0.0521899908781051,0.0004022455022679,6,72,direct_no_fiedler,synthetic,44
1.983201810662472e-06,0.0408816523849964,1.6518296522615532e-06,1,72,direct_no_fiedler,synthetic,44
1.0,0.9983589053153992,0.0045738983196117,8,72,direct_no_fiedler,synthetic,44
0.0031925461090698,0.0416819863021373,0.0024620242689775,1,72,direct_no_fiedler,synthetic,44
0.0001165123518763,0.0400072671473026,9.136535542882628e-05,1,89,direct_no_fiedler,synthetic,44
0.026543394489278,0.0699226111173629,0.0163520543009599,7,89,direct_no_fiedler,synthetic,44
0.0416104163988286,0.0568558201193809,0.0275463823481527,6,89,direct_no_fiedler,synthetic,44
0.0841462302603686,0.0523075945675373,0.0622840271493817,5,89,direct_no_fiedler,synthetic,44
0.0295498689095125,0.0467839427292346,0.0217423825123843,3,89,direct_no_fiedler,synthetic,44
0.0330272627248171,0.0563641674816608,0.0218865874468862,5,89,direct_no_fiedler,synthetic,44
0.007601450645434,0.0430354066193103,0.0051153572467148,2,89,direct_no_fiedler,synthetic,44
0.0184939855558857,0.0612962543964386,0.0127982270631583,8,89,direct_no_fiedler,synthetic,44
0.0383298458155032,0.0443069823086261,0.0282368798424361,3,89,direct_no_fiedler,synthetic,44
0.0001071309319417,0.0427078157663345,7.394168571109576e-05,2,89,direct_no_fiedler,synthetic,44
0.0913894935589439,0.0666851177811622,0.0449441725756184,8,89,direct_no_fiedler,synthetic,44
1.0,0.9983060359954834,0.003610917385027,2,89,direct_no_fiedler,synthetic,44
0.0055525335685041,0.0433326363563537,0.0035735058184149,2,89,direct_no_fiedler,synthetic,44
0.0169559958742685,0.0580394491553306,0.0100818505597432,5,89,direct_no_fiedler,synthetic,44
1.0,0.0493688769638538,0.2039328384497564,4,89,direct_no_fiedler,synthetic,44
0.0419683206783764,0.0443795919418334,0.0327795033271179,3,89,direct_no_fiedler,synthetic,44
0.0022220713057108,0.0455262325704097,0.0016086492868554,3,89,direct_no_fiedler,synthetic,44
0.0003235145421324,0.0419710464775562,0.0002607261398909,2,89,direct_no_fiedler,synthetic,44
0.0306659201765467,0.043056983500719,0.0232575707516855,2,89,direct_no_fiedler,synthetic,44
0.0663530599866834,0.0525281131267547,0.0499379854565214,6,89,direct_no_fiedler,synthetic,44
0.0232500574995685,0.0569460690021514,0.0114093660475718,6,92,direct_no_fiedler,synthetic,44
0.0044012926388574,0.0468083284795284,0.0011353999814593,1,92,direct_no_fiedler,synthetic,44
1.0,0.9975515007972716,0.0746019814113655,8,92,direct_no_fiedler,synthetic,44
0.1411913715215582,0.066163569688797,0.0560494524918569,8,92,direct_no_fiedler,synthetic,44
0.0264401087592802,0.0605103000998497,0.0152290622133172,6,92,direct_no_fiedler,synthetic,44
0.0191564972242682,0.0602010004222393,0.0148429088946113,8,92,direct_no_fiedler,synthetic,44
0.0140877753082973,0.0415733531117439,0.010668194453717,1,92,direct_no_fiedler,synthetic,44
0.0509455349435268,0.0587214641273021,0.0378611637373999,5,92,direct_no_fiedler,synthetic,44
0.0008984207836076,0.0469631999731063,0.0006743283063421,3,92,direct_no_fiedler,synthetic,44
0.1767491283219819,0.0592280626296997,0.0660260139536828,4,92,direct_no_fiedler,synthetic,44
0.0296941298371224,0.0446314886212348,0.0175834100204107,2,92,direct_no_fiedler,synthetic,44
0.0128073630156724,0.0499132126569747,0.0051909468439292,4,92,direct_no_fiedler,synthetic,44
0.0004364796732787,0.0441480241715908,0.0003032456281548,2,92,direct_no_fiedler,synthetic,44
0.0213526911411942,0.0502811521291732,0.0145585839202532,3,92,direct_no_fiedler,synthetic,44
0.1797055318038108,0.0611302927136421,0.1165160845714301,7,92,direct_no_fiedler,synthetic,44
0.0836509514686976,0.0612030588090419,0.0607310380566928,6,92,direct_no_fiedler,synthetic,44
0.1838508969119746,0.0610313527286052,0.1204842963356848,8,92,direct_no_fiedler,synthetic,44
0.0284981056100147,0.050347339361906,0.0163786840667497,3,92,direct_no_fiedler,synthetic,44
0.0006576025246852,0.0508918650448322,0.000372289200707,2,92,direct_no_fiedler,synthetic,44
1.0,0.9975372552871704,0.0147934622248194,2,92,direct_no_fiedler,synthetic,44
0.0330450214879095,0.0640670210123062,0.0219223581153162,6,95,direct_no_fiedler,synthetic,44
0.0696645838032155,0.2542055547237396,0.0293170044478608,3,95,direct_no_fiedler,synthetic,44
0.0273203566484767,0.0597380362451076,0.0189160042823595,4,95,direct_no_fiedler,synthetic,44
0.0256739805046821,0.2566780149936676,0.0137687022556518,8,95,direct_no_fiedler,synthetic,44
0.0371112449392035,0.069194883108139,0.0236310674529303,6,95,direct_no_fiedler,synthetic,44
0.0132942698128974,0.0533486157655715,0.0095004284882204,4,95,direct_no_fiedler,synthetic,44
0.0021401304778781,0.0544150806963443,0.0011970823106364,3,95,direct_no_fiedler,synthetic,44
0.0546334358845891,0.0436685122549533,0.0366273441641081,1,95,direct_no_fiedler,synthetic,44
0.0397507988513488,0.0833664238452911,0.0225594135982231,8,95,direct_no_fiedler,synthetic,44
0.0012769164334339,0.0468615368008613,0.000930454542695,3,95,direct_no_fiedler,synthetic,44
0.0741986897628516,0.0923970341682434,0.0489429335781411,8,95,direct_no_fiedler,synthetic,44
0.0101098059883389,0.0618005879223346,0.0072088875125047,5,95,direct_no_fiedler,synthetic,44
0.0017317483904087,0.0448459424078464,0.0012983703222082,2,95,direct_no_fiedler,synthetic,44
0.0138380661994688,0.0735611319541931,0.0087396016655262,8,95,direct_no_fiedler,synthetic,44
0.0369436209646246,0.0607021003961563,0.0205661093996886,5,95,direct_no_fiedler,synthetic,44
0.0530640351492188,0.0640970319509506,0.0154889499078006,5,95,direct_no_fiedler,synthetic,44
0.0205386310765188,0.0649069547653198,0.0141348645272073,6,95,direct_no_fiedler,synthetic,44
0.0755942044487828,0.0715812146663665,0.0545517685859879,7,95,direct_no_fiedler,synthetic,44
0.000144151876293,0.0432581268250942,4.987168747626148e-05,1,95,direct_no_fiedler,synthetic,44
1.0,0.0830047503113746,0.2651047117456321,7,95,direct_no_fiedler,synthetic,44
1.0,0.99636709690094,0.0234714173735892,3,1000044,direct_no_fiedler,osm,44
0.0001716949567865,0.0404766574501991,5.666731846648942e-05,1,1000044,direct_no_fiedler,osm,44
1.0,0.9952111840248108,0.0067369733360831,7,1000044,direct_no_fiedler,osm,44
1.0,0.9919650554656982,0.0060137193920498,7,1000044,direct_no_fiedler,osm,44
1.0,0.9947742819786072,0.0107182894565362,8,1000044,direct_no_fiedler,osm,44
0.0019659327934301,0.040235623717308,0.0008064885563901,1,1000044,direct_no_fiedler,osm,44
1.0,0.9936331510543824,3.960895852620724e-05,1,1000044,direct_no_fiedler,osm,44
1.0,0.9938606023788452,0.0041344699838886,8,1000044,direct_no_fiedler,osm,44
1.0,0.9933486580848694,5.786182216464412e-07,1,1000044,direct_no_fiedler,osm,44
1.0,0.9948456287384032,0.0600752026054483,7,1000044,direct_no_fiedler,osm,44
0.3710378531657171,0.0477514155209064,0.0029073855427568,4,1000044,direct_no_fiedler,osm,44
0.0445689418098169,0.0538074001669883,0.0128440107971133,7,1000044,direct_no_fiedler,osm,44
1.0,0.996369481086731,0.00187995762902,4,1000044,direct_no_fiedler,osm,44
1.0,0.9945921301841736,0.026576479651125,6,1000044,direct_no_fiedler,osm,44
0.0010920979520352,0.0404768884181976,0.0001175967836668,1,1000044,direct_no_fiedler,osm,44
1.0,0.9928157329559326,0.0052664691705299,6,1000044,direct_no_fiedler,osm,44
1.0,0.0472838245332241,0.0267605866067746,3,1000044,direct_no_fiedler,osm,44
1.0,0.0510560348629951,0.1085218041382419,6,1000044,direct_no_fiedler,osm,44
1.0,0.9960424900054932,0.037294624585751,5,1000044,direct_no_fiedler,osm,44
1.0,0.9964836835861206,0.0003624420954673,3,1000044,direct_no_fiedler,osm,44
1.0,0.992544949054718,0.0043848069665365,5,1000044,direct_no_fiedler,osm,44
1.0,0.9959730505943298,0.0017568295253641,4,1000044,direct_no_fiedler,osm,44
4.2850968628993513e-07,0.0409572944045066,4.302574940521651e-08,1,1000044,direct_no_fiedler,osm,44
0.0606931943503407,0.0458489768207073,0.0277618588901018,4,1000044,direct_no_fiedler,osm,44
0.0227868206169025,0.0443817861378192,0.0074978807791647,3,1000044,direct_no_fiedler,osm,44
1.0,0.9960957169532776,0.0381416062974248,5,1000044,direct_no_fiedler,osm,44
0.0097717837153082,0.0475790128111839,0.0035338116776244,5,1000044,direct_no_fiedler,osm,44
1.0,0.995352864265442,0.0061989050526037,6,1000044,direct_no_fiedler,osm,44
1.0,0.9947518706321716,0.0071845394627922,5,1000044,direct_no_fiedler,osm,44
0.0315956912312761,0.0497520267963409,0.0084965604805979,6,1000044,direct_no_fiedler,osm,44
1.0,0.996247947216034,0.0022845745550185,5,1000044,direct_no_fiedler,osm,44
1.0,0.9961135387420654,0.0083945756358975,7,1000044,direct_no_fiedler,osm,44
1.0,0.9962543249130248,0.068882702413508,8,1000044,direct_no_fiedler,osm,44
0.0016322296865668,0.04047666862607,0.0002955131087185,1,1000044,direct_no_fiedler,osm,44
0.0079413628627611,0.0426898561418056,0.0032775714924163,2,1000044,direct_no_fiedler,osm,44
0.0941750110402938,0.0510850585997104,0.0094359806757084,6,1000044,direct_no_fiedler,osm,44
0.0045436900916671,0.0424648150801658,0.0013062305952291,2,1000044,direct_no_fiedler,osm,44
1.0,0.9949132204055786,0.0254047360611354,7,1000044,direct_no_fiedler,osm,44
1.0,0.9963808655738832,0.077402345753214,8,1000044,direct_no_fiedler,osm,44
0.2084994243418515,0.0419397167861461,0.005093809724849,2,1000044,direct_no_fiedler,osm,44
1.0,0.9950372576713562,0.0001810068207116,2,1000044,direct_no_fiedler,osm,44
1.0,0.9952667951583862,0.0211067705205847,6,1000044,direct_no_fiedler,osm,44
8.789862631242151e-05,0.0405506528913974,3.398213623172969e-05,1,1000044,direct_no_fiedler,osm,44
1.0,0.9177820682525636,0.0019154953583394,3,1000044,direct_no_fiedler,osm,44
0.0010920979520352,0.0404768884181976,0.0001175967836668,1,1000044,direct_no_fiedler,osm,44
0.0166351930825962,0.0402439944446086,0.0023734672140635,1,1000044,direct_no_fiedler,osm,44
1.0,0.984385907649994,0.024621534513837,8,1000044,direct_no_fiedler,osm,44
0.0017619030098989,0.0404756590723991,0.0009066869569207,1,1000044,direct_no_fiedler,osm,44
0.5524918987915317,0.0497526340186595,0.0427900233594586,5,1000044,direct_no_fiedler,osm,44
1.0,0.9928098917007446,0.1595933366986293,5,1000044,direct_no_fiedler,osm,44
0.07473245872305,0.0465634651482105,0.0061823719221414,4,1000044,direct_no_fiedler,osm,44
1.0,0.9959122538566588,0.0156545088913177,6,1000044,direct_no_fiedler,osm,44
1.0,0.993920922279358,0.0010358889199263,4,1000044,direct_no_fiedler,osm,44
0.0092155576622779,0.0400930307805538,0.0054275564278332,1,1000044,direct_no_fiedler,osm,44
1.6479169628880189e-07,0.0404770784080028,1.9032713036455776e-08,1,1000044,direct_no_fiedler,osm,44
1.0,0.995332419872284,0.0029353796216062,4,1000044,direct_no_fiedler,osm,44
1.0,0.9956327080726624,0.0098791965860451,5,1000044,direct_no_fiedler,osm,44
0.0124934993621351,0.0416911281645298,0.0061061444638218,2,1000044,direct_no_fiedler,osm,44
1.0,0.0549470670521259,0.0932801314333404,7,1000044,direct_no_fiedler,osm,44
1.6479169628880189e-07,0.0404770784080028,1.9032713036455776e-08,1,1000044,direct_no_fiedler,osm,44
1.0,0.9959756731987,0.0041741511621613,7,1000044,direct_no_fiedler,osm,44
1.0,0.995630979537964,0.006085945555436,7,1000044,direct_no_fiedler,osm,44
1.0,0.9877086877822876,0.0476347223321151,6,1000044,direct_no_fiedler,osm,44
0.0139954302149997,0.04458998888731,0.0024451969969281,3,1000044,direct_no_fiedler,osm,44
1.0,0.9964827299118042,0.0098195350895655,6,1000044,direct_no_fiedler,osm,44
1.0,0.9939507246017456,0.0204375918146604,5,1000044,direct_no_fiedler,osm,44
1.0,0.9893552660942078,0.006652212109892,3,1000044,direct_no_fiedler,osm,44
0.0143765372573222,0.041690818965435,0.0064444873483341,2,1000044,direct_no_fiedler,osm,44
0.0004136840150587,0.0402355045080184,0.0001223936329238,1,1000044,direct_no_fiedler,osm,44
1.0,0.9959665536880492,0.0173065085629518,2,1000044,direct_no_fiedler,osm,44
1.0,0.9939517378807068,0.021549989488415,5,1000044,direct_no_fiedler,osm,44
0.0322506481427068,0.0417904928326606,0.0128168105918121,2,1000044,direct_no_fiedler,osm,44
0.0765778665250288,0.0506351999938488,0.0254872212677191,6,1000044,direct_no_fiedler,osm,44
1.0,0.9948323965072632,0.0068604861608963,4,1000044,direct_no_fiedler,osm,44
0.7325338534393651,0.0523687861859798,0.0222323589039519,7,1000044,direct_no_fiedler,osm,44
1.0,0.9960681200027466,0.0001117898229597,3,1000044,direct_no_fiedler,osm,44
1.0,0.9951834082603456,0.0015313849188289,3,1000044,direct_no_fiedler,osm,44
1.0,0.9948418736457824,0.017672696582551,7,1000044,direct_no_fiedler,osm,44
1.0,0.9960590600967408,0.0105665826043581,7,1000044,direct_no_fiedler,osm,44
0.7140626958733214,0.0485983863472938,0.0251040857440646,5,1000044,direct_no_fiedler,osm,44
1.0,0.9928227066993712,0.0255351948034872,8,1000044,direct_no_fiedler,osm,44
1.0,0.994746208190918,0.0017344973093285,3,1000044,direct_no_fiedler,osm,44
1.0,0.9938039779663086,0.0051436318590604,4,1000044,direct_no_fiedler,osm,44
1.0,0.9940294027328492,0.026621947197463,8,1000044,direct_no_fiedler,osm,44
1.0,0.0528740808367729,0.0100091079126017,7,1000044,direct_no_fiedler,osm,44
9.109555572539564e-06,0.0402375198900699,2.341136901662052e-06,1,1000044,direct_no_fiedler,osm,44
1.0,0.9943272471427916,0.0203107241876927,8,1000044,direct_no_fiedler,osm,44
7.929182252586209e-05,0.0421231463551521,9.297725707060942e-06,2,1000044,direct_no_fiedler,osm,44
1.0,0.9928062558174132,0.0153031644987828,4,1000044,direct_no_fiedler,osm,44
1.0,0.9938079714775084,0.0043225832207278,8,1000044,direct_no_fiedler,osm,44
1.0,0.9950456619262696,0.126052170964535,5,1000044,direct_no_fiedler,osm,44
0.0837532366880159,0.0474388748407363,0.0110558238945023,4,1000044,direct_no_fiedler,osm,44
1.0,0.9951919317245485,0.0011923447085623,6,1000044,direct_no_fiedler,osm,44
1.0,0.0527543276548385,0.0530494011330223,7,1000044,direct_no_fiedler,osm,44
0.0237038213499545,0.0440714135766029,0.0120969745431319,3,1000044,direct_no_fiedler,osm,44
1.0,0.9960364699363708,0.0024132921535254,5,1000044,direct_no_fiedler,osm,44
0.066737094166864,0.0439703576266765,0.0276740726271437,3,1000044,direct_no_fiedler,osm,44
0.6619962552306057,0.0482333488762378,0.0583613300073692,5,1000044,direct_no_fiedler,osm,44
0.0439853758719487,0.0404759831726551,0.0009390340247119,1,1000044,direct_no_fiedler,osm,44
1.0,0.9928102493286132,0.0223285399689025,5,1000044,direct_no_fiedler,osm,44
0.0105368016870737,0.0513392984867095,0.0022838927098698,6,1000044,direct_no_fiedler,osm,44
1.0,0.9934906959533693,0.0116639670207001,7,1000044,direct_no_fiedler,osm,44
1.0,0.9933115243911744,0.0558087440400543,7,1000044,direct_no_fiedler,osm,44
1.0,0.9893826246261596,0.1271914421732632,7,1000044,direct_no_fiedler,osm,44
0.0028561911537604,0.0491611845791339,0.0006273231810718,5,1000044,direct_no_fiedler,osm,44
1.0,0.9950469732284546,0.0120147092203756,5,1000044,direct_no_fiedler,osm,44
1.0,0.9961762428283693,0.0644218534967718,8,1000044,direct_no_fiedler,osm,44
1.0,0.99445641040802,0.0509280637110713,7,1000044,direct_no_fiedler,osm,44
1.0,0.9953374862670898,0.0050287304388472,5,1000044,direct_no_fiedler,osm,44
0.7171116386683243,0.0527718067169189,0.0988335772659802,7,1000044,direct_no_fiedler,osm,44
1.0,0.9956316947937012,0.0141390650593391,4,1000044,direct_no_fiedler,osm,44
1.0,0.9960467219352722,0.0129380744444707,7,1000044,direct_no_fiedler,osm,44
1.0,0.9959290623664856,0.0274210969820131,8,1000044,direct_no_fiedler,osm,44
1.0,0.9949187636375428,0.0001456331509466,2,1000044,direct_no_fiedler,osm,44
1.4980872716785498e-06,0.0404749475419521,7.484800018106969e-07,1,1000044,direct_no_fiedler,osm,44
1.0,0.9936612844467164,0.0350626883186051,8,1000044,direct_no_fiedler,osm,44
0.0649435044251157,0.0503390878438949,0.0041547625713387,6,1000044,direct_no_fiedler,osm,44
0.0180148878035316,0.0475696884095668,0.0018206238193398,4,1000044,direct_no_fiedler,osm,44
1.0,0.9951472878456116,0.0045613818970006,6,1000044,direct_no_fiedler,osm,44
1.0,0.9956445693969728,0.0033262652815984,8,1000044,direct_no_fiedler,osm,44
1.0,0.992833971977234,0.0403001071793949,8,1000044,direct_no_fiedler,osm,44
0.0150562464905297,0.046364888548851,0.005872510447355,4,1000044,direct_no_fiedler,osm,44
0.067788452120565,0.0452637672424316,0.0051643359318278,4,1000044,direct_no_fiedler,osm,44
1.0,0.9895623326301576,0.0202250875013103,6,1000044,direct_no_fiedler,osm,44
1.0,0.9959143996238708,0.0015210425230103,3,1000044,direct_no_fiedler,osm,44
0.0441072139217999,0.0452852733433246,0.0075492799904539,3,1000044,direct_no_fiedler,osm,44
0.028103895703921,0.0496189780533313,0.0089521123257409,6,1000044,direct_no_fiedler,osm,44
0.6047515647979154,0.0554752983152866,0.0545734740808808,8,1000044,direct_no_fiedler,osm,44
1.0,0.9895532131195068,0.0126779132849976,7,1000044,direct_no_fiedler,osm,44
1.0,0.9956403970718384,0.0824167083186099,8,1000044,direct_no_fiedler,osm,44
0.0299256522498693,0.0485969111323356,0.0049444886584703,5,1000044,direct_no_fiedler,osm,44
5.261118113808472e-05,0.0421854853630065,2.1698968692170543e-05,2,1000044,direct_no_fiedler,osm,44
0.0572145278410021,0.0470011606812477,0.0060716435932855,4,1000044,direct_no_fiedler,osm,44
1.0,0.996084451675415,0.0054712351603303,7,1000044,direct_no_fiedler,osm,44
1.0,0.9964849948883056,0.0331144505099984,7,1000044,direct_no_fiedler,osm,44
1.0,0.9938198924064636,0.0102825774215841,8,1000044,direct_no_fiedler,osm,44
0.0386330569944207,0.0458217971026897,0.0142834765437296,4,1000044,direct_no_fiedler,osm,44
1.0,0.9957815408706664,0.0072458204948092,8,1000044,direct_no_fiedler,osm,44
0.0014849951241101,0.0421892330050468,0.0008080303353836,2,1000044,direct_no_fiedler,osm,44
0.5486956117225608,0.0466370433568954,0.0876989743031075,4,1000044,direct_no_fiedler,osm,44
0.71396432319492,0.0502156615257263,0.0310100935555553,6,1000044,direct_no_fiedler,osm,44
0.0497468579866181,0.0466368645429611,0.005696173625519,4,1000044,direct_no_fiedler,osm,44
1.0,0.0541913732886314,0.0261572724966134,7,1000044,direct_no_fiedler,osm,44
1.0,0.9959083795547484,0.0058050698904059,3,1000044,direct_no_fiedler,osm,44
0.0298743059619961,0.0431424602866172,0.0119258429406072,3,1000044,direct_no_fiedler,osm,44
0.036843850402639,0.0445198863744735,0.0166639227072512,3,1000044,direct_no_fiedler,osm,44
1.0,0.9939449429512024,0.0017969837612904,4,1000044,direct_no_fiedler,osm,44
1.0,0.9957773685455322,0.0190447468248688,6,1000044,direct_no_fiedler,osm,44
0.0023469469194238,0.0404760837554931,0.0005726871095709,1,1000044,direct_no_fiedler,osm,44
1.0,0.9934763312339784,0.0031638983213276,5,1000044,direct_no_fiedler,osm,44
0.7190131101798171,0.0512643791735172,0.0754448150970902,6,1000044,direct_no_fiedler,osm,44
0.0411757262533644,0.0447538048028945,0.0024491363495153,3,1000044,direct_no_fiedler,osm,44
5.231218480616917e-07,0.0402363017201423,7.556975553316369e-08,1,1000044,direct_no_fiedler,osm,44
0.3989356396615855,0.0560575276613235,0.0212917792760727,8,1000044,direct_no_fiedler,osm,44
0.0223977997638685,0.0419381186366081,0.005819152642431,2,1000044,direct_no_fiedler,osm,44
0.0084603562677858,0.0444904118776321,0.0007503361647601,3,1000044,direct_no_fiedler,osm,44
0.0004136840150587,0.0402355045080184,0.0001223936329238,1,1000044,direct_no_fiedler,osm,44
1.0,0.992583990097046,0.0058701965295073,7,1000044,direct_no_fiedler,osm,44
1.0,0.9947527647018432,0.0378371183630558,4,1000044,direct_no_fiedler,osm,44
0.0065307499742126,0.0469092987477779,0.0032746869486356,4,1000044,direct_no_fiedler,osm,44
1.0,0.9955638647079468,0.0409726621581297,8,1000044,direct_no_fiedler,osm,44
1.0,0.9962206482887268,0.0186204616202126,5,1000044,direct_no_fiedler,osm,44
1.0,0.9963723421096802,0.0855638589835597,8,1000044,direct_no_fiedler,osm,44
1.0,0.9843475818634032,0.0382672189603988,3,1000044,direct_no_fiedler,osm,44
0.0034326043787163,0.0404106043279171,7.238910815419074e-05,1,1000044,direct_no_fiedler,osm,44
0.0014793538406324,0.04047666862607,0.0008061845796841,1,1000044,direct_no_fiedler,osm,44
0.0806469602723195,0.0442264080047607,0.0173895859123511,3,1000044,direct_no_fiedler,osm,44
0.1190218496019753,0.0442282482981681,0.0693247070642945,3,1000044,direct_no_fiedler,osm,44
0.0015914876845078,0.0402375198900699,0.0005336808953679,1,1000044,direct_no_fiedler,osm,44
1.0,0.9959796667099,0.0443370451627006,7,1000044,direct_no_fiedler,osm,44
1.0,0.9951980710029602,0.0092543352904235,8,1000044,direct_no_fiedler,osm,44
1.0,0.994959592819214,0.0049578720038258,7,1000044,direct_no_fiedler,osm,44
0.0004202653952853,0.0402361750602722,0.0001426537759806,1,1000044,direct_no_fiedler,osm,44
1.0,0.996376931667328,0.0269569571753012,7,1000044,direct_no_fiedler,osm,44
0.5282285874704613,0.0538176447153091,0.090999035117794,7,1000044,direct_no_fiedler,osm,44
4.454455535207735e-06,0.0402362756431102,7.268692596057147e-07,1,1000044,direct_no_fiedler,osm,44
1.0,0.9945579767227172,0.0266259129179417,8,1000044,direct_no_fiedler,osm,44
0.5537384163423344,0.0430294163525104,0.1276690311995116,2,1000044,direct_no_fiedler,osm,44
0.0017572090332144,0.0414425022900104,0.0009129814454808,2,1000044,direct_no_fiedler,osm,44
1.0,0.055588062852621,0.0098182452671994,7,1000044,direct_no_fiedler,osm,44
0.0083903090665662,0.042187076061964,0.0035063677745646,2,1000044,direct_no_fiedler,osm,44
0.0004635321577418,0.0430276095867157,8.949204893421247e-06,1,1000044,direct_no_fiedler,osm,44
0.0526369345557095,0.0421872101724147,0.0035617439752814,2,1000044,direct_no_fiedler,osm,44
0.3771441806438871,0.0559258200228214,0.0048145953324626,8,1000044,direct_no_fiedler,osm,44
1.0,0.9964836835861206,0.011837601464334,5,1000044,direct_no_fiedler,osm,44
0.5379276160179054,0.0447555966675281,0.1214078952343811,3,1000044,direct_no_fiedler,osm,44
1.0,0.9928215146064758,0.0152555377846794,5,1000044,direct_no_fiedler,osm,44
1.0,0.9952666759490968,0.0197399218157493,6,1000044,direct_no_fiedler,osm,44
0.0484300288991857,0.0420375429093837,0.0153625274382632,2,1000044,direct_no_fiedler,osm,44
1.0,0.996190905570984,0.0037200501863036,8,1000044,direct_no_fiedler,osm,44
1.0,0.995967984199524,0.0060556274437649,5,1000044,direct_no_fiedler,osm,44
1.0,0.9948911666870116,0.0381953938102231,6,1000044,direct_no_fiedler,osm,44
1.0,0.9961236119270324,0.0008125567593217,4,1000044,direct_no_fiedler,osm,44
1.0,0.9931086301803588,0.0102686253705336,7,1000044,direct_no_fiedler,osm,44
0.034034217618444,0.0402363687753677,0.0164497554056014,1,1000044,direct_no_fiedler,osm,44
0.080236593501053,0.0404749661684036,0.0173046421704983,1,1000044,direct_no_fiedler,osm,44
0.0079617887145799,0.0421874597668647,0.0043087729115212,2,1000044,direct_no_fiedler,osm,44
1.0,0.9951962828636168,0.0030653636459223,8,1000044,direct_no_fiedler,osm,44
1.0,0.9953399896621704,0.0360668327624576,8,1000044,direct_no_fiedler,osm,44
0.0513987480761428,0.0509320497512817,0.0221164352008959,6,1000044,direct_no_fiedler,osm,44
1.0,0.9950555562973022,0.0170145018662223,8,1000044,direct_no_fiedler,osm,44
0.0077353340835376,0.046090368181467,0.0028407272096772,4,1000044,direct_no_fiedler,osm,44
1.0,0.9925507307052612,0.015008267433257,6,1000044,direct_no_fiedler,osm,44
1.0,0.9947505593299866,0.0106254977353321,5,1000044,direct_no_fiedler,osm,44
1.0,0.9876869320869446,0.0288445622755456,3,1000044,direct_no_fiedler,osm,44
1.0,0.992563784122467,0.0005472233331943,1,1000044,direct_no_fiedler,osm,44
0.0447022954506715,0.0488601699471473,0.0049750996554433,5,1000044,direct_no_fiedler,osm,44
1.0,0.9955227375030518,0.0213837963823254,8,1000044,direct_no_fiedler,osm,44
1.0,0.9959139227867126,0.0110932685645154,3,1000044,direct_no_fiedler,osm,44
0.0179616703072531,0.0442280061542987,0.0016012001042273,3,1000044,direct_no_fiedler,osm,44
0.1392051277514289,0.0499645359814167,0.0687075231451585,6,1000044,direct_no_fiedler,osm,44
1.0,0.996303915977478,0.0010293317805619,8,1000044,direct_no_fiedler,osm,44
0.0088184490951347,0.0444935150444507,0.0013423044346499,3,1000044,direct_no_fiedler,osm,44
0.0576992012128467,0.0409590452909469,0.0064048869690984,1,1000044,direct_no_fiedler,osm,44
1.0,0.0518373548984527,0.0254410978367688,6,1000044,direct_no_fiedler,osm,44
0.0002655206686891,0.0404769629240036,4.312304558535238e-05,1,1000044,direct_no_fiedler,osm,44
0.0464273786111556,0.0544253624975681,0.0069061911456267,6,1000044,direct_no_fiedler,osm,44
1.0,0.995009183883667,0.0086904502155723,7,1000044,direct_no_fiedler,osm,44
0.0113290065751494,0.0471568442881107,0.0006196473181674,4,1000044,direct_no_fiedler,osm,44
5.668349583043408e-07,0.0399990491569042,1.204531189069133e-07,1,1000044,direct_no_fiedler,osm,44
0.0002655206686891,0.0404769629240036,4.312304558535238e-05,1,1000044,direct_no_fiedler,osm,44
1.0,0.9938219785690308,0.0391992982415964,8,1000044,direct_no_fiedler,osm,44
0.0083854407304756,0.0441176183521747,0.0024102790720142,3,1000044,direct_no_fiedler,osm,44
1.0,0.9966045618057252,0.0036597229117434,7,1000044,direct_no_fiedler,osm,44
1.0,0.9948458671569824,0.0069546070336199,8,1000044,direct_no_fiedler,osm,44
1.0,0.9936331510543824,3.960895852620724e-05,1,1000044,direct_no_fiedler,osm,44
0.5510605461514919,0.0426911525428295,0.0421986938519605,2,1000044,direct_no_fiedler,osm,44
1.0,0.9925687909126282,0.0005684296866787,2,1000044,direct_no_fiedler,osm,44
1.0,0.9960647225379944,0.0135081512093705,7,1000044,direct_no_fiedler,osm,44
1.0,0.9963750243186952,0.0057437987976525,8,1000044,direct_no_fiedler,osm,44
1.0,0.9953224062919616,0.0006879197919481,3,1000044,direct_no_fiedler,osm,44
0.0965583503489984,0.0447544455528259,0.0068874387687005,3,1000044,direct_no_fiedler,osm,44
0.0123997879684807,0.0458442755043506,0.0036619860525081,4,1000044,direct_no_fiedler,osm,44
0.0416801278095212,0.0515355542302131,0.006048116252903,6,1000044,direct_no_fiedler,osm,44
0.0259882399433281,0.0404744446277618,0.0152901136412818,1,1000044,direct_no_fiedler,osm,44
0.000141887503921,0.0404766574501991,5.934105085458177e-05,1,1000044,direct_no_fiedler,osm,44
0.0065167587977461,0.0429441928863525,0.0015386895711308,2,1000044,direct_no_fiedler,osm,44
0.0010806962141624,0.0409590452909469,0.0003816159156833,1,1000044,direct_no_fiedler,osm,44
1.0,0.994828760623932,0.0048101859639366,3,1000044,direct_no_fiedler,osm,44
1.0,0.9949585795402528,0.01028094759515,7,1000044,direct_no_fiedler,osm,44
1.0,0.9952608942985536,0.0035068965144844,6,1000044,direct_no_fiedler,osm,44
1.0,0.9938201308250428,0.0319763679637807,8,1000044,direct_no_fiedler,osm,44
1.0,0.9895583391189576,0.0026463989554349,4,1000044,direct_no_fiedler,osm,44
1.0,0.0556095838546752,0.0062087262147736,8,1000044,direct_no_fiedler,osm,44
0.3762352529293631,0.0485954098403453,0.0100946432918656,5,1000044,direct_no_fiedler,osm,44
1.0,0.989373505115509,0.0247838663607789,6,1000044,direct_no_fiedler,osm,44
1.0,0.9949340224266052,0.0105665266945538,7,1000044,direct_no_fiedler,osm,44
0.0171590730366706,0.0499421507120132,0.0005704974403278,4,1000044,direct_no_fiedler,osm,44
1.0,0.9939569234848022,0.0041420809914276,7,1000044,direct_no_fiedler,osm,44
1.0,0.9960256814956664,0.0176118262444121,8,1000044,direct_no_fiedler,osm,44
1.0,0.9960421323776244,0.006462318130441,6,1000044,direct_no_fiedler,osm,44
1.0,0.0505978502333164,0.0197431584484085,6,1000044,direct_no_fiedler,osm,44
1.0,0.99396151304245,0.0311275958003836,8,1000044,direct_no_fiedler,osm,44
1.0,0.9948333501815796,0.004313343154027,4,1000044,direct_no_fiedler,osm,44
1.0,0.9955717325210572,0.0046675861908483,7,1000044,direct_no_fiedler,osm,44
1.0,0.9933713674545288,0.0584647738677277,6,1000044,direct_no_fiedler,osm,44
1.0,0.996042251586914,0.0069857096556827,6,1000044,direct_no_fiedler,osm,44
0.0047250891623691,0.0421887449920177,0.001429553271279,2,1000044,direct_no_fiedler,osm,44
0.0409872526587395,0.0429442226886749,0.0029899374769463,2,1000044,direct_no_fiedler,osm,44
1.0,0.0533718802034854,0.0771619227700605,7,1000044,direct_no_fiedler,osm,44
1.0,0.9950464963912964,0.0190874210884235,8,1000044,direct_no_fiedler,osm,44
0.0241430113892475,0.0491734519600868,0.0073352148400404,5,1000044,direct_no_fiedler,osm,44
1.0,0.9944504499435424,0.0248776263076356,6,1000044,direct_no_fiedler,osm,44
1.0,0.9945917725563048,0.0027991687910133,6,1000044,direct_no_fiedler,osm,44
0.0089924359924619,0.0480291843414306,0.0018916845684153,5,1000044,direct_no_fiedler,osm,44
0.5272788262812739,0.0409590452909469,0.0816370471532142,1,1000044,direct_no_fiedler,osm,44
1.0,0.993960976600647,0.0220910707813855,8,1000044,direct_no_fiedler,osm,44
0.0313054429116659,0.0552735403180122,0.0152030917924254,8,1000044,direct_no_fiedler,osm,44
1.0,0.9934816360473632,0.0184842192615064,4,1000044,direct_no_fiedler,osm,44
0.0063724567833126,0.0414469614624977,0.0007691835163394,1,1000044,direct_no_fiedler,osm,44
0.0025273543845475,0.0425321236252784,0.0008999561929659,2,1000044,direct_no_fiedler,osm,44
1.0,0.9946163296699524,0.0016146956666515,5,1000044,direct_no_fiedler,osm,44
0.0034342551911604,0.0421205088496208,7.307882011490864e-05,2,1000044,direct_no_fiedler,osm,44
1.0,0.9955480098724364,0.0568516971976501,6,1000044,direct_no_fiedler,osm,44
1.0,0.9925341606140136,0.0061650084670506,3,1000044,direct_no_fiedler,osm,44
1.0,0.996191143989563,0.0642825574944086,8,1000044,direct_no_fiedler,osm,44
0.0027658798932674,0.0419389754533767,0.001533906503961,2,1000044,direct_no_fiedler,osm,44
0.3526869303701904,0.0483145974576473,0.0065275213461941,4,1000044,direct_no_fiedler,osm,44
1.0,0.9944509863853456,0.1629542593466986,6,1000044,direct_no_fiedler,osm,44
1.0,0.9960313439369202,1.8890188354178791e-06,1,1000044,direct_no_fiedler,osm,44
1.0,0.9876821637153624,0.000181161690947,3,1000044,direct_no_fiedler,osm,44
1.0,0.996038556098938,0.0056800547095954,4,1000044,direct_no_fiedler,osm,44
0.0019659327934301,0.040235623717308,0.0008064885563901,1,1000044,direct_no_fiedler,osm,44
5.231218480616917e-07,0.0402363017201423,7.556975553316369e-08,1,1000044,direct_no_fiedler,osm,44
1.0,0.995265245437622,0.01165412705226,6,1000044,direct_no_fiedler,osm,44
1.0,0.9944406151771544,0.0073374755246606,3,1000044,direct_no_fiedler,osm,44
1.0,0.9963691234588624,0.0173947853666518,4,1000044,direct_no_fiedler,osm,44
1.0,0.9877004623413086,0.0042735109771315,5,1000044,direct_no_fiedler,osm,44
1.0,0.0503405481576919,0.0379398309486162,6,1000044,direct_no_fiedler,osm,44
1.0,0.9960455298423768,0.0045976547260952,6,1000044,direct_no_fiedler,osm,44
0.0141884722042651,0.0452869832515716,0.0017184998464551,3,1000044,direct_no_fiedler,osm,44
0.7125709717080598,0.0455550588667392,0.023071215040526,3,1000044,direct_no_fiedler,osm,44
0.0771199796248806,0.046638835221529,0.0116392076150272,4,1000044,direct_no_fiedler,osm,44
0.1761242643839502,0.0424376018345356,0.0858157531445409,2,1000044,direct_no_fiedler,osm,44
1.0,0.9952542781829834,4.496373762341848e-06,2,1000044,direct_no_fiedler,osm,44
1.0,0.9938026666641236,0.0001260893558682,3,1000044,direct_no_fiedler,osm,44
0.0144072054858217,0.0442247427999973,0.0066665823748437,3,1000044,direct_no_fiedler,osm,44
0.0315556027889315,0.0402375198900699,0.0151381113040719,1,1000044,direct_no_fiedler,osm,44
0.007162264848995,0.0484986677765846,0.0016588375441957,5,1000044,direct_no_fiedler,osm,44
1.0,0.9947574138641356,0.0040936923552559,6,1000044,direct_no_fiedler,osm,44
0.0325025981565305,0.0449406430125236,0.0180672941330772,5,1,residual_full,synthetic,44
0.040507291559675,0.0702280551195144,0.0313881700809894,6,1,residual_full,synthetic,44
0.1115941849321158,0.0818726867437362,0.0656368311503461,4,1,residual_full,synthetic,44
7.1486093109141e-05,0.0,3.615081281667517e-05,1,1,residual_full,synthetic,44
0.0693323520132321,0.0599833726882934,0.0362017875307305,5,1,residual_full,synthetic,44
0.0606053891304213,0.0975538417696952,0.0400337036502012,7,1,residual_full,synthetic,44
0.0014134689698009,0.0,0.0007763059278198,1,1,residual_full,synthetic,44
0.0633027703744802,0.1306317150592804,0.0404595481757294,8,1,residual_full,synthetic,44
0.0170917715425162,0.041621059179306,0.0114496174174377,5,1,residual_full,synthetic,44
0.1103809306680153,0.0920906662940979,0.0684504262410524,5,1,residual_full,synthetic,44
0.010073228370489,0.0625136345624923,0.0073641839501041,7,1,residual_full,synthetic,44
0.001102533829945,0.0,0.000784003688799,2,1,residual_full,synthetic,44
0.0265983544992314,0.0830212011933326,0.0186580767362411,8,1,residual_full,synthetic,44
0.0970921579570055,0.0449805259704589,0.0538955921433695,2,1,residual_full,synthetic,44
0.0885549772048137,0.113286904990673,0.0622788159688681,6,1,residual_full,synthetic,44
0.0042374828351513,0.0533563457429409,0.0032333887454498,7,1,residual_full,synthetic,44
0.0124915231254383,0.0437725000083446,0.0101968860593391,6,1,residual_full,synthetic,44
0.0004694634590299,0.0,0.0002371852757084,1,1,residual_full,synthetic,44
0.0340729044107996,0.072891466319561,0.0259910710698571,6,1,residual_full,synthetic,44
0.0261529755366596,0.0419788211584091,0.0167661302790405,5,1,residual_full,synthetic,44
0.0843221582479338,0.0973274931311607,0.0604918906273414,7,3,residual_full,synthetic,44
0.1668789359058043,0.0608929097652435,0.0181240193122098,5,3,residual_full,synthetic,44
0.0022629856742018,0.0563793927431106,0.0011301412922383,5,3,residual_full,synthetic,44
0.0002358229579653,0.0,0.0001782904536365,1,3,residual_full,synthetic,44
0.003184018977008,0.0,0.0027107826928779,3,3,residual_full,synthetic,44
0.2377813616375179,0.21705062687397,0.145636167432901,8,3,residual_full,synthetic,44
0.0627837583334421,0.0974845439195633,0.0486316704437932,6,3,residual_full,synthetic,44
0.005678582939377,0.0010199795942753,0.0047600121284234,3,3,residual_full,synthetic,44
0.1458641124256173,0.1220097318291664,0.0927189503853888,5,3,residual_full,synthetic,44
0.1365295432534916,0.1848648786544799,0.1009933754591185,7,3,residual_full,synthetic,44
0.0773743610299974,0.0301083456724882,0.0556614396036629,1,3,residual_full,synthetic,44
0.0754452334110482,0.1139179915189743,0.0625842255768178,8,3,residual_full,synthetic,44
0.1828270585836763,0.0896048620343208,0.0897084621472985,3,3,residual_full,synthetic,44
0.0016283179605242,0.0,0.0012293664467407,2,3,residual_full,synthetic,44
0.1543459804115963,0.1486263126134872,0.0999155167547801,8,3,residual_full,synthetic,44
0.0137771602161714,0.066856674849987,0.010050708780793,8,3,residual_full,synthetic,44
0.0052747907796971,0.0,0.0032341637700548,2,3,residual_full,synthetic,44
0.0869851895693872,0.1207711920142173,0.0717712757942508,8,3,residual_full,synthetic,44
0.0046262863309802,0.0271835196763277,0.0034476196675705,5,3,residual_full,synthetic,44
0.0068595916184311,0.0195063557475805,0.0055989037720349,5,3,residual_full,synthetic,44
0.0013947331414116,0.0,0.0012109529186825,3,12,residual_full,synthetic,44
0.0015105894144475,0.0,0.0012635446447439,2,12,residual_full,synthetic,44
0.0024258278812168,0.0037990629207342,0.0018505298818219,6,12,residual_full,synthetic,44
0.0069172442538583,0.0,0.0053693410908002,5,12,residual_full,synthetic,44
0.0275220678679934,0.0036771856248378,0.0224132932987911,3,12,residual_full,synthetic,44
0.0348154576542076,0.024455327540636,0.0276977873915928,5,12,residual_full,synthetic,44
0.0406582104186775,0.0536321178078651,0.0341513928068944,8,12,residual_full,synthetic,44
0.0006643581822886,0.0,0.0005178847473374,3,12,residual_full,synthetic,44
0.0009745453368886,0.0,0.0008432624451161,3,12,residual_full,synthetic,44
0.0657501203894631,0.0383695773780345,0.0476373151975688,5,12,residual_full,synthetic,44
0.0174227652652791,0.0023530861362814,0.0141593536068285,4,12,residual_full,synthetic,44
0.0557313041021869,0.0572192817926406,0.0423440703865859,8,12,residual_full,synthetic,44
0.0044928721351538,0.0,0.0035039786945332,2,12,residual_full,synthetic,44
0.045211257286905,0.021694578230381,0.0372017176361422,3,12,residual_full,synthetic,44
0.0732396341866067,0.0574675239622592,0.0619926181921647,6,12,residual_full,synthetic,44
0.0004166784838683,0.0,0.0003386959246526,1,12,residual_full,synthetic,44
0.0264098456798993,0.025933826342225,0.0220953433608375,7,12,residual_full,synthetic,44
0.0310265918032134,0.0117956846952438,0.026669157077707,4,12,residual_full,synthetic,44
0.0265021072119359,0.0157503187656402,0.0216504084702231,4,12,residual_full,synthetic,44
0.0012004625226106,0.0,0.000993130421759,1,12,residual_full,synthetic,44
0.0368187001301378,0.1222367286682128,0.0275935584088753,7,14,residual_full,synthetic,44
0.2878761634487597,0.2634061872959137,0.1649380527189695,7,14,residual_full,synthetic,44
0.012094488801658,0.0508159659802913,0.0085138117850688,4,14,residual_full,synthetic,44
0.0035777913000395,0.0178166348487138,0.0016408612838808,2,14,residual_full,synthetic,44
0.0374517691971472,0.026461249217391,0.0282934783075826,3,14,residual_full,synthetic,44
0.1273253985139422,0.1578774452209472,0.0698991564840966,7,14,residual_full,synthetic,44
0.2824631972881011,0.2138903588056564,0.1565395351777131,5,14,residual_full,synthetic,44
0.0993442741937831,0.1452009975910186,0.0413544856980646,7,14,residual_full,synthetic,44
0.0354648738831983,0.1151376664638519,0.0246768385825543,7,14,residual_full,synthetic,44
0.1378585136360224,0.2363488674163818,0.0767406675259777,8,14,residual_full,synthetic,44
0.0435435342609201,0.1464838534593582,0.0306706738556212,8,14,residual_full,synthetic,44
0.0346229465010824,0.066039465367794,0.019907670822333,5,14,residual_full,synthetic,44
0.0453341898962658,0.0765671283006668,0.0286993572888173,6,14,residual_full,synthetic,44
0.0101532124038595,0.0006420910358428,0.0082362543457022,2,14,residual_full,synthetic,44
1.0,0.4713402092456817,0.4068422443753073,5,14,residual_full,synthetic,44
0.0189086377165041,0.123687520623207,0.0104360394889768,6,14,residual_full,synthetic,44
0.1539106623229322,0.1560254096984863,0.0226608735186721,7,14,residual_full,synthetic,44
1.0,1.0,0.0569960476915297,5,14,residual_full,synthetic,44
0.4455758814694492,0.3428376317024231,0.2685440392826057,6,14,residual_full,synthetic,44
0.0756705104696787,0.0121509274467825,0.0237781823601944,1,14,residual_full,synthetic,44
0.3050421618059195,0.2775205969810486,0.1899147938306601,7,22,residual_full,synthetic,44
0.019852729942397,0.0541088208556175,0.0107936276611929,4,22,residual_full,synthetic,44
6.449664128505006e-05,0.0117549626156687,3.482713307199623e-05,3,22,residual_full,synthetic,44
0.0263224793821511,0.0510547943413257,0.0122503490472174,3,22,residual_full,synthetic,44
0.0033748958699884,0.0268500372767448,0.0015799274007858,3,22,residual_full,synthetic,44
0.0261091703698047,0.0717269852757453,0.0176628477011282,5,22,residual_full,synthetic,44
0.1004706150250333,0.1711118519306183,0.0748903256110464,7,22,residual_full,synthetic,44
0.0008192191780789,0.0127202989533543,0.0006012559044763,3,22,residual_full,synthetic,44
3.427742097450448e-05,0.0,2.352495085196093e-05,1,22,residual_full,synthetic,44
1.0,1.0,0.0036696051580772,2,22,residual_full,synthetic,44
0.0240956077514473,0.0002039335668087,0.017112010940764,1,22,residual_full,synthetic,44
0.0744487144514638,0.1296930611133575,0.0369850686884792,8,22,residual_full,synthetic,44
0.648440495575473,0.4947026073932647,0.3933872601971275,7,22,residual_full,synthetic,44
0.0015410549922703,0.0,0.000989687939599,1,22,residual_full,synthetic,44
0.0010456959401331,0.0361814126372337,0.0007090153104329,4,22,residual_full,synthetic,44
0.038579349723025,0.0470208302140235,0.0223043003376501,3,22,residual_full,synthetic,44
0.0002274135541076,0.0097611434757709,0.0001415228543521,3,22,residual_full,synthetic,44
0.012602842106835,0.0582433156669139,0.0043871142837613,3,22,residual_full,synthetic,44
0.0011819012359778,0.0125254141166806,0.0007452726556432,3,22,residual_full,synthetic,44
0.2941240395061542,0.233460858464241,0.1823775388396074,5,22,residual_full,synthetic,44
0.0515726873132318,0.0326503664255142,0.0284556638850824,3,28,residual_full,synthetic,44
0.0022721114286879,0.0,0.0014187518629335,2,28,residual_full,synthetic,44
0.0077574964618477,0.0289415214210748,0.0062083191998756,6,28,residual_full,synthetic,44
0.0001330283145143,0.0,9.228084959059233e-05,1,28,residual_full,synthetic,44
0.0165863878306548,0.0269281864166259,0.0090845238362171,6,28,residual_full,synthetic,44
0.0001316074600751,0.0,0.0001022755186597,2,28,residual_full,synthetic,44
0.0156172214068173,0.0181116499006748,0.0086409334579815,6,28,residual_full,synthetic,44
0.0764694506749098,0.072576142847538,0.0461974906707642,8,28,residual_full,synthetic,44
0.0069005911557405,0.0137715088203549,0.0046851803981321,6,28,residual_full,synthetic,44
0.0263447051527079,0.0054736398160457,0.0137555011996732,2,28,residual_full,synthetic,44
0.0186022034026438,0.0105038629844784,0.0127555740966705,4,28,residual_full,synthetic,44
0.0247708579466644,0.007307793945074,0.0151239490323009,3,28,residual_full,synthetic,44
0.0001699186530979,0.0063869631849229,8.857141285309198e-05,4,28,residual_full,synthetic,44
0.0030113057609716,0.0,0.0018385307155628,2,28,residual_full,synthetic,44
0.010572690837635,0.0,0.0082744422073476,3,28,residual_full,synthetic,44
0.0211891103635599,0.0305742844939231,0.0133481270051123,6,28,residual_full,synthetic,44
0.0001492184375029,0.0,0.0001252345805631,2,28,residual_full,synthetic,44
0.0063594398995814,0.0445883125066757,0.0037420647560007,8,28,residual_full,synthetic,44
0.0304341995298584,0.0627208277583122,0.0189736758081363,8,28,residual_full,synthetic,44
0.001346139792516,0.0,0.000501421066185,3,28,residual_full,synthetic,44
0.004016316674267,0.0058471369557082,0.0031552264183353,5,37,residual_full,synthetic,44
0.0294062162693993,0.0146289514377713,0.0238150660079372,3,37,residual_full,synthetic,44
0.0104848431317382,0.0252202488481998,0.0078766115518525,6,37,residual_full,synthetic,44
0.0017877108695739,0.0008759274496696,0.0014853253179607,4,37,residual_full,synthetic,44
0.1471034129591307,0.0593327619135379,0.0437437055531069,6,37,residual_full,synthetic,44
0.0003753347252275,0.0,0.0003020374601778,2,37,residual_full,synthetic,44
0.06616422148476,0.0624179020524024,0.0501895473804848,7,37,residual_full,synthetic,44
0.0017909826661588,0.0,0.0015625499044822,4,37,residual_full,synthetic,44
9.655916218453964e-05,0.0,7.604489012226728e-05,2,37,residual_full,synthetic,44
0.06113310517441,0.0563282966613769,0.047718266072332,7,37,residual_full,synthetic,44
0.0105655985637862,0.0222741831094026,0.0083090968067907,7,37,residual_full,synthetic,44
0.003915876348481,0.0048122219741344,0.0031539330282597,5,37,residual_full,synthetic,44
0.0010297726530974,0.0,0.0008144895602068,3,37,residual_full,synthetic,44
0.0004332358895063,0.0,0.00036951085261,1,37,residual_full,synthetic,44
0.039746792464688,0.0404700934886932,0.0301115882933543,6,37,residual_full,synthetic,44
0.0047313441895439,0.009144090116024,0.0032170924416065,5,37,residual_full,synthetic,44
0.0159050626048298,0.0258548520505428,0.0092763794401776,7,37,residual_full,synthetic,44
0.0991818406266299,0.0887380316853523,0.0708943164500361,7,37,residual_full,synthetic,44
0.0013960290667893,0.0,0.0011507790773529,4,37,residual_full,synthetic,44
0.0185737912030269,0.0166107676923275,0.0125959553298876,5,37,residual_full,synthetic,44
0.0346464430164297,0.0324811376631259,0.0224136760972187,7,48,residual_full,synthetic,44
0.0005909760520075,0.0,0.00053304778344,1,48,residual_full,synthetic,44
0.0134533993151469,0.016874149441719,0.0057032216438688,7,48,residual_full,synthetic,44
0.0011106509038327,0.0,0.0009383527831899,3,48,residual_full,synthetic,44
0.0387582295919648,0.0524094924330711,0.0304063850652747,7,48,residual_full,synthetic,44
0.0780096445431246,0.0649565979838371,0.0507184415676937,6,48,residual_full,synthetic,44
0.0228248263627919,0.0,0.0069075452958658,2,48,residual_full,synthetic,44
0.0116955519551966,0.0301091913133859,0.0100756918285002,8,48,residual_full,synthetic,44
0.1199990939688967,0.0605100318789482,0.0246920442283971,8,48,residual_full,synthetic,44
0.0345255357989223,0.026574658229947,0.0208960318079962,8,48,residual_full,synthetic,44
0.0155232898210898,0.0094128083437681,0.0124141012643389,7,48,residual_full,synthetic,44
0.0459847512384929,0.0140890264883637,0.0270467822863562,3,48,residual_full,synthetic,44
0.0148074409396994,0.0280564725399017,0.0127137434835076,7,48,residual_full,synthetic,44
0.0006317726823049,0.0,0.0005761728724768,1,48,residual_full,synthetic,44
0.0002545392035082,0.0,0.0002258771014655,2,48,residual_full,synthetic,44
0.0077800461458028,0.0,0.0064424331023433,1,48,residual_full,synthetic,44
0.0252922010154731,0.0091651566326618,0.0176430878436554,4,48,residual_full,synthetic,44
0.0007593465645057,0.0,0.0006537885257027,2,48,residual_full,synthetic,44
0.0005597292825275,0.0,0.0004066888801017,3,48,residual_full,synthetic,44
8.876314752825909e-05,0.0,5.977667355035487e-05,1,48,residual_full,synthetic,44
0.0067599318020038,0.0,0.0051672016438592,5,52,residual_full,synthetic,44
0.0009053697472919,0.0,0.0005005443033345,1,52,residual_full,synthetic,44
0.0017276471680561,0.0144112333655357,0.0013931376050186,4,52,residual_full,synthetic,44
0.0030572795737641,0.0251852665096521,0.0024824991215498,7,52,residual_full,synthetic,44
0.0054788859435345,0.0,0.0037428236052554,4,52,residual_full,synthetic,44
0.0004295770572995,0.0,0.0003579485345819,1,52,residual_full,synthetic,44
0.0113300664010291,0.0235596671700477,0.0066169139471069,8,52,residual_full,synthetic,44
0.1138410381846243,0.0593569688498973,0.0744015642649439,2,52,residual_full,synthetic,44
0.05458532205616,0.0776253938674926,0.0370336919861085,8,52,residual_full,synthetic,44
0.042446483848856,0.0407560542225837,0.0292181448618725,7,52,residual_full,synthetic,44
7.67680536082338e-05,0.0,4.362354725903749e-05,2,52,residual_full,synthetic,44
0.0126625151102127,0.0,0.0059591866174985,2,52,residual_full,synthetic,44
0.0023099037606338,0.0,0.0019624871532777,1,52,residual_full,synthetic,44
0.0009192112968031,0.0,0.0007544466436646,4,52,residual_full,synthetic,44
0.0038193658904476,0.0,0.0028350906941803,3,52,residual_full,synthetic,44
0.0012462494798712,0.0,0.0008659241562719,4,52,residual_full,synthetic,44
0.0040327326694747,0.0,0.0025836165467283,2,52,residual_full,synthetic,44
0.0001989638827465,0.0,0.0001801548287697,2,52,residual_full,synthetic,44
0.0188644901693623,0.0387331321835517,0.0116570865324553,7,52,residual_full,synthetic,44
0.0114820873188782,0.0,0.0076552235610761,4,52,residual_full,synthetic,44
0.0149231914987915,0.0077027445659041,0.010814328022314,4,66,residual_full,synthetic,44
9.238854958348865e-05,0.0,6.984321044950922e-05,1,66,residual_full,synthetic,44
1.0,1.0,0.1946214951786797,5,66,residual_full,synthetic,44
0.005744565401655,0.0200756508857011,0.0044192002004438,7,66,residual_full,synthetic,44
0.0002845874171766,0.0,0.000201576420661,3,66,residual_full,synthetic,44
1.0,1.0,0.5312154403503643,7,66,residual_full,synthetic,44
1.0,1.0,0.1942292926281016,3,66,residual_full,synthetic,44
0.0042128894078609,0.0,0.0035871785493707,2,66,residual_full,synthetic,44
0.0001141368743875,0.0,8.855408467391002e-05,2,66,residual_full,synthetic,44
0.004364568382874,0.0176302399486303,0.0030233425159171,7,66,residual_full,synthetic,44
0.1370087587619922,0.1148883551359176,0.0920072432952543,7,66,residual_full,synthetic,44
0.000358089738236,0.0,4.630860490664746e-05,1,66,residual_full,synthetic,44
0.0042005462173221,0.0113362772390246,0.0035997149249687,6,66,residual_full,synthetic,44
0.1573436936994369,0.0976777151226997,0.0968673030081254,4,66,residual_full,synthetic,44
0.1592778906866123,0.127632737159729,0.0980011165485029,7,66,residual_full,synthetic,44
0.0002167359665852,0.0,0.0001765236122154,2,66,residual_full,synthetic,44
0.0052963131486359,0.0,0.0038260762813447,2,66,residual_full,synthetic,44
0.0001386353279638,0.0051398784853518,0.0001108383984879,5,66,residual_full,synthetic,44
0.0007044687799051,0.0005307546816766,0.0005480177003929,5,66,residual_full,synthetic,44
8.578300027839436e-05,0.0,7.623940754057861e-05,1,66,residual_full,synthetic,44
0.0047393066277986,0.0117364451289176,0.0034735598730559,7,69,residual_full,synthetic,44
0.0088846386998384,0.0,0.0074140804794289,2,69,residual_full,synthetic,44
0.0359852108449165,0.0277877878397703,0.0288957255579129,7,69,residual_full,synthetic,44
0.0165053680033002,0.0248171519488096,0.0117916137595391,7,69,residual_full,synthetic,44
0.0028100430682947,0.0,0.0022193518568658,3,69,residual_full,synthetic,44
0.0458068477851013,0.0282532535493373,0.0365285489910328,4,69,residual_full,synthetic,44
0.0001572961874007,0.0,0.0001306990811596,2,69,residual_full,synthetic,44
0.0037081241360231,0.0140590071678161,0.0028758388080173,8,69,residual_full,synthetic,44
0.0136618154594384,0.0111625278368592,0.0099898147792838,6,69,residual_full,synthetic,44
0.0366399407656918,0.0344393998384475,0.0258358662139867,6,69,residual_full,synthetic,44
0.0636639330191655,0.0497699864208698,0.053369622638841,6,69,residual_full,synthetic,44
0.0013360708518381,0.0,0.0011505863567266,5,69,residual_full,synthetic,44
0.0069814034507792,0.0,0.0041271526897128,2,69,residual_full,synthetic,44
0.0013167461678676,0.0,0.0008031888281469,3,69,residual_full,synthetic,44
0.0013097282275292,0.0,0.0010484803807988,5,69,residual_full,synthetic,44
6.248873652348053e-05,0.0,5.063424294402032e-05,3,69,residual_full,synthetic,44
0.0682846717241065,0.0369656533002853,0.0462781643859421,5,69,residual_full,synthetic,44
0.0050931723048271,0.0,0.0037665848394335,5,69,residual_full,synthetic,44
0.0052763975959648,0.0131533704698085,0.0039214624431688,7,69,residual_full,synthetic,44
0.0018163440158281,0.0,0.0014905757648887,4,69,residual_full,synthetic,44
0.0002935435869235,0.0,0.0002313191748607,4,72,residual_full,synthetic,44
7.29394940753858e-05,0.0,5.829608983465554e-05,3,72,residual_full,synthetic,44
0.0001978999267437,0.0,0.0001467368263914,2,72,residual_full,synthetic,44
0.0001507152644145,0.0,0.0001171509345574,2,72,residual_full,synthetic,44
0.0016794567575851,0.0,0.0014621632268207,2,72,residual_full,synthetic,44
1.0,1.0,0.5642580933121855,6,72,residual_full,synthetic,44
0.0003142861231637,0.0178792681545019,0.0002271906939438,4,72,residual_full,synthetic,44
5.298862023095374e-05,0.0,4.371052533438243e-05,1,72,residual_full,synthetic,44
0.0006093680895729,0.0,0.0004964826214474,2,72,residual_full,synthetic,44
2.9774462469656093e-05,0.0,2.398243141034199e-05,1,72,residual_full,synthetic,44
0.0002741159080279,0.0102034425362944,0.0002024594843953,5,72,residual_full,synthetic,44
0.0057284738691402,0.0,0.0042228390357184,3,72,residual_full,synthetic,44
0.0065440999524976,0.0416293963789939,0.0051964719542384,8,72,residual_full,synthetic,44
0.0003395477348815,0.0126879708841443,0.0002296951379383,5,72,residual_full,synthetic,44
0.0006560213357643,0.0,0.0005443501524031,4,72,residual_full,synthetic,44
0.0001203607423923,0.0039189979434013,9.720406043863705e-05,4,72,residual_full,synthetic,44
0.000459510357214,0.0110530368983745,0.0004022455022679,6,72,residual_full,synthetic,44
1.983201810662472e-06,0.0,1.6518296522615532e-06,1,72,residual_full,synthetic,44
1.0,1.0,0.0045738983196117,8,72,residual_full,synthetic,44
0.0031925461090698,0.0,0.0024620242689775,1,72,residual_full,synthetic,44
0.0001165123518763,0.0,9.136535542882628e-05,1,89,residual_full,synthetic,44
0.026543394489278,0.0731697380542755,0.0163520543009599,7,89,residual_full,synthetic,44
0.0416104163988286,0.0573509223759174,0.0275463823481527,6,89,residual_full,synthetic,44
0.0841462302603686,0.0769213885068893,0.0622840271493817,5,89,residual_full,synthetic,44
0.0295498689095125,0.0182561371475458,0.0217423825123843,3,89,residual_full,synthetic,44
0.0330272627248171,0.0500674918293952,0.0218865874468862,5,89,residual_full,synthetic,44
0.007601450645434,0.0,0.0051153572467148,2,89,residual_full,synthetic,44
0.0184939855558857,0.0564355552196502,0.0127982270631583,8,89,residual_full,synthetic,44
0.0383298458155032,0.0160449594259262,0.0282368798424361,3,89,residual_full,synthetic,44
0.0001071309319417,0.0,7.394168571109576e-05,2,89,residual_full,synthetic,44
0.0913894935589439,0.104328766465187,0.0449441725756184,8,89,residual_full,synthetic,44
1.0,1.0,0.003610917385027,2,89,residual_full,synthetic,44
0.0055525335685041,0.0,0.0035735058184149,2,89,residual_full,synthetic,44
0.0169559958742685,0.0412244014441967,0.0100818505597432,5,89,residual_full,synthetic,44
1.0,0.2089481800794601,0.2039328384497564,4,89,residual_full,synthetic,44
0.0419683206783764,0.021010797470808,0.0327795033271179,3,89,residual_full,synthetic,44
0.0022220713057108,0.0,0.0016086492868554,3,89,residual_full,synthetic,44
0.0003235145421324,0.0,0.0002607261398909,2,89,residual_full,synthetic,44
0.0306659201765467,0.0067449789494276,0.0232575707516855,2,89,residual_full,synthetic,44
0.0663530599866834,0.0652739033102989,0.0499379854565214,6,89,residual_full,synthetic,44
0.0232500574995685,0.0402022153139114,0.0114093660475718,6,92,residual_full,synthetic,44
0.0044012926388574,0.0,0.0011353999814593,1,92,residual_full,synthetic,44
1.0,1.0,0.0746019814113655,8,92,residual_full,synthetic,44
0.1411913715215582,0.0988219156861305,0.0560494524918569,8,92,residual_full,synthetic,44
0.0264401087592802,0.0551379732787609,0.0152290622133172,6,92,residual_full,synthetic,44
0.0191564972242682,0.0538646280765533,0.0148429088946113,8,92,residual_full,synthetic,44
0.0140877753082973,0.0,0.010668194453717,1,92,residual_full,synthetic,44
0.0509455349435268,0.072302833199501,0.0378611637373999,5,92,residual_full,synthetic,44
0.0008984207836076,0.0,0.0006743283063421,3,92,residual_full,synthetic,44
0.1767491283219819,0.0816275402903556,0.0660260139536828,4,92,residual_full,synthetic,44
0.0296941298371224,0.0055035660043358,0.0175834100204107,2,92,residual_full,synthetic,44
0.0128073630156724,0.0059641827829182,0.0051909468439292,4,92,residual_full,synthetic,44
0.0004364796732787,0.0,0.0003032456281548,2,92,residual_full,synthetic,44
0.0213526911411942,0.0213443227112293,0.0145585839202532,3,92,residual_full,synthetic,44
0.1797055318038108,0.1585134863853454,0.1165160845714301,7,92,residual_full,synthetic,44
0.0836509514686976,0.095192477107048,0.0607310380566928,6,92,residual_full,synthetic,44
0.1838508969119746,0.1621361076831817,0.1204842963356848,8,92,residual_full,synthetic,44
0.0284981056100147,0.0168102961033582,0.0163786840667497,3,92,residual_full,synthetic,44
0.0006576025246852,0.0090368594974279,0.000372289200707,2,92,residual_full,synthetic,44
1.0,1.0,0.0147934622248194,2,92,residual_full,synthetic,44
0.0330450214879095,0.0699073895812034,0.0219223581153162,6,95,residual_full,synthetic,44
0.0696645838032155,0.0560521706938743,0.0293170044478608,3,95,residual_full,synthetic,44
0.0273203566484767,0.0539635308086872,0.0189160042823595,4,95,residual_full,synthetic,44
0.0256739805046821,0.1401939392089843,0.0137687022556518,8,95,residual_full,synthetic,44
0.0371112449392035,0.0858752429485321,0.0236310674529303,6,95,residual_full,synthetic,44
0.0132942698128974,0.0238180793821811,0.0095004284882204,4,95,residual_full,synthetic,44
0.0021401304778781,0.0190382283180952,0.0011970823106364,3,95,residual_full,synthetic,44
0.0546334358845891,0.0189406909048557,0.0366273441641081,1,95,residual_full,synthetic,44
0.0397507988513488,0.1196546256542205,0.0225594135982231,8,95,residual_full,synthetic,44
0.0012769164334339,0.0,0.000930454542695,3,95,residual_full,synthetic,44
0.0741986897628516,0.1638876050710678,0.0489429335781411,8,95,residual_full,synthetic,44
0.0101098059883389,0.0485561192035675,0.0072088875125047,5,95,residual_full,synthetic,44
0.0017317483904087,0.0,0.0012983703222082,2,95,residual_full,synthetic,44
0.0138380661994688,0.0823447704315185,0.0087396016655262,8,95,residual_full,synthetic,44
0.0369436209646246,0.0584397390484809,0.0205661093996886,5,95,residual_full,synthetic,44
0.0530640351492188,0.0635164380073547,0.0154889499078006,5,95,residual_full,synthetic,44
0.0205386310765188,0.0644963979721069,0.0141348645272073,6,95,residual_full,synthetic,44
0.0755942044487828,0.1230557858943939,0.0545517685859879,7,95,residual_full,synthetic,44
0.000144151876293,0.0,4.987168747626148e-05,1,95,residual_full,synthetic,44
1.0,0.358226329088211,0.2651047117456321,7,95,residual_full,synthetic,44
1.0,1.0,0.0234714173735892,3,1000044,residual_full,osm,44
0.0001716949567865,0.0,5.666731846648942e-05,1,1000044,residual_full,osm,44
1.0,1.0,0.0067369733360831,7,1000044,residual_full,osm,44
1.0,1.0,0.0060137193920498,7,1000044,residual_full,osm,44
1.0,1.0,0.0107182894565362,8,1000044,residual_full,osm,44
0.0019659327934301,0.0,0.0008064885563901,1,1000044,residual_full,osm,44
1.0,1.0,3.960895852620724e-05,1,1000044,residual_full,osm,44
1.0,1.0,0.0041344699838886,8,1000044,residual_full,osm,44
1.0,1.0,5.786182216464412e-07,1,1000044,residual_full,osm,44
1.0,1.0,0.0600752026054483,7,1000044,residual_full,osm,44
0.3710378531657171,0.0009169729892164,0.0029073855427568,4,1000044,residual_full,osm,44
0.0445689418098169,0.0305669531226158,0.0128440107971133,7,1000044,residual_full,osm,44
1.0,1.0,0.00187995762902,4,1000044,residual_full,osm,44
1.0,1.0,0.026576479651125,6,1000044,residual_full,osm,44
0.0010920979520352,0.0,0.0001175967836668,1,1000044,residual_full,osm,44
1.0,1.0,0.0052664691705299,6,1000044,residual_full,osm,44
1.0,0.0154912117868661,0.0267605866067746,3,1000044,residual_full,osm,44
1.0,0.1167385727167129,0.1085218041382419,6,1000044,residual_full,osm,44
1.0,1.0,0.037294624585751,5,1000044,residual_full,osm,44
1.0,1.0,0.0003624420954673,3,1000044,residual_full,osm,44
1.0,1.0,0.0043848069665365,5,1000044,residual_full,osm,44
1.0,1.0,0.0017568295253641,4,1000044,residual_full,osm,44
4.2850968628993513e-07,0.0,4.302574940521651e-08,1,1000044,residual_full,osm,44
0.0606931943503407,0.0192760452628135,0.0277618588901018,4,1000044,residual_full,osm,44
0.0227868206169025,0.0,0.0074978807791647,3,1000044,residual_full,osm,44
1.0,1.0,0.0381416062974248,5,1000044,residual_full,osm,44
0.0097717837153082,0.0009866277687251,0.0035338116776244,5,1000044,residual_full,osm,44
1.0,1.0,0.0061989050526037,6,1000044,residual_full,osm,44
1.0,1.0,0.0071845394627922,5,1000044,residual_full,osm,44
0.0315956912312761,0.0130017101764678,0.0084965604805979,6,1000044,residual_full,osm,44
1.0,1.0,0.0022845745550185,5,1000044,residual_full,osm,44
1.0,1.0,0.0083945756358975,7,1000044,residual_full,osm,44
1.0,1.0,0.068882702413508,8,1000044,residual_full,osm,44
0.0016322296865668,0.0,0.0002955131087185,1,1000044,residual_full,osm,44
0.0079413628627611,0.0,0.0032775714924163,2,1000044,residual_full,osm,44
0.0941750110402938,0.0180238895118236,0.0094359806757084,6,1000044,residual_full,osm,44
0.0045436900916671,0.0,0.0013062305952291,2,1000044,residual_full,osm,44
1.0,1.0,0.0254047360611354,7,1000044,residual_full,osm,44
1.0,1.0,0.077402345753214,8,1000044,residual_full,osm,44
0.2084994243418515,0.0,0.005093809724849,2,1000044,residual_full,osm,44
1.0,1.0,0.0001810068207116,2,1000044,residual_full,osm,44
1.0,1.0,0.0211067705205847,6,1000044,residual_full,osm,44
8.789862631242151e-05,0.0,3.398213623172969e-05,1,1000044,residual_full,osm,44
1.0,1.0,0.0019154953583394,3,1000044,residual_full,osm,44
0.0010920979520352,0.0,0.0001175967836668,1,1000044,residual_full,osm,44
0.0166351930825962,0.0,0.0023734672140635,1,1000044,residual_full,osm,44
1.0,1.0,0.024621534513837,8,1000044,residual_full,osm,44
0.0017619030098989,0.0,0.0009066869569207,1,1000044,residual_full,osm,44
0.5524918987915317,0.0472951717674732,0.0427900233594586,5,1000044,residual_full,osm,44
1.0,1.0,0.1595933366986293,5,1000044,residual_full,osm,44
0.07473245872305,0.0004802364856004,0.0061823719221414,4,1000044,residual_full,osm,44
1.0,1.0,0.0156545088913177,6,1000044,residual_full,osm,44
1.0,1.0,0.0010358889199263,4,1000044,residual_full,osm,44
0.0092155576622779,0.0,0.0054275564278332,1,1000044,residual_full,osm,44
1.6479169628880189e-07,0.0,1.9032713036455776e-08,1,1000044,residual_full,osm,44
1.0,1.0,0.0029353796216062,4,1000044,residual_full,osm,44
1.0,1.0,0.0098791965860451,5,1000044,residual_full,osm,44
0.0124934993621351,0.0,0.0061061444638218,2,1000044,residual_full,osm,44
1.0,0.1052237674593925,0.0932801314333404,7,1000044,residual_full,osm,44
1.6479169628880189e-07,0.0,1.9032713036455776e-08,1,1000044,residual_full,osm,44
1.0,1.0,0.0041741511621613,7,1000044,residual_full,osm,44
1.0,1.0,0.006085945555436,7,1000044,residual_full,osm,44
1.0,1.0,0.0476347223321151,6,1000044,residual_full,osm,44
0.0139954302149997,0.0,0.0024451969969281,3,1000044,residual_full,osm,44
1.0,1.0,0.0098195350895655,6,1000044,residual_full,osm,44
1.0,1.0,0.0204375918146604,5,1000044,residual_full,osm,44
1.0,1.0,0.006652212109892,3,1000044,residual_full,osm,44
0.0143765372573222,0.0,0.0064444873483341,2,1000044,residual_full,osm,44
0.0004136840150587,0.0,0.0001223936329238,1,1000044,residual_full,osm,44
1.0,1.0,0.0173065085629518,2,1000044,residual_full,osm,44
1.0,1.0,0.021549989488415,5,1000044,residual_full,osm,44
0.0322506481427068,0.0,0.0128168105918121,2,1000044,residual_full,osm,44
0.0765778665250288,0.0327760986983776,0.0254872212677191,6,1000044,residual_full,osm,44
1.0,1.0,0.0068604861608963,4,1000044,residual_full,osm,44
0.7325338534393651,0.0341759957373142,0.0222323589039519,7,1000044,residual_full,osm,44
1.0,1.0,0.0001117898229597,3,1000044,residual_full,osm,44
1.0,1.0,0.0015313849188289,3,1000044,residual_full,osm,44
1.0,1.0,0.017672696582551,7,1000044,residual_full,osm,44
1.0,1.0,0.0105665826043581,7,1000044,residual_full,osm,44
0.7140626958733214,0.0258974898606538,0.0251040857440646,5,1000044,residual_full,osm,44
1.0,1.0,0.0255351948034872,8,1000044,residual_full,osm,44
1.0,1.0,0.0017344973093285,3,1000044,residual_full,osm,44
1.0,1.0,0.0051436318590604,4,1000044,residual_full,osm,44
1.0,1.0,0.026621947197463,8,1000044,residual_full,osm,44
1.0,0.0245214439928531,0.0100091079126017,7,1000044,residual_full,osm,44
9.109555572539564e-06,0.0,2.341136901662052e-06,1,1000044,residual_full,osm,44
1.0,1.0,0.0203107241876927,8,1000044,residual_full,osm,44
7.929182252586209e-05,0.0,9.297725707060942e-06,2,1000044,residual_full,osm,44
1.0,1.0,0.0153031644987828,4,1000044,residual_full,osm,44
1.0,1.0,0.0043225832207278,8,1000044,residual_full,osm,44
1.0,1.0,0.126052170964535,5,1000044,residual_full,osm,44
0.0837532366880159,0.0081374626606702,0.0110558238945023,4,1000044,residual_full,osm,44
1.0,1.0,0.0011923447085623,6,1000044,residual_full,osm,44
1.0,0.0671336352825164,0.0530494011330223,7,1000044,residual_full,osm,44
0.0237038213499545,0.0,0.0120969745431319,3,1000044,residual_full,osm,44
1.0,1.0,0.0024132921535254,5,1000044,residual_full,osm,44
0.066737094166864,0.0126935662701725,0.0276740726271437,3,1000044,residual_full,osm,44
0.6619962552306057,0.0582267940044403,0.0583613300073692,5,1000044,residual_full,osm,44
0.0439853758719487,0.0,0.0009390340247119,1,1000044,residual_full,osm,44
1.0,1.0,0.0223285399689025,5,1000044,residual_full,osm,44
0.0105368016870737,0.0114285396412014,0.0022838927098698,6,1000044,residual_full,osm,44
1.0,1.0,0.0116639670207001,7,1000044,residual_full,osm,44
1.0,1.0,0.0558087440400543,7,1000044,residual_full,osm,44
1.0,1.0,0.1271914421732632,7,1000044,residual_full,osm,44
0.0028561911537604,0.0032766018994152,0.0006273231810718,5,1000044,residual_full,osm,44
1.0,1.0,0.0120147092203756,5,1000044,residual_full,osm,44
1.0,1.0,0.0644218534967718,8,1000044,residual_full,osm,44
1.0,1.0,0.0509280637110713,7,1000044,residual_full,osm,44
1.0,1.0,0.0050287304388472,5,1000044,residual_full,osm,44
0.7171116386683243,0.112917810678482,0.0988335772659802,7,1000044,residual_full,osm,44
1.0,1.0,0.0141390650593391,4,1000044,residual_full,osm,44
1.0,1.0,0.0129380744444707,7,1000044,residual_full,osm,44
1.0,1.0,0.0274210969820131,8,1000044,residual_full,osm,44
1.0,1.0,0.0001456331509466,2,1000044,residual_full,osm,44
1.4980872716785498e-06,0.0,7.484800018106969e-07,1,1000044,residual_full,osm,44
1.0,1.0,0.0350626883186051,8,1000044,residual_full,osm,44
0.0649435044251157,0.0105157364159822,0.0041547625713387,6,1000044,residual_full,osm,44
0.0180148878035316,0.0,0.0018206238193398,4,1000044,residual_full,osm,44
1.0,1.0,0.0045613818970006,6,1000044,residual_full,osm,44
1.0,1.0,0.0033262652815984,8,1000044,residual_full,osm,44
1.0,1.0,0.0403001071793949,8,1000044,residual_full,osm,44
0.0150562464905297,0.0,0.005872510447355,4,1000044,residual_full,osm,44
0.067788452120565,0.0,0.0051643359318278,4,1000044,residual_full,osm,44
1.0,1.0,0.0202250875013103,6,1000044,residual_full,osm,44
1.0,1.0,0.0015210425230103,3,1000044,residual_full,osm,44
0.0441072139217999,0.0,0.0075492799904539,3,1000044,residual_full,osm,44
0.028103895703921,0.0125293284654617,0.0089521123257409,6,1000044,residual_full,osm,44
0.6047515647979154,0.0772185921669006,0.0545734740808808,8,1000044,residual_full,osm,44
1.0,1.0,0.0126779132849976,7,1000044,residual_full,osm,44
1.0,1.0,0.0824167083186099,8,1000044,residual_full,osm,44
0.0299256522498693,0.0057378937490284,0.0049444886584703,5,1000044,residual_full,osm,44
5.261118113808472e-05,0.0,2.1698968692170543e-05,2,1000044,residual_full,osm,44
0.0572145278410021,0.0012974296696484,0.0060716435932855,4,1000044,residual_full,osm,44
1.0,1.0,0.0054712351603303,7,1000044,residual_full,osm,44
1.0,1.0,0.0331144505099984,7,1000044,residual_full,osm,44
1.0,1.0,0.0102825774215841,8,1000044,residual_full,osm,44
0.0386330569944207,0.0057976627722382,0.0142834765437296,4,1000044,residual_full,osm,44
1.0,1.0,0.0072458204948092,8,1000044,residual_full,osm,44
0.0014849951241101,0.0,0.0008080303353836,2,1000044,residual_full,osm,44
0.5486956117225608,0.0819968357682228,0.0876989743031075,4,1000044,residual_full,osm,44
0.71396432319492,0.0364431589841842,0.0310100935555553,6,1000044,residual_full,osm,44
0.0497468579866181,0.0,0.005696173625519,4,1000044,residual_full,osm,44
1.0,0.0423819720745086,0.0261572724966134,7,1000044,residual_full,osm,44
1.0,1.0,0.0058050698904059,3,1000044,residual_full,osm,44
0.0298743059619961,0.0,0.0119258429406072,3,1000044,residual_full,osm,44
0.036843850402639,0.003538935445249,0.0166639227072512,3,1000044,residual_full,osm,44
1.0,1.0,0.0017969837612904,4,1000044,residual_full,osm,44
1.0,1.0,0.0190447468248688,6,1000044,residual_full,osm,44
0.0023469469194238,0.0,0.0005726871095709,1,1000044,residual_full,osm,44
1.0,1.0,0.0031638983213276,5,1000044,residual_full,osm,44
0.7190131101798171,0.0845894590020179,0.0754448150970902,6,1000044,residual_full,osm,44
0.0411757262533644,0.0,0.0024491363495153,3,1000044,residual_full,osm,44
5.231218480616917e-07,0.0,7.556975553316369e-08,1,1000044,residual_full,osm,44
0.3989356396615855,0.0465045869350433,0.0212917792760727,8,1000044,residual_full,osm,44
0.0223977997638685,0.0,0.005819152642431,2,1000044,residual_full,osm,44
0.0084603562677858,0.0,0.0007503361647601,3,1000044,residual_full,osm,44
0.0004136840150587,0.0,0.0001223936329238,1,1000044,residual_full,osm,44
1.0,1.0,0.0058701965295073,7,1000044,residual_full,osm,44
1.0,1.0,0.0378371183630558,4,1000044,residual_full,osm,44
0.0065307499742126,0.0,0.0032746869486356,4,1000044,residual_full,osm,44
1.0,1.0,0.0409726621581297,8,1000044,residual_full,osm,44
1.0,1.0,0.0186204616202126,5,1000044,residual_full,osm,44
1.0,1.0,0.0855638589835597,8,1000044,residual_full,osm,44
1.0,1.0,0.0382672189603988,3,1000044,residual_full,osm,44
0.0034326043787163,0.0,7.238910815419074e-05,1,1000044,residual_full,osm,44
0.0014793538406324,0.0,0.0008061845796841,1,1000044,residual_full,osm,44
0.0806469602723195,0.0033368309959769,0.0173895859123511,3,1000044,residual_full,osm,44
0.1190218496019753,0.055271953344345,0.0693247070642945,3,1000044,residual_full,osm,44
0.0015914876845078,0.0,0.0005336808953679,1,1000044,residual_full,osm,44
1.0,1.0,0.0443370451627006,7,1000044,residual_full,osm,44
1.0,1.0,0.0092543352904235,8,1000044,residual_full,osm,44
1.0,1.0,0.0049578720038258,7,1000044,residual_full,osm,44
0.0004202653952853,0.0,0.0001426537759806,1,1000044,residual_full,osm,44
1.0,1.0,0.0269569571753012,7,1000044,residual_full,osm,44
0.5282285874704613,0.1082939133048057,0.090999035117794,7,1000044,residual_full,osm,44
4.454455535207735e-06,0.0,7.268692596057147e-07,1,1000044,residual_full,osm,44
1.0,1.0,0.0266259129179417,8,1000044,residual_full,osm,44
0.5537384163423344,0.1071226373314857,0.1276690311995116,2,1000044,residual_full,osm,44
0.0017572090332144,0.0,0.0009129814454808,2,1000044,residual_full,osm,44
1.0,0.0243305824697017,0.0098182452671994,7,1000044,residual_full,osm,44
0.0083903090665662,0.0,0.0035063677745646,2,1000044,residual_full,osm,44
0.0004635321577418,0.0,8.949204893421247e-06,1,1000044,residual_full,osm,44
0.0526369345557095,0.0,0.0035617439752814,2,1000044,residual_full,osm,44
0.3771441806438871,0.0295994766056537,0.0048145953324626,8,1000044,residual_full,osm,44
1.0,1.0,0.011837601464334,5,1000044,residual_full,osm,44
0.5379276160179054,0.1092107072472572,0.1214078952343811,3,1000044,residual_full,osm,44
1.0,1.0,0.0152555377846794,5,1000044,residual_full,osm,44
1.0,1.0,0.0197399218157493,6,1000044,residual_full,osm,44
0.0484300288991857,0.0,0.0153625274382632,2,1000044,residual_full,osm,44
1.0,1.0,0.0037200501863036,8,1000044,residual_full,osm,44
1.0,1.0,0.0060556274437649,5,1000044,residual_full,osm,44
1.0,1.0,0.0381953938102231,6,1000044,residual_full,osm,44
1.0,1.0,0.0008125567593217,4,1000044,residual_full,osm,44
1.0,1.0,0.0102686253705336,7,1000044,residual_full,osm,44
0.034034217618444,0.0,0.0164497554056014,1,1000044,residual_full,osm,44
0.080236593501053,0.0,0.0173046421704983,1,1000044,residual_full,osm,44
0.0079617887145799,0.0,0.0043087729115212,2,1000044,residual_full,osm,44
1.0,1.0,0.0030653636459223,8,1000044,residual_full,osm,44
1.0,1.0,0.0360668327624576,8,1000044,residual_full,osm,44
0.0513987480761428,0.0303332060575485,0.0221164352008959,6,1000044,residual_full,osm,44
1.0,1.0,0.0170145018662223,8,1000044,residual_full,osm,44
0.0077353340835376,0.0,0.0028407272096772,4,1000044,residual_full,osm,44
1.0,1.0,0.015008267433257,6,1000044,residual_full,osm,44
1.0,1.0,0.0106254977353321,5,1000044,residual_full,osm,44
1.0,1.0,0.0288445622755456,3,1000044,residual_full,osm,44
1.0,1.0,0.0005472233331943,1,1000044,residual_full,osm,44
0.0447022954506715,0.0066964426077902,0.0049750996554433,5,1000044,residual_full,osm,44
1.0,1.0,0.0213837963823254,8,1000044,residual_full,osm,44
1.0,1.0,0.0110932685645154,3,1000044,residual_full,osm,44
0.0179616703072531,0.0,0.0016012001042273,3,1000044,residual_full,osm,44
0.1392051277514289,0.0741405934095382,0.0687075231451585,6,1000044,residual_full,osm,44
1.0,1.0,0.0010293317805619,8,1000044,residual_full,osm,44
0.0088184490951347,0.0,0.0013423044346499,3,1000044,residual_full,osm,44
0.0576992012128467,0.0,0.0064048869690984,1,1000044,residual_full,osm,44
1.0,0.0364414304494857,0.0254410978367688,6,1000044,residual_full,osm,44
0.0002655206686891,0.0,4.312304558535238e-05,1,1000044,residual_full,osm,44
0.0464273786111556,0.0179065261036157,0.0069061911456267,6,1000044,residual_full,osm,44
1.0,1.0,0.0086904502155723,7,1000044,residual_full,osm,44
0.0113290065751494,0.0,0.0006196473181674,4,1000044,residual_full,osm,44
5.668349583043408e-07,0.0,1.204531189069133e-07,1,1000044,residual_full,osm,44
0.0002655206686891,0.0,4.312304558535238e-05,1,1000044,residual_full,osm,44
1.0,1.0,0.0391992982415964,8,1000044,residual_full,osm,44
0.0083854407304756,0.0,0.0024102790720142,3,1000044,residual_full,osm,44
1.0,1.0,0.0036597229117434,7,1000044,residual_full,osm,44
1.0,1.0,0.0069546070336199,8,1000044,residual_full,osm,44
1.0,1.0,3.960895852620724e-05,1,1000044,residual_full,osm,44
0.5510605461514919,0.0225798711180686,0.0421986938519605,2,1000044,residual_full,osm,44
1.0,1.0,0.0005684296866787,2,1000044,residual_full,osm,44
1.0,1.0,0.0135081512093705,7,1000044,residual_full,osm,44
1.0,1.0,0.0057437987976525,8,1000044,residual_full,osm,44
1.0,1.0,0.0006879197919481,3,1000044,residual_full,osm,44
0.0965583503489984,0.0,0.0068874387687005,3,1000044,residual_full,osm,44
0.0123997879684807,0.0,0.0036619860525081,4,1000044,residual_full,osm,44
0.0416801278095212,0.0161206144839525,0.006048116252903,6,1000044,residual_full,osm,44
0.0259882399433281,0.0,0.0152901136412818,1,1000044,residual_full,osm,44
0.000141887503921,0.0,5.934105085458177e-05,1,1000044,residual_full,osm,44
0.0065167587977461,0.0,0.0015386895711308,2,1000044,residual_full,osm,44
0.0010806962141624,0.0,0.0003816159156833,1,1000044,residual_full,osm,44
1.0,1.0,0.0048101859639366,3,1000044,residual_full,osm,44
1.0,1.0,0.01028094759515,7,1000044,residual_full,osm,44
1.0,1.0,0.0035068965144844,6,1000044,residual_full,osm,44
1.0,1.0,0.0319763679637807,8,1000044,residual_full,osm,44
1.0,1.0,0.0026463989554349,4,1000044,residual_full,osm,44
1.0,0.0299237556755542,0.0062087262147736,8,1000044,residual_full,osm,44
0.3762352529293631,0.0108880484476685,0.0100946432918656,5,1000044,residual_full,osm,44
1.0,1.0,0.0247838663607789,6,1000044,residual_full,osm,44
1.0,1.0,0.0105665266945538,7,1000044,residual_full,osm,44
0.0171590730366706,0.0,0.0005704974403278,4,1000044,residual_full,osm,44
1.0,1.0,0.0041420809914276,7,1000044,residual_full,osm,44
1.0,1.0,0.0176118262444121,8,1000044,residual_full,osm,44
1.0,1.0,0.006462318130441,6,1000044,residual_full,osm,44
1.0,0.0270320363342762,0.0197431584484085,6,1000044,residual_full,osm,44
1.0,1.0,0.0311275958003836,8,1000044,residual_full,osm,44
1.0,1.0,0.004313343154027,4,1000044,residual_full,osm,44
1.0,1.0,0.0046675861908483,7,1000044,residual_full,osm,44
1.0,1.0,0.0584647738677277,6,1000044,residual_full,osm,44
1.0,1.0,0.0069857096556827,6,1000044,residual_full,osm,44
0.0047250891623691,0.0,0.001429553271279,2,1000044,residual_full,osm,44
0.0409872526587395,0.0,0.0029899374769463,2,1000044,residual_full,osm,44
1.0,0.0933866202831268,0.0771619227700605,7,1000044,residual_full,osm,44
1.0,1.0,0.0190874210884235,8,1000044,residual_full,osm,44
0.0241430113892475,0.0099844932556152,0.0073352148400404,5,1000044,residual_full,osm,44
1.0,1.0,0.0248776263076356,6,1000044,residual_full,osm,44
1.0,1.0,0.0027991687910133,6,1000044,residual_full,osm,44
0.0089924359924619,0.0008292023558169,0.0018916845684153,5,1000044,residual_full,osm,44
0.5272788262812739,0.0555260404944419,0.0816370471532142,1,1000044,residual_full,osm,44
1.0,1.0,0.0220910707813855,8,1000044,residual_full,osm,44
0.0313054429116659,0.0378482118248939,0.0152030917924254,8,1000044,residual_full,osm,44
1.0,1.0,0.0184842192615064,4,1000044,residual_full,osm,44
0.0063724567833126,0.0,0.0007691835163394,1,1000044,residual_full,osm,44
0.0025273543845475,0.0,0.0008999561929659,2,1000044,residual_full,osm,44
1.0,1.0,0.0016146956666515,5,1000044,residual_full,osm,44
0.0034342551911604,0.0,7.307882011490864e-05,2,1000044,residual_full,osm,44
1.0,1.0,0.0568516971976501,6,1000044,residual_full,osm,44
1.0,1.0,0.0061650084670506,3,1000044,residual_full,osm,44
1.0,1.0,0.0642825574944086,8,1000044,residual_full,osm,44
0.0027658798932674,0.0,0.001533906503961,2,1000044,residual_full,osm,44
0.3526869303701904,0.0063929860480129,0.0065275213461941,4,1000044,residual_full,osm,44
1.0,1.0,0.1629542593466986,6,1000044,residual_full,osm,44
1.0,1.0,1.8890188354178791e-06,1,1000044,residual_full,osm,44
1.0,1.0,0.000181161690947,3,1000044,residual_full,osm,44
1.0,1.0,0.0056800547095954,4,1000044,residual_full,osm,44
0.0019659327934301,0.0,0.0008064885563901,1,1000044,residual_full,osm,44
5.231218480616917e-07,0.0,7.556975553316369e-08,1,1000044,residual_full,osm,44
1.0,1.0,0.01165412705226,6,1000044,residual_full,osm,44
1.0,1.0,0.0073374755246606,3,1000044,residual_full,osm,44
1.0,1.0,0.0173947853666518,4,1000044,residual_full,osm,44
1.0,1.0,0.0042735109771315,5,1000044,residual_full,osm,44
1.0,0.0443008057773113,0.0379398309486162,6,1000044,residual_full,osm,44
1.0,1.0,0.0045976547260952,6,1000044,residual_full,osm,44
0.0141884722042651,0.0,0.0017184998464551,3,1000044,residual_full,osm,44
0.7125709717080598,0.0136575205251574,0.023071215040526,3,1000044,residual_full,osm,44
0.0771199796248806,0.0059370719827711,0.0116392076150272,4,1000044,residual_full,osm,44
0.1761242643839502,0.0652693510055542,0.0858157531445409,2,1000044,residual_full,osm,44
1.0,1.0,4.496373762341848e-06,2,1000044,residual_full,osm,44
1.0,1.0,0.0001260893558682,3,1000044,residual_full,osm,44
0.0144072054858217,0.0,0.0066665823748437,3,1000044,residual_full,osm,44
0.0315556027889315,0.0,0.0151381113040719,1,1000044,residual_full,osm,44
0.007162264848995,0.0005963552976027,0.0016588375441957,5,1000044,residual_full,osm,44
1.0,1.0,0.0040936923552559,6,1000044,residual_full,osm,44
0.0312828570817733,0.0960293933749198,0.0149619300999151,5,10,direct_full,synthetic,55
0.062467672789408,0.0258617624640464,0.0343414745421356,2,10,direct_full,synthetic,55
0.1666256816640031,0.0777112320065498,0.1003209922508394,6,10,direct_full,synthetic,55
0.0012519903187084,0.0267702378332614,0.000846798276578,2,10,direct_full,synthetic,55
0.1136078156695235,0.0962263196706771,0.0702351051126904,8,10,direct_full,synthetic,55
1.0,1.0,0.0009026222994387,1,10,direct_full,synthetic,55
0.0134591500605834,0.0430953130125999,0.0085871985417926,4,10,direct_full,synthetic,55
0.1050992456257885,0.1062450408935546,0.0636455018484984,7,10,direct_full,synthetic,55
0.1867060783821225,0.0344462618231773,0.1009439774792155,3,10,direct_full,synthetic,55
0.0048091056309185,0.0235834661871194,0.0036666554889687,2,10,direct_full,synthetic,55
0.0366988489813815,0.0616348683834075,0.0198982930481022,5,10,direct_full,synthetic,55
0.0015708286304352,0.0277097281068563,0.0005326193088752,1,10,direct_full,synthetic,55
1.0,1.0,0.0399358029755911,7,10,direct_full,synthetic,55
0.0008697670111069,0.0274380780756473,0.0004676825447669,2,10,direct_full,synthetic,55
0.14176888237931,0.0975195989012718,0.0487529792791456,7,10,direct_full,synthetic,55
0.004688336312419,0.0335315465927124,0.00334433629858,3,10,direct_full,synthetic,55
0.0061708994450547,0.0212541799992322,0.0046006819305623,1,10,direct_full,synthetic,55
0.0328106664489672,0.0477015487849712,0.0177294792237159,5,10,direct_full,synthetic,55
0.0158725244640451,0.1218524873256683,0.0075430436818932,7,10,direct_full,synthetic,55
0.035643385722668,0.0272584222257137,0.022422311854632,2,10,direct_full,synthetic,55
0.1297079926905676,0.166665494441986,0.0770153711902746,7,11,direct_full,synthetic,55
0.0350509283908064,0.0474621504545211,0.0189293279280228,3,11,direct_full,synthetic,55
0.0139295829442473,0.0520068183541297,0.0088294350014161,4,11,direct_full,synthetic,55
0.0060892728694811,0.0331571996212005,0.0044991742294622,3,11,direct_full,synthetic,55
0.0579146877398847,0.1097088232636451,0.0298060649680032,6,11,direct_full,synthetic,55
0.0553438107186664,0.0820033848285675,0.009055618092522,4,11,direct_full,synthetic,55
0.012896765004515,0.1138461902737617,0.0087092410223839,7,11,direct_full,synthetic,55
0.0053406087111947,0.0611527971923351,0.0037045382758778,5,11,direct_full,synthetic,55
0.0698512678644418,0.0622230432927608,0.0408430711825131,5,11,direct_full,synthetic,55
0.0009219320874979,0.0219797007739543,0.0002881777765906,1,11,direct_full,synthetic,55
0.2612912589404683,0.1321742236614227,0.1387826175997299,8,11,direct_full,synthetic,55
0.0005314790179311,0.024977870285511,0.0004255677803181,2,11,direct_full,synthetic,55
0.0169813153814626,0.0299320816993713,0.0099715809100755,2,11,direct_full,synthetic,55
0.004001076148573,0.0214982200413942,0.0031170605491079,1,11,direct_full,synthetic,55
0.0308831407630291,0.0861285403370857,0.0216819685701952,6,11,direct_full,synthetic,55
1.0,1.0,0.0238867161569123,4,11,direct_full,synthetic,55
0.0049272173472467,0.0327363982796669,0.0030824229060369,3,11,direct_full,synthetic,55
0.0366784130171382,0.0736684426665306,0.024505695732965,5,11,direct_full,synthetic,55
0.2934473178170187,0.1401319205760955,0.1431027256416084,8,11,direct_full,synthetic,55
0.0385005057884398,0.0910323113203048,0.0268211582777217,6,11,direct_full,synthetic,55
0.0413746337984453,0.0563760660588741,0.0329055951191683,8,19,direct_full,synthetic,55
0.119152419251939,0.0595295429229736,0.0368899195009599,8,19,direct_full,synthetic,55
0.0069846445604014,0.0285261161625385,0.0019885162496428,2,19,direct_full,synthetic,55
0.0001141815126938,0.0195428524166345,8.210775407612654e-05,1,19,direct_full,synthetic,55
0.0393212069867103,0.0403393767774105,0.0310773244146921,6,19,direct_full,synthetic,55
0.0010893647798111,0.0205368064343929,0.0009648458159193,2,19,direct_full,synthetic,55
0.0191165485557502,0.0471208915114402,0.0151456644200809,7,19,direct_full,synthetic,55
0.0004317936133013,0.0206140223890543,0.0003842627634999,2,19,direct_full,synthetic,55
0.0005581346836117,0.0192272402346134,0.0004107465815914,1,19,direct_full,synthetic,55
0.0168701342022941,0.0330251827836036,0.0135311712527198,4,19,direct_full,synthetic,55
0.0006808491262557,0.0214358661323785,0.0004855306003339,2,19,direct_full,synthetic,55
3.408198197663026e-05,0.0191751234233379,1.5681945407393614e-05,1,19,direct_full,synthetic,55
0.0117173988973638,0.0351943336427211,0.0093687694990656,5,19,direct_full,synthetic,55
0.0003214610922347,0.0243007838726043,0.0002133205510626,2,19,direct_full,synthetic,55
0.00378933584174,0.0316544622182846,0.0031591333954703,4,19,direct_full,synthetic,55
0.0002789500853017,0.0232413839548826,0.0002135911765419,2,19,direct_full,synthetic,55
0.0040851522849614,0.0428007021546363,0.0032528630507871,6,19,direct_full,synthetic,55
0.0062219079183341,0.047118205577135,0.005035184022887,8,19,direct_full,synthetic,55
0.0010724109378046,0.0352307595312595,0.0008581426991291,6,19,direct_full,synthetic,55
0.0105717464121624,0.0445821098983287,0.0080579491208044,6,19,direct_full,synthetic,55
0.0044160707115344,0.031454112380743,0.0029959764283813,2,23,direct_full,synthetic,55
0.0034064238486429,0.0379302874207496,0.0023266169630649,3,23,direct_full,synthetic,55
0.0664403930870092,0.0324920862913131,0.0346054992901796,3,23,direct_full,synthetic,55
0.1258441712766519,0.0846140906214714,0.0632598947747878,4,23,direct_full,synthetic,55
0.004082063097302,0.030262541025877,0.0031788639251308,3,23,direct_full,synthetic,55
0.0178505105402533,0.0248111523687839,0.006374681041396,1,23,direct_full,synthetic,55
0.010532697355042,0.0462887957692146,0.007726581480538,3,23,direct_full,synthetic,55
0.0068700314052259,0.0627757981419563,0.0035096707092725,5,23,direct_full,synthetic,55
0.0141389110680372,0.1284435987472534,0.0080084510808092,8,23,direct_full,synthetic,55
0.0001698100149806,0.0403395295143127,0.0001303739834632,3,23,direct_full,synthetic,55
0.0122286689533249,0.0386147387325763,0.0085822188631853,3,23,direct_full,synthetic,55
0.0001175282450726,0.0199932511895895,9.249561219993792e-05,1,23,direct_full,synthetic,55
1.0,0.1328863352537155,0.0313192722515931,8,23,direct_full,synthetic,55
0.0015382184087583,0.0590537041425704,0.0011757258520597,4,23,direct_full,synthetic,55
0.0008986908144427,0.0326385572552681,0.0006547445913651,2,23,direct_full,synthetic,55
0.0019560360892179,0.1035936921834945,0.0008527579586144,2,23,direct_full,synthetic,55
0.2193567131115411,0.0425554700195789,0.1232795230753727,3,23,direct_full,synthetic,55
0.0115418893992869,0.091739185154438,0.007812269619199,7,23,direct_full,synthetic,55
0.0007961954901742,0.0700579062104225,0.0005784279774153,5,23,direct_full,synthetic,55
0.0018816011346212,0.0385777838528156,0.0012563960872339,3,23,direct_full,synthetic,55
0.0075712790789042,0.0211614798754453,0.0061745846905676,2,25,direct_full,synthetic,55
0.007310239333702,0.0313019342720508,0.0058134162676812,5,25,direct_full,synthetic,55
0.003477181816476,0.0237689726054668,0.0029185250769576,3,25,direct_full,synthetic,55
0.0064354767617542,0.070566177368164,0.0044448703209656,8,25,direct_full,synthetic,55
0.0095714003792236,0.0360460989177227,0.0063849443810524,5,25,direct_full,synthetic,55
0.0270693244049002,0.044610146433115,0.0217495975585937,7,25,direct_full,synthetic,55
0.0210413847495819,0.024825545027852,0.0119018558790987,2,25,direct_full,synthetic,55
0.0058352832399475,0.0785423293709755,0.0043198414500153,8,25,direct_full,synthetic,55
0.0101517432244141,0.0230614598840475,0.0077356516390685,2,25,direct_full,synthetic,55
0.000611370782402,0.0185078270733356,0.0004145604569428,1,25,direct_full,synthetic,55
0.0071450945211737,0.0379997789859771,0.0049820854416127,6,25,direct_full,synthetic,55
0.0014881814541616,0.0523649416863918,0.0010674696746874,7,25,direct_full,synthetic,55
0.0033588319252182,0.0355069562792778,0.0025145998827475,5,25,direct_full,synthetic,55
0.0142282765085056,0.0314805060625076,0.011631686869976,4,25,direct_full,synthetic,55
0.0042808696602117,0.0323096886277198,0.0032828830317927,4,25,direct_full,synthetic,55
0.003024933870403,0.0224561691284179,0.0024557775888149,2,25,direct_full,synthetic,55
0.0018286247914625,0.0307086613029241,0.0013042385418919,4,25,direct_full,synthetic,55
0.0127553125786858,0.0213779937475919,0.0098525536468638,2,25,direct_full,synthetic,55
0.0015856427664858,0.018749276176095,0.0013029692321985,1,25,direct_full,synthetic,55
0.0032613505900001,0.0273486580699682,0.002216920643251,3,25,direct_full,synthetic,55
0.0286215164697496,0.0496789030730724,0.0186254183040146,3,38,direct_full,synthetic,55
0.086498408617251,0.1024091094732284,0.0548672898686345,3,38,direct_full,synthetic,55
0.112914503039387,0.2110601216554641,0.0700595914289624,7,38,direct_full,synthetic,55
0.1084903213981788,0.2054679542779922,0.0633826979205633,7,38,direct_full,synthetic,55
1.0,0.0452483147382736,0.1267373801122017,8,38,direct_full,synthetic,55
1.0,1.0,0.0644989437236572,8,38,direct_full,synthetic,55
0.0019314158400774,0.0348496548831462,0.0006957921624502,1,38,direct_full,synthetic,55
1.0,0.9958588480949402,0.0287232079464732,2,38,direct_full,synthetic,55
0.00233920967994,0.0484396107494831,0.0009385690019446,3,38,direct_full,synthetic,55
1.0,1.0,0.0686418227468436,6,38,direct_full,synthetic,55
0.2334693157402775,0.1461874097585678,0.0602894241158854,5,38,direct_full,synthetic,55
0.0002114292871928,0.0352346301078796,0.0001564927113814,2,38,direct_full,synthetic,55
1.0,0.122814767062664,0.1858058211126649,4,38,direct_full,synthetic,55
0.0019314158400774,0.0348496548831462,0.0006957921624502,1,38,direct_full,synthetic,55
1.0,0.0482960231602191,0.0967273059864238,8,38,direct_full,synthetic,55
1.0,0.0311460457742214,0.1153659375445655,3,38,direct_full,synthetic,55
0.0072088248829486,0.0329848080873489,0.0050306958010812,2,38,direct_full,synthetic,55
0.0514057591018525,0.1948812007904052,0.0392581782759293,7,38,direct_full,synthetic,55
0.0002318401075208,0.0252978224307298,0.0001487052199754,1,38,direct_full,synthetic,55
0.131940631140365,0.289887398481369,0.075299377801134,8,38,direct_full,synthetic,55
0.0003486145980065,0.0233042817562818,0.0001944136293068,1,45,direct_full,synthetic,55
0.0038309406913613,0.0383699052035808,0.0025095442834594,5,45,direct_full,synthetic,55
0.0223957650747419,0.0601662248373031,0.0171686396497108,8,45,direct_full,synthetic,55
0.0914649195045045,0.0259612035006284,0.0545845919351511,2,45,direct_full,synthetic,55
0.0034789007055154,0.0240041874349117,0.0028198377058612,2,45,direct_full,synthetic,55
0.026101431216716,0.0314492247998714,0.0128014497901306,4,45,direct_full,synthetic,55
0.0066957752493796,0.0268889553844928,0.0053043237563017,3,45,direct_full,synthetic,55
0.011323384542569,0.0452391058206558,0.007652772354329,6,45,direct_full,synthetic,55
0.080265023587166,0.0319685600697994,0.0567343053898225,4,45,direct_full,synthetic,55
6.316467036238116e-05,0.0204649120569229,1.762749901851229e-05,1,45,direct_full,synthetic,55
0.0944803503417776,0.0566499903798103,0.0718397498470424,8,45,direct_full,synthetic,55
0.0093185715266508,0.081548660993576,0.0057649843977497,8,45,direct_full,synthetic,55
0.1288542640535621,0.0535740293562412,0.0647448420629873,6,45,direct_full,synthetic,55
0.0033947713105424,0.0326767042279243,0.0027663458476311,4,45,direct_full,synthetic,55
0.0001198233171076,0.0246611163020133,8.934999738026708e-05,2,45,direct_full,synthetic,55
0.0881843722311963,0.0239856727421283,0.0551307218611049,2,45,direct_full,synthetic,55
3.2573647010814e-06,0.0192944481968879,2.6193300846779414e-06,1,45,direct_full,synthetic,55
0.0048143799279795,0.0271254945546388,0.0028472166489559,2,45,direct_full,synthetic,55
0.0288013439898661,0.0310020465403795,0.0226850729205318,4,45,direct_full,synthetic,55
6.59543052039524e-06,0.0209134370088577,4.602394336789961e-06,1,45,direct_full,synthetic,55
0.0005305724873102,0.0213432572782039,0.0003782969844417,1,49,direct_full,synthetic,55
0.4639025191625925,0.1001773998141288,0.1825834118922036,8,49,direct_full,synthetic,55
0.0024385198020331,0.0195077583193779,0.0020270820536373,1,49,direct_full,synthetic,55
0.0097323542049261,0.0377400740981102,0.0071743028460077,3,49,direct_full,synthetic,55
0.0075873849017793,0.0715195462107658,0.0047219758760966,4,49,direct_full,synthetic,55
0.0118291012244581,0.0644611865282058,0.0092425297847393,6,49,direct_full,synthetic,55
0.0188386982634013,0.0744813382625579,0.0128850213606734,7,49,direct_full,synthetic,55
0.1328639027997402,0.0832332000136375,0.022562988384864,6,49,direct_full,synthetic,55
0.0447264451111989,0.0663897842168808,0.0346573942471734,6,49,direct_full,synthetic,55
0.0698962868715713,0.0289628636091947,0.0455262003627577,2,49,direct_full,synthetic,55
0.0381204101132991,0.0780572816729545,0.0220794278944643,7,49,direct_full,synthetic,55
0.0355638300692874,0.0501463375985622,0.0203131387073954,5,49,direct_full,synthetic,55
0.0453685990088302,0.0384853854775428,0.0274970608161537,4,49,direct_full,synthetic,55
0.0008901107306509,0.040740743279457,0.0006906221544193,4,49,direct_full,synthetic,55
0.0023723829619475,0.0249525718390941,0.0019475007286989,2,49,direct_full,synthetic,55
0.1806218939218266,0.1350096315145492,0.1255794518506207,8,49,direct_full,synthetic,55
0.0368652079225786,0.0633061751723289,0.0222663474243242,5,49,direct_full,synthetic,55
0.015737983092031,0.0372752360999584,0.01135907459767,4,49,direct_full,synthetic,55
0.0861795730361969,0.0388886407017707,0.0411843817953538,3,49,direct_full,synthetic,55
0.1631912627040945,0.0387117303907871,0.0588640295597527,3,49,direct_full,synthetic,55
0.0002828327758727,0.0191118661314249,0.0002426022658857,1,60,direct_full,synthetic,55
0.042290169112775,0.0518476925790309,0.0182212671691831,3,60,direct_full,synthetic,55
0.0115805471556057,0.0225855205208063,0.0094508999540338,2,60,direct_full,synthetic,55
0.0015336509088788,0.0364419929683208,0.0013345069432975,5,60,direct_full,synthetic,55
0.1077267282022333,0.0410335026681423,0.0599038597057442,4,60,direct_full,synthetic,55
0.0010105294948813,0.0266031567007303,0.000828481264849,3,60,direct_full,synthetic,55
0.0017698207221538,0.0311324298381805,0.0013355495955288,4,60,direct_full,synthetic,55
0.0182728816052898,0.0457484424114227,0.0136405981941657,6,60,direct_full,synthetic,55
0.0263263644090246,0.0021784636192023,0.0159165466748368,5,60,direct_full,synthetic,55
3.700635835102162e-05,0.0191118661314249,3.1941575780087974e-05,1,60,direct_full,synthetic,55
0.0232537282499798,0.1225387379527092,0.0136260367957753,7,60,direct_full,synthetic,55
0.0557161619948162,0.0565539598464965,0.028795509192364,5,60,direct_full,synthetic,55
0.0380812439496285,0.0731728672981262,0.0238169106481364,8,60,direct_full,synthetic,55
0.0418583473691854,0.0433971658349037,0.0090635613488058,4,60,direct_full,synthetic,55
0.010508563669024,0.0620786398649215,0.0016243751063879,4,60,direct_full,synthetic,55
0.0223178286630599,0.0657598972320556,0.0149769931918407,6,60,direct_full,synthetic,55
0.1144135910254593,0.106825865805149,0.0683793974850269,8,60,direct_full,synthetic,55
0.054634894645976,0.0970444604754448,0.0310510629797,8,60,direct_full,synthetic,55
0.0118514607054914,0.0233755931258201,0.0069130524605943,1,60,direct_full,synthetic,55
0.0135113718641167,0.0732586085796356,0.0087513972503358,7,60,direct_full,synthetic,55
0.0216775385604459,0.0601637810468673,0.0158645727645657,6,69,direct_full,synthetic,55
0.0026893852802747,0.0249686799943447,0.0020688148452635,2,69,direct_full,synthetic,55
0.0015184727692261,0.0651378780603408,0.0010405812562703,7,69,direct_full,synthetic,55
0.0555146091647519,0.1325853317975998,0.0416300953676761,7,69,direct_full,synthetic,55
0.0339822945205916,0.0301244314759969,0.0179091005045571,3,69,direct_full,synthetic,55
0.0062056765534421,0.056185245513916,0.0047948945530719,6,69,direct_full,synthetic,55
8.630153751632008e-07,0.0206639766693115,6.911265404431016e-07,1,69,direct_full,synthetic,55
0.0197187236297946,0.0651017799973487,0.0150929974827368,6,69,direct_full,synthetic,55
0.0001408445414535,0.0202716588973999,0.0001087454714655,1,69,direct_full,synthetic,55
0.000139927785059,0.0230380967259407,7.404003741498854e-05,1,69,direct_full,synthetic,55
0.0237028768903674,0.1156251728534698,0.006050267569817,7,69,direct_full,synthetic,55
0.4532710157866353,0.1161713674664497,0.2703558109068305,8,69,direct_full,synthetic,55
0.0037440166814326,0.0251055341213941,0.0029233559361859,2,69,direct_full,synthetic,55
0.0256788979498389,0.0973593220114708,0.0072155400327982,6,69,direct_full,synthetic,55
4.670047403787514e-06,0.0190713088959455,2.871782492733191e-06,1,69,direct_full,synthetic,55
0.0001709016002512,0.0751376748085022,7.705583560261737e-05,2,69,direct_full,synthetic,55
0.0192448828939211,0.0476648360490798,0.0145906884740401,6,69,direct_full,synthetic,55
0.3043173604607337,0.0618059784173965,0.1173907593396879,4,69,direct_full,synthetic,55
0.004995304822697,0.0580489300191402,0.0036627930750252,6,69,direct_full,synthetic,55
0.0423882775712026,0.0284982528537511,0.0319253293768589,3,69,direct_full,synthetic,55
0.0155599891438376,0.049974400550127,0.0089858047203718,3,84,direct_full,synthetic,55
0.3345266934471828,0.058089043945074,0.1206792564222461,4,84,direct_full,synthetic,55
0.0012380265005837,0.0339375920593738,0.0006572944170998,2,84,direct_full,synthetic,55
0.0844549700562395,0.1220751702785492,0.0516687666290949,7,84,direct_full,synthetic,55
0.4247958261055402,0.030662590637803,0.1921319769862852,2,84,direct_full,synthetic,55
0.1159952964439546,0.1361254155635833,0.0757410385411614,7,84,direct_full,synthetic,55
0.0743233712664186,0.0772665590047836,0.0355150150294919,5,84,direct_full,synthetic,55
0.0540377594141066,0.0551946237683296,0.0226467064539965,4,84,direct_full,synthetic,55
1.0,1.0,0.0274426851173862,6,84,direct_full,synthetic,55
0.0456325168744878,0.0950342491269111,0.0239799842853391,6,84,direct_full,synthetic,55
0.0109015767661742,0.0477810129523277,0.0061012388261338,4,84,direct_full,synthetic,55
0.0192924775962287,0.0524363778531551,0.0100776556883213,4,84,direct_full,synthetic,55
0.0314239487925355,0.0686467811465263,0.0137305394126695,4,84,direct_full,synthetic,55
0.0472970709059842,0.116418533027172,0.0246347299614694,7,84,direct_full,synthetic,55
0.0084913639820631,0.0252633709460496,0.006152480633149,2,84,direct_full,synthetic,55
0.0031241210687045,0.0366745106875896,0.0012737390775537,3,84,direct_full,synthetic,55
0.0263018254447285,0.1345710903406143,0.0156538909651202,8,84,direct_full,synthetic,55
0.0097207944180279,0.0583766065537929,0.0061432942712368,3,84,direct_full,synthetic,55
0.310507282138042,0.0706856027245521,0.0925239297387997,5,84,direct_full,synthetic,55
0.0255345136559441,0.1299978941679,0.0152852949841803,8,84,direct_full,synthetic,55
0.0332186749653766,0.0410725101828575,0.022669384064526,4,86,direct_full,synthetic,55
0.032059717088767,0.0709086284041404,0.0209036149388438,7,86,direct_full,synthetic,55
1.0,1.0,0.0063002018494835,5,86,direct_full,synthetic,55
0.0036222931168555,0.0406769588589668,0.0024284641322455,4,86,direct_full,synthetic,55
0.3896631307816147,0.1617723554372787,0.0930220741547474,7,86,direct_full,synthetic,55
0.0056531944434669,0.037230908870697,0.0044303465884466,5,86,direct_full,synthetic,55
0.0056670884342283,0.0876512750983238,0.0042980933025059,8,86,direct_full,synthetic,55
0.0712724072473809,0.0467484332621097,0.0426143431297205,5,86,direct_full,synthetic,55
0.010183108620332,0.0314859263598918,0.0063551378495072,3,86,direct_full,synthetic,55
0.0009547143458668,0.0453154556453228,0.0006864165046641,4,86,direct_full,synthetic,55
0.0018140585262987,0.0345573537051677,0.0013471076510753,4,86,direct_full,synthetic,55
0.0065074026745103,0.0396959818899631,0.0048973020312253,5,86,direct_full,synthetic,55
0.0051656890768203,0.0274184048175811,0.0039206994380478,2,86,direct_full,synthetic,55
0.0004105376731721,0.0234121214598417,0.0002816549697923,2,86,direct_full,synthetic,55
0.0045694922083077,0.0232240594923496,0.0037546122786628,2,86,direct_full,synthetic,55
0.0291219287926084,0.0565038472414016,0.0184109846164227,5,86,direct_full,synthetic,55
0.3495142870448795,0.0857604295015335,0.0720248575543877,3,86,direct_full,synthetic,55
0.0293968652360261,0.0218558441847562,0.0119022225863701,1,86,direct_full,synthetic,55
0.0247230360870586,0.035818263888359,0.0100097753748566,3,86,direct_full,synthetic,55
0.0102007383256453,0.0667115524411201,0.0065135011451588,8,86,direct_full,synthetic,55
0.0687535153061591,0.174380213022232,0.0489527917052352,8,94,direct_full,synthetic,55
0.000917388839601,0.0233819335699081,0.0004516783054948,1,94,direct_full,synthetic,55
0.0259965554211861,0.0422408655285835,0.0127004918660191,3,94,direct_full,synthetic,55
0.0507537979336656,0.1793221086263656,0.0259427523913648,8,94,direct_full,synthetic,55
0.0001251150686911,0.0215145144611597,0.0001025118130206,1,94,direct_full,synthetic,55
0.0098763731366126,0.0943123325705528,0.0079702287255558,7,94,direct_full,synthetic,55
0.0029358066595992,0.0351639948785305,0.0025003580348829,2,94,direct_full,synthetic,55
0.0174409136204727,0.1438312083482742,0.0064649737848133,7,94,direct_full,synthetic,55
0.0124955088981963,0.0576590001583099,0.0064197141488289,4,94,direct_full,synthetic,55
0.0071667705049663,0.0632407739758491,0.0043387019860963,5,94,direct_full,synthetic,55
0.0192711083927665,0.2017540335655212,0.0099939645145285,8,94,direct_full,synthetic,55
0.009625761627808,0.0895162001252174,0.0037819103381307,5,94,direct_full,synthetic,55
0.0648388662213261,0.0653927102684974,0.0114850837675216,5,94,direct_full,synthetic,55
0.0309764699300866,0.1706763654947281,0.0214340888247882,8,94,direct_full,synthetic,55
0.0187966952351477,0.1426796615123748,0.0092462957572092,6,94,direct_full,synthetic,55
1.9495586733975223e-05,0.0220588743686676,1.3845882741622572e-05,1,94,direct_full,synthetic,55
0.0057756993662463,0.0215145144611597,0.0048923777855789,1,94,direct_full,synthetic,55
0.1685204011216291,0.087082989513874,0.0859618818269104,5,94,direct_full,synthetic,55
0.0070204643739512,0.0399758890271186,0.0050177289311006,3,94,direct_full,synthetic,55
0.0099623192340894,0.0900031849741935,0.0054878409034797,5,94,direct_full,synthetic,55
1.0,1.0,0.0224495589875692,8,95,direct_full,synthetic,55
0.0004226138589955,0.0238988567143678,0.000346318703242,3,95,direct_full,synthetic,55
0.3418421328741295,0.0415084138512611,0.2611083410863886,6,95,direct_full,synthetic,55
0.0002285383946412,0.0187631640583276,0.0001948895538329,1,95,direct_full,synthetic,55
0.0008356568204012,0.0346393063664436,0.0007001392259461,5,95,direct_full,synthetic,55
0.0034101512821246,0.0375037975609302,0.0026571865820769,5,95,direct_full,synthetic,55
0.0245454219783357,0.0529395341873168,0.0206845921683328,6,95,direct_full,synthetic,55
0.015871743138484,0.0595751479268074,0.011183177959059,8,95,direct_full,synthetic,55
0.0031043588968289,0.0479052141308784,0.0022603171025812,7,95,direct_full,synthetic,55
0.0005246208752973,0.0352274999022483,0.0004542268791651,4,95,direct_full,synthetic,55
0.0002892590148642,0.0281451791524887,0.0001517401000151,2,95,direct_full,synthetic,55
0.0006334970673503,0.0353829860687255,0.000547070593189,4,95,direct_full,synthetic,55
0.0050670931986501,0.0190713088959455,0.0041191953719286,1,95,direct_full,synthetic,55
0.0202441958207998,0.0304802730679512,0.0160631910945825,4,95,direct_full,synthetic,55
0.0015851100639738,0.0235098730772733,0.0011834769654455,2,95,direct_full,synthetic,55
0.0004488153574162,0.0257893148809671,0.0003198383709748,3,95,direct_full,synthetic,55
0.0009899795217218,0.0195826590061187,0.0006557275616162,1,95,direct_full,synthetic,55
0.1377227563573608,0.0529584474861621,0.0943173697653713,7,95,direct_full,synthetic,55
0.0261346176294231,0.022885100916028,0.0175825110554582,2,95,direct_full,synthetic,55
0.0275864266911737,0.0192949529737234,0.0227027597315534,1,95,direct_full,synthetic,55
0.0015602294213649,0.0395584069192409,0.001195959587268,4,99,direct_full,synthetic,55
0.0250689466816169,0.0483802072703838,0.0150958518336458,7,99,direct_full,synthetic,55
0.0047354827263408,0.0203478969633579,0.0035962001115119,1,99,direct_full,synthetic,55
0.0007340462450378,0.0195311736315488,0.0005611192369616,1,99,direct_full,synthetic,55
0.0001459411783649,0.0239214953035116,0.0001225902709777,2,99,direct_full,synthetic,55
5.027062857621001e-05,0.0244247503578662,3.7081395958768174e-05,2,99,direct_full,synthetic,55
0.0084862240936463,0.0945937037467956,0.005501400357142,8,99,direct_full,synthetic,55
0.0704415930596802,0.0446752049028873,0.0527845583044792,6,99,direct_full,synthetic,55
0.0002910513840858,0.0373501367866992,0.0002457266526666,3,99,direct_full,synthetic,55
0.0215811506606653,0.0623066164553165,0.0124723039759298,7,99,direct_full,synthetic,55
0.0285418113686568,0.0968244448304176,0.0182496453612072,7,99,direct_full,synthetic,55
0.0005321226280535,0.0496507473289966,0.0003713828954341,4,99,direct_full,synthetic,55
0.0118773906042883,0.0685308426618576,0.0087091682612942,7,99,direct_full,synthetic,55
0.0117031947683795,0.0803242847323417,0.0090196207578538,8,99,direct_full,synthetic,55
0.0073927423778968,0.0298622120171785,0.005285835446456,3,99,direct_full,synthetic,55
0.0026318806378976,0.0593833774328231,0.0022208748046402,6,99,direct_full,synthetic,55
0.104658875795223,0.0832648873329162,0.0602516616033725,8,99,direct_full,synthetic,55
0.0103367619525843,0.0825894027948379,0.0076914094396967,8,99,direct_full,synthetic,55
0.0168574076905353,0.0477622486650943,0.0089662691967563,5,99,direct_full,synthetic,55
0.0382047516604413,0.0454488433897495,0.0192859049643893,4,99,direct_full,synthetic,55
0.0194984893541894,0.0295752119272947,0.0077361302805618,4,1000055,direct_full,osm,55
1.0,1.0,0.0171024823143626,7,1000055,direct_full,osm,55
1.0,0.033489778637886,0.0033209648933327,4,1000055,direct_full,osm,55
0.0139722714432837,0.0190770309418439,0.0065352391370546,1,1000055,direct_full,osm,55
1.0,1.0,7.824848859789711e-05,5,1000055,direct_full,osm,55
1.0,1.0,0.0043695359293481,5,1000055,direct_full,osm,55
0.0343421364669027,0.0411488153040409,0.010667131464117,6,1000055,direct_full,osm,55
1.0,1.0,0.0018588939817035,4,1000055,direct_full,osm,55
1.0,1.0,0.0293817401581216,6,1000055,direct_full,osm,55
0.0063707303070781,0.0194814670830965,0.0015687161570498,1,1000055,direct_full,osm,55
1.0,1.0,0.0717715002989967,8,1000055,direct_full,osm,55
0.0098468067113131,0.0272158849984407,0.002229729986274,3,1000055,direct_full,osm,55
0.0298044139732331,0.0515029430389404,0.0112561422025347,7,1000055,direct_full,osm,55
1.0,1.0,0.0040162167132171,3,1000055,direct_full,osm,55
0.0012337919862523,0.018680827692151,0.0005542731651838,1,1000055,direct_full,osm,55
1.0,1.0,0.0048562500794101,4,1000055,direct_full,osm,55
1.0,1.0,0.0124559440339803,6,1000055,direct_full,osm,55
0.0823859699009325,0.0341891273856163,0.0117085869517167,4,1000055,direct_full,osm,55
0.0375185814217101,0.0266552399843931,0.0074282529133931,3,1000055,direct_full,osm,55
0.0122149196511756,0.0190770309418439,0.005551871298638,1,1000055,direct_full,osm,55
1.0,1.0,0.0094384481761706,8,1000055,direct_full,osm,55
1.0,1.0,0.0073879079604334,4,1000055,direct_full,osm,55
1.0,1.0,0.0166666652632578,8,1000055,direct_full,osm,55
4.454455535207735e-06,0.0190770309418439,7.268692596057147e-07,1,1000055,direct_full,osm,55
1.0,1.0,0.0041747289371808,3,1000055,direct_full,osm,55
1.0,1.0,0.0839654241269791,6,1000055,direct_full,osm,55
0.0106026254902013,0.0240164287388324,0.0008137505521867,2,1000055,direct_full,osm,55
1.0,1.0,0.0031359402606759,7,1000055,direct_full,osm,55
0.0204852916118934,0.0308281034231185,0.0045711532185197,4,1000055,direct_full,osm,55
0.7126708729782303,0.0349025465548038,0.0327837912260965,5,1000055,direct_full,osm,55
0.0161422884340768,0.0349025465548038,0.0040854953503329,5,1000055,direct_full,osm,55
0.3842645068767186,0.0593285970389843,0.0128599224430356,8,1000055,direct_full,osm,55
0.0265855783402668,0.0272158849984407,0.0152908811539966,3,1000055,direct_full,osm,55
1.0,1.0,0.0042141715161368,6,1000055,direct_full,osm,55
0.01299678243149,0.0225573070347309,0.0058063394627723,2,1000055,direct_full,osm,55
0.0837145205359738,0.0330768339335918,0.0074288936425012,5,1000055,direct_full,osm,55
0.7131296241382383,0.0277879741042852,0.0228977195411762,3,1000055,direct_full,osm,55
0.0019659327934301,0.0190770309418439,0.0008064885563901,1,1000055,direct_full,osm,55
0.0037954855812918,0.0194814670830965,0.000724962792063,1,1000055,direct_full,osm,55
1.0,1.0,0.0189667981840604,4,1000055,direct_full,osm,55
1.0,1.0,0.001518388655107,5,1000055,direct_full,osm,55
0.0017619030098989,0.0194814670830965,0.0009066869569207,1,1000055,direct_full,osm,55
0.1091503988495776,0.0225573070347309,0.0549831494831893,2,1000055,direct_full,osm,55
0.0002993865467045,0.0190770309418439,5.9469051154834745e-05,1,1000055,direct_full,osm,55
1.0,1.0,4.645516922675615e-05,1,1000055,direct_full,osm,55
0.0188394246621271,0.0188383292406797,0.0062815714547574,1,1000055,direct_full,osm,55
0.004770960150902,0.0225573070347309,0.0006520265021791,2,1000055,direct_full,osm,55
1.0,1.0,0.0053387809548647,6,1000055,direct_full,osm,55
0.0768876238392846,0.0349025465548038,0.0181871298082604,5,1000055,direct_full,osm,55
1.0,0.0547295920550823,0.0574181144218923,8,1000055,direct_full,osm,55
1.0,1.0,0.0099281128875638,6,1000055,direct_full,osm,55
1.0,1.0,0.0092240201959321,7,1000055,direct_full,osm,55
0.1161854220348282,0.0255674719810485,0.0694230745409095,3,1000055,direct_full,osm,55
1.0,1.0,0.0077817959387471,8,1000055,direct_full,osm,55
1.0,1.0,0.0012629274231835,4,1000055,direct_full,osm,55
0.0115693119527171,0.0283717419952154,0.0038748741463635,3,1000055,direct_full,osm,55
1.0,1.0,0.0024928333873585,6,1000055,direct_full,osm,55
0.0483181936342448,0.033489778637886,0.0171821275866901,4,1000055,direct_full,osm,55
1.0,1.0,0.012321102261386,6,1000055,direct_full,osm,55
0.0024497453711964,0.0216330476105213,0.0008808049846188,2,1000055,direct_full,osm,55
1.0,1.0,0.0157369833929305,4,1000055,direct_full,osm,55
1.0,1.0,4.747827566461582e-06,3,1000055,direct_full,osm,55
1.0,0.0474799498915672,0.0026206984181244,6,1000055,direct_full,osm,55
0.0117110308090925,0.0341891273856163,0.0047465187896444,5,1000055,direct_full,osm,55
1.0,1.0,0.0121177778635055,8,1000055,direct_full,osm,55
1.0,1.0,0.0035059759042341,7,1000055,direct_full,osm,55
1.0,1.0,0.0973089183077825,8,1000055,direct_full,osm,55
1.0,1.0,0.1213913452258111,8,1000055,direct_full,osm,55
0.0011194007769821,0.018680827692151,0.0005483517169635,1,1000055,direct_full,osm,55
0.0089940845175368,0.0266552399843931,0.0013613991221148,3,1000055,direct_full,osm,55
0.0019650961444904,0.0266552399843931,0.0011519144777499,3,1000055,direct_full,osm,55
0.0014024418142727,0.0194814670830965,0.0006086002675132,1,1000055,direct_full,osm,55
0.0002589950532193,0.0220904499292373,5.4347532016443e-05,2,1000055,direct_full,osm,55
0.0207185273219812,0.0257815029472112,0.0068659931281931,3,1000055,direct_full,osm,55
1.0,1.0,0.0396767125338322,6,1000055,direct_full,osm,55
1.0,1.0,0.0081226960213472,4,1000055,direct_full,osm,55
1.0,1.0,0.0014784966314258,3,1000055,direct_full,osm,55
1.0,1.0,0.0287159559704258,2,1000055,direct_full,osm,55
1.0,0.0494526736438274,0.0346645735160235,7,1000055,direct_full,osm,55
1.0,1.0,0.002029902162762,6,1000055,direct_full,osm,55
0.0050353483826692,0.018680827692151,0.0014863290669351,1,1000055,direct_full,osm,55
0.0247765853354959,0.0266552399843931,0.0093191181851685,3,1000055,direct_full,osm,55
0.5939519364689301,0.0328042618930339,0.0455631005869361,4,1000055,direct_full,osm,55
1.0,1.0,0.0393406967060031,6,1000055,direct_full,osm,55
0.5272788262812739,0.020315708592534,0.0816370471532142,1,1000055,direct_full,osm,55
1.0,1.0,0.0686344972181144,6,1000055,direct_full,osm,55
1.0,1.0,0.0386285242875709,5,1000055,direct_full,osm,55
1.0,1.0,0.0385904718072378,8,1000055,direct_full,osm,55
1.0,1.0,4.885453729372914e-05,3,1000055,direct_full,osm,55
0.0705338634377974,0.0349025465548038,0.0041683652710721,4,1000055,direct_full,osm,55
1.0,1.0,0.0044900501644222,4,1000055,direct_full,osm,55
1.0,1.0,0.0728817184480997,8,1000055,direct_full,osm,55
1.0,1.0,0.1343596637733065,7,1000055,direct_full,osm,55
1.0,1.0,0.0038501786661419,6,1000055,direct_full,osm,55
0.0770249951922583,0.0230337865650653,0.0058646077443506,2,1000055,direct_full,osm,55
1.0,1.0,0.002640358154467,6,1000055,direct_full,osm,55
1.0,0.0225573070347309,0.0035024541248792,2,1000055,direct_full,osm,55
0.0281815857425083,0.0420011281967163,0.0109000855827195,6,1000055,direct_full,osm,55
0.0050243523575321,0.0328042618930339,0.0017588197898212,4,1000055,direct_full,osm,55
1.0,1.0,0.0208362442781139,7,1000055,direct_full,osm,55
0.5506825764822543,0.0272158849984407,0.0395925077829535,3,1000055,direct_full,osm,55
1.0,1.0,0.0023959304270592,3,1000055,direct_full,osm,55
0.0060999021580731,0.0266552399843931,0.0027343062736131,3,1000055,direct_full,osm,55
1.0,1.0,0.0825781041667963,6,1000055,direct_full,osm,55
0.0077852656102815,0.0266552399843931,0.0031130233997081,3,1000055,direct_full,osm,55
0.0471653553434162,0.0420011281967163,0.0058971365552787,6,1000055,direct_full,osm,55
1.0,1.0,0.0133216033270576,6,1000055,direct_full,osm,55
0.0418878152745418,0.0581459812819957,0.0154329555396799,8,1000055,direct_full,osm,55
1.0,1.0,0.0025718365325643,4,1000055,direct_full,osm,55
1.0,1.0,0.0081525997023358,7,1000055,direct_full,osm,55
1.0,1.0,0.0035016008237858,3,1000055,direct_full,osm,55
0.5954546742570006,0.0230337865650653,0.04437497933001,2,1000055,direct_full,osm,55
1.0,1.0,0.1985863529720857,8,1000055,direct_full,osm,55
1.0,1.0,0.0167456955078244,7,1000055,direct_full,osm,55
1.0,0.0581459812819957,0.015170449778103,8,1000055,direct_full,osm,55
1.0,1.0,0.0316096432575539,8,1000055,direct_full,osm,55
0.0468927997073662,0.0465218350291252,0.0139624816547943,7,1000055,direct_full,osm,55
0.5044464511351382,0.0356303080916404,0.0169857129384191,5,1000055,direct_full,osm,55
1.0,1.0,0.0170805271956242,7,1000055,direct_full,osm,55
1.0,0.0547295920550823,0.0102653757033316,7,1000055,direct_full,osm,55
0.002047696376602,0.0194814670830965,0.0007871872598301,1,1000055,direct_full,osm,55
1.0,1.0,0.0017886605817939,4,1000055,direct_full,osm,55
0.1317680739478549,0.0547295920550823,0.0735196684761177,7,1000055,direct_full,osm,55
0.0001725609361266,0.0220904499292373,5.267976106261462e-05,2,1000055,direct_full,osm,55
1.0,1.0,0.0018952619054069,5,1000055,direct_full,osm,55
1.0,1.0,0.0087773293317874,6,1000055,direct_full,osm,55
1.0,1.0,0.0015593615189743,2,1000055,direct_full,osm,55
1.0,1.0,0.0821139180577374,7,1000055,direct_full,osm,55
1.0,1.0,0.067008893235956,7,1000055,direct_full,osm,55
0.5608005462517592,0.0494526736438274,0.0493804275364417,7,1000055,direct_full,osm,55
0.003535233498991,0.0250399056822061,0.0021163588727708,3,1000055,direct_full,osm,55
0.0049872164594879,0.033489778637886,0.0022133042094953,5,1000055,direct_full,osm,55
0.0284728015375251,0.0266552399843931,0.0033527225030343,3,1000055,direct_full,osm,55
0.0187795257823073,0.0308281034231185,0.0031840931862311,4,1000055,direct_full,osm,55
1.0,1.0,0.0210201798715875,8,1000055,direct_full,osm,55
1.0,1.0,0.014018174621457,7,1000055,direct_full,osm,55
0.0288224174092052,0.0308281034231185,0.0140266365294868,4,1000055,direct_full,osm,55
0.0568926388756958,0.0558468326926231,0.0222855168992944,7,1000055,direct_full,osm,55
1.0,1.0,0.0014786210029324,2,1000055,direct_full,osm,55
0.000982551402669,0.0240164287388324,7.129523447633962e-05,2,1000055,direct_full,osm,55
0.0343981745104805,0.0341891422867774,0.0128442447979533,5,1000055,direct_full,osm,55
1.0,1.0,0.0217838701025972,6,1000055,direct_full,osm,55
0.5593752445248172,0.0255674719810485,0.1279708437137042,3,1000055,direct_full,osm,55
0.1148899175251301,0.0308281034231185,0.0312163557231647,4,1000055,direct_full,osm,55
1.0,1.0,0.0100772918078948,8,1000055,direct_full,osm,55
1.0,1.0,0.0190405563883369,7,1000055,direct_full,osm,55
1.0,1.0,0.0589149253777903,4,1000055,direct_full,osm,55
1.0,1.0,0.0061761125184176,5,1000055,direct_full,osm,55
1.0,1.0,0.012048464648808,8,1000055,direct_full,osm,55
0.0688474959611945,0.0300703234970569,0.010514655145117,4,1000055,direct_full,osm,55
1.0,0.0277879741042852,0.0154413347357664,3,1000055,direct_full,osm,55
1.0,1.0,0.0008771259182047,6,1000055,direct_full,osm,55
0.5934845536414272,0.0225573070347309,0.0493541635190771,2,1000055,direct_full,osm,55
0.0602044866535244,0.0379022657871246,0.0045238838072468,5,1000055,direct_full,osm,55
1.0,1.0,0.0278899329863217,7,1000055,direct_full,osm,55
0.6478750693979015,0.0349025465548038,0.0248628500501,5,1000055,direct_full,osm,55
5.669771581118255e-06,0.0261058360338211,1.366938871460194e-06,3,1000055,direct_full,osm,55
1.0,1.0,0.0262264324441394,5,1000055,direct_full,osm,55
0.0074944428364531,0.0225573070347309,0.0018453478708576,2,1000055,direct_full,osm,55
0.0829389730249877,0.0558468326926231,0.022283846075719,8,1000055,direct_full,osm,55
1.0,1.0,0.0389697967884953,8,1000055,direct_full,osm,55
1.0,1.0,0.0451387419713716,6,1000055,direct_full,osm,55
1.0,1.0,0.0501470440938058,6,1000055,direct_full,osm,55
0.0179482893030603,0.0255674719810485,0.0083641126618587,3,1000055,direct_full,osm,55
1.0,1.0,0.0315488424007952,8,1000055,direct_full,osm,55
1.0,1.0,0.0001123388105184,2,1000055,direct_full,osm,55
0.0644563066615122,0.0266552399843931,0.0157774699202617,3,1000055,direct_full,osm,55
1.0,1.0,0.1062581973343523,8,1000055,direct_full,osm,55
1.0,1.0,0.0175995403449388,4,1000055,direct_full,osm,55
1.0,1.0,0.0027245899282508,4,1000055,direct_full,osm,55
1.0,1.0,0.0280031774640722,6,1000055,direct_full,osm,55
1.0,1.0,0.0771549900324473,5,1000055,direct_full,osm,55
0.3629218914807384,0.0220904499292373,0.001792178391614,2,1000055,direct_full,osm,55
0.0177066109204753,0.0261058360338211,0.0060821685986258,3,1000055,direct_full,osm,55
0.0224771623345879,0.0371298976242542,0.003464828893726,5,1000055,direct_full,osm,55
1.0,1.0,0.0141639715996851,7,1000055,direct_full,osm,55
1.0,1.0,0.0714366256646692,6,1000055,direct_full,osm,55
1.0,1.0,0.0237294863420115,7,1000055,direct_full,osm,55
0.0528173909370739,0.0308281034231185,0.0138665197975603,4,1000055,direct_full,osm,55
1.0,1.0,0.0008795933269445,4,1000055,direct_full,osm,55
1.0,0.0478684194386005,0.0280776654385387,7,1000055,direct_full,osm,55
1.0,1.0,0.0047766486263234,7,1000055,direct_full,osm,55
0.5272788262812739,0.020315708592534,0.0816370471532142,1,1000055,direct_full,osm,55
0.0083593535489159,0.0225573070347309,0.0035424339978912,2,1000055,direct_full,osm,55
1.0,1.0,0.035189702434076,8,1000055,direct_full,osm,55
1.0,1.0,0.0199228188038567,7,1000055,direct_full,osm,55
1.0,0.0558468326926231,0.027662332873784,7,1000055,direct_full,osm,55
0.0383781569611367,0.0341891273856163,0.0193140753362766,5,1000055,direct_full,osm,55
0.0202766521868569,0.0277879741042852,0.0035276277802579,4,1000055,direct_full,osm,55
1.0,1.0,0.0270335515686962,7,1000055,direct_full,osm,55
0.0492285873139168,0.0266552399843931,0.0042980019581159,3,1000055,direct_full,osm,55
1.0,1.0,0.0051640680900664,7,1000055,direct_full,osm,55
1.0,1.0,0.0593086495119939,7,1000055,direct_full,osm,55
0.7130382026307449,0.0349025465548038,0.0256141085756763,5,1000055,direct_full,osm,55
0.0445227373998982,0.0617616958916187,0.0218923966111493,8,1000055,direct_full,osm,55
1.0,1.0,0.0031869255958766,3,1000055,direct_full,osm,55
1.0,1.0,0.0002096819296302,4,1000055,direct_full,osm,55
1.0,1.0,0.0019976892278707,2,1000055,direct_full,osm,55
1.0,1.0,0.0263678180686867,4,1000055,direct_full,osm,55
1.0,1.0,0.0873597070903866,8,1000055,direct_full,osm,55
0.0642161469787907,0.0194814670830965,0.0036580883885204,1,1000055,direct_full,osm,55
1.0,1.0,0.0090362740370638,3,1000055,direct_full,osm,55
1.0,1.0,0.0957131077665953,4,1000055,direct_full,osm,55
0.0029961498978277,0.0220904499292373,0.0014495902148423,2,1000055,direct_full,osm,55
1.0,1.0,0.0223218573991008,3,1000055,direct_full,osm,55
0.2754066483655394,0.0386900566518306,0.0167267777892763,5,1000055,direct_full,osm,55
0.0689481650331045,0.0292090587317943,0.0056979976158896,4,1000055,direct_full,osm,55
0.0012818241780079,0.0225573070347309,0.0002405970080043,2,1000055,direct_full,osm,55
1.0,1.0,0.0006113396529335,2,1000055,direct_full,osm,55
1.0,1.0,0.0826924461525879,6,1000055,direct_full,osm,55
0.0096240496361766,0.020315708592534,0.000161735256405,1,1000055,direct_full,osm,55
1.0,1.0,0.0016891693279256,7,1000055,direct_full,osm,55
0.0063273980027247,0.0420011281967163,0.0028376619325295,6,1000055,direct_full,osm,55
5.668349583043408e-07,0.018680827692151,1.204531189069133e-07,1,1000055,direct_full,osm,55
1.0,1.0,0.0009236357592944,4,1000055,direct_full,osm,55
1.0,1.0,0.006012799569769,3,1000055,direct_full,osm,55
0.1715264578297584,0.0525579825043678,0.0180301947937756,7,1000055,direct_full,osm,55
1.0,1.0,0.0003503534875799,2,1000055,direct_full,osm,55
0.0012621528434911,0.0235200989991426,0.0002932596241974,2,1000055,direct_full,osm,55
0.167645079887897,0.0494526736438274,0.0184683576801985,7,1000055,direct_full,osm,55
0.0058163492789944,0.0283717419952154,0.0019584924137649,3,1000055,direct_full,osm,55
1.0,1.0,0.0432067306757427,6,1000055,direct_full,osm,55
0.0276147878343371,0.0586163476109504,0.0096889908842998,8,1000055,direct_full,osm,55
1.0,1.0,0.0045631936810568,8,1000055,direct_full,osm,55
0.0120339855067242,0.0190770309418439,0.0056525660485292,1,1000055,direct_full,osm,55
1.0,1.0,0.0778844358613443,8,1000055,direct_full,osm,55
0.0075122157875155,0.0216330476105213,0.0026720078560016,2,1000055,direct_full,osm,55
0.0006824511568793,0.0194814670830965,0.0003228828491587,1,1000055,direct_full,osm,55
1.0,1.0,0.1297191663955701,4,1000055,direct_full,osm,55
0.036393068135315,0.0363726615905761,0.0052547336713931,5,1000055,direct_full,osm,55
0.1610008054712247,0.0536334067583084,0.014553152492631,7,1000055,direct_full,osm,55
1.0,1.0,0.0159157816071095,4,1000055,direct_full,osm,55
0.2440948146759158,0.0371298976242542,0.0297624330292926,5,1000055,direct_full,osm,55
8.792465228979474e-05,0.0225573070347309,3.3984882726579446e-05,2,1000055,direct_full,osm,55
1.0,1.0,0.027655987768547,4,1000055,direct_full,osm,55
1.0,1.0,0.0044812111626013,4,1000055,direct_full,osm,55
0.5280031632409959,0.0272158849984407,0.0941203921807393,3,1000055,direct_full,osm,55
1.0,1.0,0.0033726052316512,4,1000055,direct_full,osm,55
1.0,1.0,5.786182216464412e-07,1,1000055,direct_full,osm,55
1.0,1.0,0.0037573072246356,3,1000055,direct_full,osm,55
1.0,1.0,0.0083872276305675,8,1000055,direct_full,osm,55
1.0,0.0642877742648124,0.0443176448163889,8,1000055,direct_full,osm,55
1.0,1.0,0.0244785875713518,8,1000055,direct_full,osm,55
1.0,1.0,0.0073305469997907,6,1000055,direct_full,osm,55
0.0054016634046603,0.0216330476105213,0.0028824651498944,2,1000055,direct_full,osm,55
1.0,1.0,0.0115192099602102,7,1000055,direct_full,osm,55
0.5272788262812739,0.020315708592534,0.0816370471532142,1,1000055,direct_full,osm,55
0.0787832120722604,0.0304469317197799,0.0120404307997254,4,1000055,direct_full,osm,55
1.0,1.0,0.0026992728331046,6,1000055,direct_full,osm,55
0.2566030861538624,0.032399483025074,0.0351388232899216,4,1000055,direct_full,osm,55
1.0,1.0,0.0173265169826599,3,1000055,direct_full,osm,55
1.0,1.0,0.0198066004263944,6,1000055,direct_full,osm,55
0.0126098349987299,0.0525579825043678,0.002472951773996,8,1000055,direct_full,osm,55
1.0,1.0,0.047603850621076,7,1000055,direct_full,osm,55
0.0010759860933782,0.0250399056822061,0.0001461042381813,3,1000055,direct_full,osm,55
1.0,1.0,0.0015641939513764,3,1000055,direct_full,osm,55
0.3707455434633075,0.0235200989991426,0.0036972375762132,2,1000055,direct_full,osm,55
0.0561382717524776,0.020315708592534,0.00142484159495,1,1000055,direct_full,osm,55
0.0246226080830882,0.0295752119272947,0.012226458859404,4,1000055,direct_full,osm,55
0.0505852933558926,0.0314736701548099,0.0014891762692634,4,1000055,direct_full,osm,55
1.0,1.0,0.0182504552684032,7,1000055,direct_full,osm,55
1.0,1.0,0.1251160484506687,4,1000055,direct_full,osm,55
0.0090871556151704,0.0194814670830965,0.0011289869108156,1,1000055,direct_full,osm,55
1.0,1.0,2.3499560388895427e-05,3,1000055,direct_full,osm,55
1.0,1.0,0.0055828506168753,8,1000055,direct_full,osm,55
1.0,0.0403130427002906,0.0335775381681355,5,1000055,direct_full,osm,55
1.0,1.0,0.0057213909743532,7,1000055,direct_full,osm,55
1.0,0.0515029430389404,0.0569705563891703,7,1000055,direct_full,osm,55
0.001887615252991,0.0220904499292373,0.0008603248067345,2,1000055,direct_full,osm,55
0.1624452190027073,0.0406453721225261,0.0851006483048632,6,1000055,direct_full,osm,55
1.0,1.0,9.372307343542768e-05,1,1000055,direct_full,osm,55
1.0,1.0,0.004639168384334,5,1000055,direct_full,osm,55
1.0,1.0,0.0193229601307169,6,1000055,direct_full,osm,55
0.0468347219743622,0.0190770309418439,0.0036327343721362,1,1000055,direct_full,osm,55
0.6313638034022317,0.0328042618930339,0.026018258509487,4,1000055,direct_full,osm,55
1.0,1.0,0.0054757436619472,6,1000055,direct_full,osm,55
0.4656152845403656,0.0494526736438274,0.0743843741177272,7,1000055,direct_full,osm,55
1.0,1.0,0.0037299718128571,3,1000055,direct_full,osm,55
0.0565752420246508,0.0230337865650653,0.0290360994341643,2,1000055,direct_full,osm,55
1.0,1.0,0.001897721635256,5,1000055,direct_full,osm,55
0.010513530973137,0.0289674066007137,0.0041277069545407,4,1000055,direct_full,osm,55
0.5806065593124465,0.0581459812819957,0.1409781253749071,8,1000055,direct_full,osm,55
1.0,0.0547295920550823,0.0344372177255731,7,1000055,direct_full,osm,55
1.0,0.0295752119272947,0.0060774475549934,3,1000055,direct_full,osm,55
1.0,1.0,0.077150269487116,4,1000055,direct_full,osm,55
0.0359146556705969,0.0220904499292373,0.0046975401183492,2,1000055,direct_full,osm,55
0.0092155576622779,0.0188383292406797,0.0054275564278332,1,1000055,direct_full,osm,55
0.0078693674637474,0.0321323163807392,0.0034141137068012,4,1000055,direct_full,osm,55
0.0429898789208976,0.0301953591406345,0.009248296166123,4,1000055,direct_full,osm,55
1.0,1.0,0.005005212542335,8,1000055,direct_full,osm,55
1.6479169628880189e-07,0.0194814670830965,1.9032713036455776e-08,1,1000055,direct_full,osm,55
0.0193364445760582,0.033489778637886,0.0074097645185055,4,1000055,direct_full,osm,55
0.696744774738013,0.0630129352211952,0.0498041328282693,8,1000055,direct_full,osm,55
0.0544960211449581,0.0277879741042852,0.0033378589937495,3,1000055,direct_full,osm,55
0.0068607601929318,0.0403130427002906,0.003300942151656,5,1000055,direct_full,osm,55
0.0027410895093371,0.0255674719810485,0.0015217957341194,3,1000055,direct_full,osm,55
0.0024809460024134,0.0190770309418439,0.0011856787890664,1,1000055,direct_full,osm,55
0.010007112782117,0.0272158849984407,0.003354509662018,3,1000055,direct_full,osm,55
0.0278142986106489,0.0314736701548099,0.0127288546319338,4,1000055,direct_full,osm,55
0.6309883929202282,0.0272158849984407,0.0240175792525578,3,1000055,direct_full,osm,55
0.0312828570817733,0.08285703510046,0.0149619300999151,5,10,direct_no_fiedler,synthetic,55
0.062467672789408,0.0205548852682113,0.0343414745421356,2,10,direct_no_fiedler,synthetic,55
0.1666256816640031,0.0660553053021431,0.1003209922508394,6,10,direct_no_fiedler,synthetic,55
0.0012519903187084,0.0213194396346807,0.000846798276578,2,10,direct_no_fiedler,synthetic,55
0.1136078156695235,0.0830579549074173,0.0702351051126904,8,10,direct_no_fiedler,synthetic,55
1.0,1.0,0.0009026222994387,1,10,direct_no_fiedler,synthetic,55
0.0134591500605834,0.0353005491197109,0.0085871985417926,4,10,direct_no_fiedler,synthetic,55
0.1050992456257885,0.0938335806131362,0.0636455018484984,7,10,direct_no_fiedler,synthetic,55
0.1867060783821225,0.0278401337563991,0.1009439774792155,3,10,direct_no_fiedler,synthetic,55
0.0048091056309185,0.0186449661850929,0.0036666554889687,2,10,direct_no_fiedler,synthetic,55
0.0366988489813815,0.0516161993145942,0.0198982930481022,5,10,direct_no_fiedler,synthetic,55
0.0015708286304352,0.0221117846667766,0.0005326193088752,1,10,direct_no_fiedler,synthetic,55
1.0,1.0,0.0399358029755911,7,10,direct_no_fiedler,synthetic,55
0.0008697670111069,0.0218825060874223,0.0004676825447669,2,10,direct_no_fiedler,synthetic,55
0.14176888237931,0.0844086781144142,0.0487529792791456,7,10,direct_no_fiedler,synthetic,55
0.004688336312419,0.027057783678174,0.00334433629858,3,10,direct_no_fiedler,synthetic,55
0.0061708994450547,0.0167039912194013,0.0046006819305623,1,10,direct_no_fiedler,synthetic,55
0.0328106664489672,0.0393160209059715,0.0177294792237159,5,10,direct_no_fiedler,synthetic,55
0.0158725244640451,0.1093815565109252,0.0075430436818932,7,10,direct_no_fiedler,synthetic,55
0.035643385722668,0.0217309519648551,0.022422311854632,2,10,direct_no_fiedler,synthetic,55
0.1297079926905676,0.1464280486106872,0.0770153711902746,7,11,direct_no_fiedler,synthetic,55
0.0350509283908064,0.039106648415327,0.0189293279280228,3,11,direct_no_fiedler,synthetic,55
0.0139295829442473,0.0430930703878402,0.0088294350014161,4,11,direct_no_fiedler,synthetic,55
0.0060892728694811,0.0267379693686962,0.0044991742294622,3,11,direct_no_fiedler,synthetic,55
0.0579146877398847,0.0976248234510421,0.0298060649680032,6,11,direct_no_fiedler,synthetic,55
0.0553438107186664,0.0699496865272522,0.009055618092522,4,11,direct_no_fiedler,synthetic,55
0.012896765004515,0.1021884977817535,0.0087092410223839,7,11,direct_no_fiedler,synthetic,55
0.0053406087111947,0.0511870943009853,0.0037045382758778,5,11,direct_no_fiedler,synthetic,55
0.0698512678644418,0.0521400906145572,0.0408430711825131,5,11,direct_no_fiedler,synthetic,55
0.0009219320874979,0.0173072312027215,0.0002881777765906,1,11,direct_no_fiedler,synthetic,55
0.2612912589404683,0.1173361092805862,0.1387826175997299,8,11,direct_no_fiedler,synthetic,55
0.0005314790179311,0.0198126249015331,0.0004255677803181,2,11,direct_no_fiedler,synthetic,55
0.0169813153814626,0.0239927172660827,0.0099715809100755,2,11,direct_no_fiedler,synthetic,55
0.004001076148573,0.016906764358282,0.0031170605491079,1,11,direct_no_fiedler,synthetic,55
0.0308831407630291,0.0736998990178108,0.0216819685701952,6,11,direct_no_fiedler,synthetic,55
1.0,1.0,0.0238867161569123,4,11,direct_no_fiedler,synthetic,55
0.0049272173472467,0.0263787824660539,0.0030824229060369,3,11,direct_no_fiedler,synthetic,55
0.0366784130171382,0.0624017491936683,0.024505695732965,5,11,direct_no_fiedler,synthetic,55
0.2934473178170187,0.123548686504364,0.1431027256416084,8,11,direct_no_fiedler,synthetic,55
0.0385005057884398,0.0781430974602699,0.0268211582777217,6,11,direct_no_fiedler,synthetic,55
0.0413746337984453,0.0469483286142349,0.0329055951191683,8,19,direct_no_fiedler,synthetic,55
0.119152419251939,0.0497439466416835,0.0368899195009599,8,19,direct_no_fiedler,synthetic,55
0.0069846445604014,0.0228017009794712,0.0019885162496428,2,19,direct_no_fiedler,synthetic,55
0.0001141815126938,0.0152860935777425,8.210775407612654e-05,1,19,direct_no_fiedler,synthetic,55
0.0393212069867103,0.0329115986824035,0.0310773244146921,6,19,direct_no_fiedler,synthetic,55
0.0010893647798111,0.0161087457090616,0.0009648458159193,2,19,direct_no_fiedler,synthetic,55
0.0191165485557502,0.0388083383440971,0.0151456644200809,7,19,direct_no_fiedler,synthetic,55
0.0004317936133013,0.0161727536469697,0.0003842627634999,2,19,direct_no_fiedler,synthetic,55
0.0005581346836117,0.0150253856554627,0.0004107465815914,1,19,direct_no_fiedler,synthetic,55
0.0168701342022941,0.0266252569854259,0.0135311712527198,4,19,direct_no_fiedler,synthetic,55
0.0006808491262557,0.0168549381196498,0.0004855306003339,2,19,direct_no_fiedler,synthetic,55
3.408198197663026e-05,0.0149823706597089,1.5681945407393614e-05,1,19,direct_no_fiedler,synthetic,55
0.0117173988973638,0.028480963781476,0.0093687694990656,5,19,direct_no_fiedler,synthetic,55
0.0003214610922347,0.0192451234906911,0.0002133205510626,2,19,direct_no_fiedler,synthetic,55
0.00378933584174,0.0254565998911857,0.0031591333954703,4,19,direct_no_fiedler,synthetic,55
0.0002789500853017,0.0183591470122337,0.0002135911765419,2,19,direct_no_fiedler,synthetic,55
0.0040851522849614,0.0350446850061416,0.0032528630507871,6,19,direct_no_fiedler,synthetic,55
0.0062219079183341,0.0388059727847576,0.005035184022887,8,19,direct_no_fiedler,synthetic,55
0.0010724109378046,0.0285121910274028,0.0008581426991291,6,19,direct_no_fiedler,synthetic,55
0.0105717464121624,0.0365936495363712,0.0080579491208044,6,19,direct_no_fiedler,synthetic,55
0.0044160707115344,0.025286067277193,0.0029959764283813,2,23,direct_no_fiedler,synthetic,55
0.0034064238486429,0.0308321136981248,0.0023266169630649,3,23,direct_no_fiedler,synthetic,55
0.0664403930870092,0.0261703785508871,0.0346054992901796,3,23,direct_no_fiedler,synthetic,55
0.1258441712766519,0.0723259821534156,0.0632598947747878,4,23,direct_no_fiedler,synthetic,55
0.004082063097302,0.0242731776088476,0.0031788639251308,3,23,direct_no_fiedler,synthetic,55
0.0178505105402533,0.0196727998554706,0.006374681041396,1,23,direct_no_fiedler,synthetic,55
0.010532697355042,0.0380815453827381,0.007726581480538,3,23,direct_no_fiedler,synthetic,55
0.0068700314052259,0.0526327416300773,0.0035096707092725,5,23,direct_no_fiedler,synthetic,55
0.0141389110680372,0.1144130825996398,0.0080084510808092,8,23,direct_no_fiedler,synthetic,55
0.0001698100149806,0.0329117402434349,0.0001303739834632,3,23,direct_no_fiedler,synthetic,55
0.0122286689533249,0.0314220674335956,0.0085822188631853,3,23,direct_no_fiedler,synthetic,55
0.0001175282450726,0.0156585630029439,9.249561219993792e-05,1,23,direct_no_fiedler,synthetic,55
1.0,0.1178932562470436,0.0313192722515931,8,23,direct_no_fiedler,synthetic,55
0.0015382184087583,0.0493214130401611,0.0011757258520597,4,23,direct_no_fiedler,synthetic,55
0.0008986908144427,0.0262953024357557,0.0006547445913651,2,23,direct_no_fiedler,synthetic,55
0.0019560360892179,0.0333819389343261,0.0008527579586144,2,23,direct_no_fiedler,synthetic,55
0.2193567131115411,0.034831766039133,0.1232795230753727,3,23,direct_no_fiedler,synthetic,55
0.0115418893992869,0.0787849500775337,0.007812269619199,7,23,direct_no_fiedler,synthetic,55
0.0007961954901742,0.059151217341423,0.0005784279774153,5,23,direct_no_fiedler,synthetic,55
0.0018816011346212,0.0313901863992214,0.0012563960872339,3,23,direct_no_fiedler,synthetic,55
0.0075712790789042,0.0166270043700933,0.0061745846905676,2,25,direct_no_fiedler,synthetic,55
0.007310239333702,0.0251565668731927,0.0058134162676812,5,25,direct_no_fiedler,synthetic,55
0.003477181816476,0.0188000686466693,0.0029185250769576,3,25,direct_no_fiedler,synthetic,55
0.0064354767617542,0.0596080794930458,0.0044448703209656,8,25,direct_no_fiedler,synthetic,55
0.0095714003792236,0.0292117018252611,0.0063849443810524,5,25,direct_no_fiedler,synthetic,55
0.0270693244049002,0.0366180576384067,0.0217495975585937,7,25,direct_no_fiedler,synthetic,55
0.0210413847495819,0.0196848679333925,0.0119018558790987,2,25,direct_no_fiedler,synthetic,55
0.0058352832399475,0.0668081492185592,0.0043198414500153,8,25,direct_no_fiedler,synthetic,55
0.0101517432244141,0.0182089153677225,0.0077356516390685,2,25,direct_no_fiedler,synthetic,55
0.000611370782402,0.0144321154803037,0.0004145604569428,1,25,direct_no_fiedler,synthetic,55
0.0071450945211737,0.0308919884264469,0.0049820854416127,6,25,direct_no_fiedler,synthetic,55
0.0014881814541616,0.043408241122961,0.0010674696746874,7,25,direct_no_fiedler,synthetic,55
0.0033588319252182,0.0287490300834178,0.0025145998827475,5,25,direct_no_fiedler,synthetic,55
0.0142282765085056,0.0253085177391767,0.011631686869976,4,25,direct_no_fiedler,synthetic,55
0.0042808696602117,0.0260148551315069,0.0032828830317927,4,25,direct_no_fiedler,synthetic,55
0.003024933870403,0.0177040621638298,0.0024557775888149,2,25,direct_no_fiedler,synthetic,55
0.0018286247914625,0.0246521104127168,0.0013042385418919,4,25,direct_no_fiedler,synthetic,55
0.0127553125786858,0.0168068539351224,0.0098525536468638,2,25,direct_no_fiedler,synthetic,55
0.0015856427664858,0.0146310813724994,0.0013029692321985,1,25,direct_no_fiedler,synthetic,55
0.0032613505900001,0.0218070689588785,0.002216920643251,3,25,direct_no_fiedler,synthetic,55
0.0286215164697496,0.0410479791462421,0.0186254183040146,3,38,direct_no_fiedler,synthetic,55
0.086498408617251,0.0896675363183021,0.0548672898686345,3,38,direct_no_fiedler,synthetic,55
0.112914503039387,0.1967708021402359,0.0700595914289624,7,38,direct_no_fiedler,synthetic,55
0.1084903213981788,0.1907100826501846,0.0633826979205633,7,38,direct_no_fiedler,synthetic,55
1.0,0.2264998406171798,0.1267373801122017,8,38,direct_no_fiedler,synthetic,55
1.0,1.0,0.0644989437236572,8,38,direct_no_fiedler,synthetic,55
0.0019314158400774,0.0281855836510658,0.0006957921624502,1,38,direct_no_fiedler,synthetic,55
1.0,0.0628578513860702,0.0287232079464732,2,38,direct_no_fiedler,synthetic,55
0.00233920967994,0.0399619191884994,0.0009385690019446,3,38,direct_no_fiedler,synthetic,55
1.0,1.0,0.0686418227468436,6,38,direct_no_fiedler,synthetic,55
0.2334693157402775,0.1282575577497482,0.0602894241158854,5,38,direct_no_fiedler,synthetic,55
0.0002114292871928,0.0285155065357685,0.0001564927113814,2,38,direct_no_fiedler,synthetic,55
1.0,0.110055074095726,0.1858058211126649,4,38,direct_no_fiedler,synthetic,55
0.0019314158400774,0.0281855836510658,0.0006957921624502,1,38,direct_no_fiedler,synthetic,55
1.0,0.2478546202182769,0.0967273059864238,8,38,direct_no_fiedler,synthetic,55
1.0,0.1076906472444534,0.1153659375445655,3,38,direct_no_fiedler,synthetic,55
0.0072088248829486,0.0265907868742942,0.0050306958010812,2,38,direct_no_fiedler,synthetic,55
0.0514057591018525,0.1790555119514465,0.0392581782759293,7,38,direct_no_fiedler,synthetic,55
0.0002318401075208,0.0200811233371496,0.0001487052199754,1,38,direct_no_fiedler,synthetic,55
0.131940631140365,0.2856088876724243,0.075299377801134,8,38,direct_no_fiedler,synthetic,55
0.0003486145980065,0.0184116847813129,0.0001944136293068,1,45,direct_no_fiedler,synthetic,55
0.0038309406913613,0.0312109626829624,0.0025095442834594,5,45,direct_no_fiedler,synthetic,55
0.0223957650747419,0.0503096468746662,0.0171686396497108,8,45,direct_no_fiedler,synthetic,55
0.0914649195045045,0.0206384938210248,0.0545845919351511,2,45,direct_no_fiedler,synthetic,55
0.0034789007055154,0.0189968347549438,0.0028198377058612,2,45,direct_no_fiedler,synthetic,55
0.026101431216716,0.0252819005399942,0.0128014497901306,4,45,direct_no_fiedler,synthetic,55
0.0066957752493796,0.0214194729924201,0.0053043237563017,3,45,direct_no_fiedler,synthetic,55
0.011323384542569,0.0371659696102142,0.007652772354329,6,45,direct_no_fiedler,synthetic,55
0.080265023587166,0.025724122300744,0.0567343053898225,4,45,direct_no_fiedler,synthetic,55
6.316467036238116e-05,0.0160491652786731,1.762749901851229e-05,1,45,direct_no_fiedler,synthetic,55
0.0944803503417776,0.0471907369792461,0.0718397498470424,8,45,direct_no_fiedler,synthetic,55
0.0093185715266508,0.0695363730192184,0.0057649843977497,8,45,direct_no_fiedler,synthetic,55
0.1288542640535621,0.0444734282791614,0.0647448420629873,6,45,direct_no_fiedler,synthetic,55
0.0033947713105424,0.0263278540223836,0.0027663458476311,4,45,direct_no_fiedler,synthetic,55
0.0001198233171076,0.0195470098406076,8.934999738026708e-05,2,45,direct_no_fiedler,synthetic,55
0.0881843722311963,0.0189813449978828,0.0551307218611049,2,45,direct_no_fiedler,synthetic,55
3.2573647010814e-06,0.0150808850303292,2.6193300846779414e-06,1,45,direct_no_fiedler,synthetic,55
0.0048143799279795,0.021618852391839,0.0028472166489559,2,45,direct_no_fiedler,synthetic,55
0.0288013439898661,0.0249014887958765,0.0226850729205318,4,45,direct_no_fiedler,synthetic,55
6.59543052039524e-06,0.0164211057126522,4.602394336789961e-06,1,45,direct_no_fiedler,synthetic,55
0.0005305724873102,0.0167779829353094,0.0003782969844417,1,49,direct_no_fiedler,synthetic,55
0.4639025191625925,0.087259940803051,0.1825834118922036,8,49,direct_no_fiedler,synthetic,55
0.0024385198020331,0.0152571005746722,0.0020270820536373,1,49,direct_no_fiedler,synthetic,55
0.0097323542049261,0.0306682810187339,0.0071743028460077,3,49,direct_no_fiedler,synthetic,55
0.0075873849017793,0.0604656860232353,0.0047219758760966,4,49,direct_no_fiedler,synthetic,55
0.0118291012244581,0.0541367903351783,0.0092425297847393,6,49,direct_no_fiedler,synthetic,55
0.0188386982634013,0.0631352216005325,0.0128850213606734,7,49,direct_no_fiedler,synthetic,55
0.1328639027997402,0.0710683688521385,0.022562988384864,6,49,direct_no_fiedler,synthetic,55
0.0447264451111989,0.0558613166213035,0.0346573942471734,6,49,direct_no_fiedler,synthetic,55
0.0698962868715713,0.0231712721288204,0.0455262003627577,2,49,direct_no_fiedler,synthetic,55
0.0381204101132991,0.0663686990737915,0.0220794278944643,7,49,direct_no_fiedler,synthetic,55
0.0355638300692874,0.041458111256361,0.0203131387073954,5,49,direct_no_fiedler,synthetic,55
0.0453685990088302,0.0313105061650276,0.0274970608161537,4,49,direct_no_fiedler,synthetic,55
0.0008901107306509,0.0332588590681552,0.0006906221544193,4,49,direct_no_fiedler,synthetic,55
0.0023723829619475,0.0197913963347673,0.0019475007286989,2,49,direct_no_fiedler,synthetic,55
0.1806218939218266,0.1195530891418457,0.1255794518506207,8,49,direct_no_fiedler,synthetic,55
0.0368652079225786,0.0531057603657245,0.0222663474243242,5,49,direct_no_fiedler,synthetic,55
0.015737983092031,0.0302681606262922,0.01135907459767,4,49,direct_no_fiedler,synthetic,55
0.0861795730361969,0.0316583290696144,0.0411843817953538,3,49,direct_no_fiedler,synthetic,55
0.1631912627040945,0.0315057039260864,0.0588640295597527,3,49,direct_no_fiedler,synthetic,55
0.0002828327758727,0.014930160716176,0.0002426022658857,1,60,direct_no_fiedler,synthetic,55
0.042290169112775,0.042953073978424,0.0182212671691831,3,60,direct_no_fiedler,synthetic,55
0.0115805471556057,0.0178118795156478,0.0094508999540338,2,60,direct_no_fiedler,synthetic,55
0.0015336509088788,0.0295517239719629,0.0013345069432975,5,60,direct_no_fiedler,synthetic,55
0.1077267282022333,0.0335122980177402,0.0599038597057442,4,60,direct_no_fiedler,synthetic,55
0.0010105294948813,0.0211786963045597,0.000828481264849,3,60,direct_no_fiedler,synthetic,55
0.0017698207221538,0.025012370198965,0.0013355495955288,4,60,direct_no_fiedler,synthetic,55
0.0182728816052898,0.0376100614666938,0.0136405981941657,6,60,direct_no_fiedler,synthetic,55
0.0263263644090246,0.0918445289134979,0.0159165466748368,5,60,direct_no_fiedler,synthetic,55
3.700635835102162e-05,0.014930160716176,3.1941575780087974e-05,1,60,direct_no_fiedler,synthetic,55
0.0232537282499798,0.1098619550466537,0.0136260367957753,7,60,direct_no_fiedler,synthetic,55
0.0557161619948162,0.0471057668328285,0.028795509192364,5,60,direct_no_fiedler,synthetic,55
0.0380812439496285,0.061954878270626,0.0238169106481364,8,60,direct_no_fiedler,synthetic,55
0.0418583473691854,0.0355628505349159,0.0090635613488058,4,60,direct_no_fiedler,synthetic,55
0.010508563669024,0.0520114377140998,0.0016243751063879,4,60,direct_no_fiedler,synthetic,55
0.0223178286630599,0.0552976839244365,0.0149769931918407,6,60,direct_no_fiedler,synthetic,55
0.1144135910254593,0.0944674015045166,0.0683793974850269,8,60,direct_no_fiedler,synthetic,55
0.054634894645976,0.0839008316397667,0.0310510629797,8,60,direct_no_fiedler,synthetic,55
0.0118514607054914,0.0184712540358304,0.0069130524605943,1,60,direct_no_fiedler,synthetic,55
0.0135113718641167,0.0620321668684482,0.0087513972503358,7,60,direct_no_fiedler,synthetic,55
0.0216775385604459,0.0503074936568737,0.0158645727645657,6,69,direct_no_fiedler,synthetic,55
0.0026893852802747,0.0198049172759056,0.0020688148452635,2,69,direct_no_fiedler,synthetic,55
0.0015184727692261,0.0547414571046829,0.0010405812562703,7,69,direct_no_fiedler,synthetic,55
0.0555146091647519,0.0842372924089431,0.0416300953676761,7,69,direct_no_fiedler,synthetic,55
0.0339822945205916,0.0241559408605098,0.0179091005045571,3,69,direct_no_fiedler,synthetic,55
0.0062056765534421,0.0467795096337795,0.0047948945530719,6,69,direct_no_fiedler,synthetic,55
8.630153751632008e-07,0.016214171424508,6.911265404431016e-07,1,69,direct_no_fiedler,synthetic,55
0.0197187236297946,0.0547091923654079,0.0150929974827368,6,69,direct_no_fiedler,synthetic,55
0.0001408445414535,0.0158890541642904,0.0001087454714655,1,69,direct_no_fiedler,synthetic,55
0.000139927785059,0.0181894116103649,7.404003741498854e-05,1,69,direct_no_fiedler,synthetic,55
0.0237028768903674,0.1041622310876846,0.006050267569817,7,69,direct_no_fiedler,synthetic,55
0.4532710157866353,0.1047405004501342,0.2703558109068305,8,69,direct_no_fiedler,synthetic,55
0.0037440166814326,0.0199197325855493,0.0029233559361859,2,69,direct_no_fiedler,synthetic,55
0.0256788979498389,0.0842372924089431,0.0072155400327982,6,69,direct_no_fiedler,synthetic,55
4.670047403787514e-06,0.0148966899141669,2.871782492733191e-06,1,69,direct_no_fiedler,synthetic,55
0.0001709016002512,0.0277783870697021,7.705583560261737e-05,2,69,direct_no_fiedler,synthetic,55
0.0192448828939211,0.039283912628889,0.0145906884740401,6,69,direct_no_fiedler,synthetic,55
0.3043173604607337,0.0517686009407043,0.1173907593396879,4,69,direct_no_fiedler,synthetic,55
0.004995304822697,0.048430036753416,0.0036627930750252,6,69,direct_no_fiedler,synthetic,55
0.0423882775712026,0.0227781329303979,0.0319253293768589,3,69,direct_no_fiedler,synthetic,55
0.0155599891438376,0.0413072295486927,0.0089858047203718,3,84,direct_no_fiedler,synthetic,55
0.3345266934471828,0.0484656020998954,0.1206792564222461,4,84,direct_no_fiedler,synthetic,55
0.0012380265005837,0.0274048987776041,0.0006572944170998,2,84,direct_no_fiedler,synthetic,55
0.0844549700562395,0.1095375269651413,0.0516687666290949,7,84,direct_no_fiedler,synthetic,55
0.4247958261055402,0.0246129557490348,0.1921319769862852,2,84,direct_no_fiedler,synthetic,55
0.1159952964439546,0.1204244568943977,0.0757410385411614,7,84,direct_no_fiedler,synthetic,55
0.0743233712664186,0.0656527355313301,0.0355150150294919,5,84,direct_no_fiedler,synthetic,55
0.0540377594141066,0.0459037572145462,0.0226467064539965,4,84,direct_no_fiedler,synthetic,55
1.0,1.0,0.0274426851173862,6,84,direct_no_fiedler,synthetic,55
0.0456325168744878,0.0818428769707679,0.0239799842853391,6,84,direct_no_fiedler,synthetic,55
0.0109015767661742,0.0393855273723602,0.0061012388261338,4,84,direct_no_fiedler,synthetic,55
0.0192924775962287,0.0434711314737796,0.0100776556883213,4,84,direct_no_fiedler,synthetic,55
0.0314239487925355,0.0578840784728527,0.0137305394126695,4,84,direct_no_fiedler,synthetic,55
0.0472970709059842,0.1049806252121925,0.0246347299614694,7,84,direct_no_fiedler,synthetic,55
0.0084913639820631,0.0200522001832723,0.006152480633149,2,84,direct_no_fiedler,synthetic,55
0.0031241210687045,0.0297515392303466,0.0012737390775537,3,84,direct_no_fiedler,synthetic,55
0.0263018254447285,0.1192104518413543,0.0156538909651202,8,84,direct_no_fiedler,synthetic,55
0.0097207944180279,0.048720609396696,0.0061432942712368,3,84,direct_no_fiedler,synthetic,55
0.310507282138042,0.0597154609858989,0.0925239297387997,5,84,direct_no_fiedler,synthetic,55
0.0255345136559441,0.1156317517161369,0.0152852949841803,8,84,direct_no_fiedler,synthetic,55
0.0332186749653766,0.0335460677742958,0.022669384064526,4,86,direct_no_fiedler,synthetic,55
0.032059717088767,0.0599160455167293,0.0209036149388438,7,86,direct_no_fiedler,synthetic,55
1.0,1.0,0.0063002018494835,5,86,direct_no_fiedler,synthetic,55
0.0036222931168555,0.0332036614418029,0.0024284641322455,4,86,direct_no_fiedler,synthetic,55
0.3896631307816147,0.0789785236120224,0.0930220741547474,7,86,direct_no_fiedler,synthetic,55
0.0056531944434669,0.0302300155162811,0.0044303465884466,5,86,direct_no_fiedler,synthetic,55
0.0056670884342283,0.0750778540968895,0.0042980933025059,8,86,direct_no_fiedler,synthetic,55
0.0712724072473809,0.0384829081594944,0.0426143431297205,5,86,direct_no_fiedler,synthetic,55
0.010183108620332,0.0253131333738565,0.0063551378495072,3,86,direct_no_fiedler,synthetic,55
0.0009547143458668,0.0372325256466865,0.0006864165046641,4,86,direct_no_fiedler,synthetic,55
0.0018140585262987,0.0279352478682994,0.0013471076510753,4,86,direct_no_fiedler,synthetic,55
0.0065074026745103,0.0323554016649723,0.0048973020312253,5,86,direct_no_fiedler,synthetic,55
0.0051656890768203,0.021865913644433,0.0039206994380478,2,86,direct_no_fiedler,synthetic,55
0.0004105376731721,0.0185017697513103,0.0002816549697923,2,86,direct_no_fiedler,synthetic,55
0.0045694922083077,0.0183446761220693,0.0037546122786628,2,86,direct_no_fiedler,synthetic,55
0.0291219287926084,0.0470613949000835,0.0184109846164227,5,86,direct_no_fiedler,synthetic,55
0.3495142870448795,0.0310688074678182,0.0720248575543877,3,86,direct_no_fiedler,synthetic,55
0.0293968652360261,0.017204163596034,0.0119022225863701,1,86,direct_no_fiedler,synthetic,55
0.0247230360870586,0.0290161315351724,0.0100097753748566,3,86,direct_no_fiedler,synthetic,55
0.0102007383256453,0.056149385869503,0.0065135011451588,8,86,direct_no_fiedler,synthetic,55
0.0687535153061591,0.1534912884235382,0.0489527917052352,8,94,direct_no_fiedler,synthetic,55
0.000917388839601,0.0184765495359897,0.0004516783054948,1,94,direct_no_fiedler,synthetic,55
0.0259965554211861,0.0345587767660617,0.0127004918660191,3,94,direct_no_fiedler,synthetic,55
0.0507537979336656,0.1580264121294021,0.0259427523913648,8,94,direct_no_fiedler,synthetic,55
0.0001251150686911,0.016920305788517,0.0001025118130206,1,94,direct_no_fiedler,synthetic,55
0.0098763731366126,0.0811242088675499,0.0079702287255558,7,94,direct_no_fiedler,synthetic,55
0.0029358066595992,0.028454951941967,0.0025003580348829,2,94,direct_no_fiedler,synthetic,55
0.0174409136204727,0.1264271289110183,0.0064649737848133,7,94,direct_no_fiedler,synthetic,55
0.0124955088981963,0.0480843856930732,0.0064197141488289,4,94,direct_no_fiedler,synthetic,55
0.0071667705049663,0.0530474111437797,0.0043387019860963,5,94,direct_no_fiedler,synthetic,55
0.0192711083927665,0.1866603791713714,0.0099939645145285,8,94,direct_no_fiedler,synthetic,55
0.009625761627808,0.07676762342453,0.0037819103381307,5,94,direct_no_fiedler,synthetic,55
0.0648388662213261,0.0549692995846271,0.0114850837675216,5,94,direct_no_fiedler,synthetic,55
0.0309764699300866,0.1500976830720901,0.0214340888247882,8,94,direct_no_fiedler,synthetic,55
0.0187966952351477,0.12553171813488,0.0092462957572092,6,94,direct_no_fiedler,synthetic,55
1.9495586733975223e-05,0.0173731409013271,1.3845882741622572e-05,1,94,direct_no_fiedler,synthetic,55
0.0057756993662463,0.016920305788517,0.0048923777855789,1,94,direct_no_fiedler,synthetic,55
0.1685204011216291,0.0745634287595748,0.0859618818269104,5,94,direct_no_fiedler,synthetic,55
0.0070204643739512,0.0325973145663738,0.0050177289311006,3,94,direct_no_fiedler,synthetic,55
0.0099623192340894,0.0772092714905738,0.0054878409034797,5,94,direct_no_fiedler,synthetic,55
1.0,1.0,0.0224495589875692,8,95,direct_no_fiedler,synthetic,55
0.0004226138589955,0.0189087111502885,0.000346318703242,3,95,direct_no_fiedler,synthetic,55
0.3418421328741295,0.0339236818253994,0.2611083410863886,6,95,direct_no_fiedler,synthetic,55
0.0002285383946412,0.0146425329148769,0.0001948895538329,1,95,direct_no_fiedler,synthetic,55
0.0008356568204012,0.0280054155737161,0.0007001392259461,5,95,direct_no_fiedler,synthetic,55
0.0034101512821246,0.030464855954051,0.0026571865820769,5,95,direct_no_fiedler,synthetic,55
0.0245454219783357,0.0439142249524593,0.0206845921683328,6,95,direct_no_fiedler,synthetic,55
0.015871743138484,0.049784455448389,0.011183177959059,8,95,direct_no_fiedler,synthetic,55
0.0031043588968289,0.0394941940903663,0.0022603171025812,7,95,direct_no_fiedler,synthetic,55
0.0005246208752973,0.0285093914717435,0.0004542268791651,4,95,direct_no_fiedler,synthetic,55
0.0002892590148642,0.0224796161055564,0.0001517401000151,2,95,direct_no_fiedler,synthetic,55
0.0006334970673503,0.0286427177488803,0.000547070593189,4,95,direct_no_fiedler,synthetic,55
0.0050670931986501,0.0148966899141669,0.0041191953719286,1,95,direct_no_fiedler,synthetic,55
0.0202441958207998,0.0244580805301666,0.0160631910945825,4,95,direct_no_fiedler,synthetic,55
0.0015851100639738,0.0185834504663944,0.0011834769654455,2,95,direct_no_fiedler,synthetic,55
0.0004488153574162,0.0204939898103475,0.0003198383709748,3,95,direct_no_fiedler,synthetic,55
0.0009899795217218,0.015318994410336,0.0006557275616162,1,95,direct_no_fiedler,synthetic,55
0.1377227563573608,0.0439308956265449,0.0943173697653713,7,95,direct_no_fiedler,synthetic,55
0.0261346176294231,0.0180617403239011,0.0175825110554582,2,95,direct_no_fiedler,synthetic,55
0.0275864266911737,0.0150813087821006,0.0227027597315534,1,95,direct_no_fiedler,synthetic,55
0.0015602294213649,0.0322365537285804,0.001195959587268,4,99,direct_no_fiedler,synthetic,55
0.0250689466816169,0.0399099066853523,0.0150958518336458,7,99,direct_no_fiedler,synthetic,55
0.0047354827263408,0.0159522108733654,0.0035962001115119,1,99,direct_no_fiedler,synthetic,55
0.0007340462450378,0.0152764422819018,0.0005611192369616,1,99,direct_no_fiedler,synthetic,55
0.0001459411783649,0.0189276505261659,0.0001225902709777,2,99,direct_no_fiedler,synthetic,55
5.027062857621001e-05,0.0193489473313093,3.7081395958768174e-05,2,99,direct_no_fiedler,synthetic,55
0.0084862240936463,0.0813944935798645,0.005501400357142,8,99,direct_no_fiedler,synthetic,55
0.0704415930596802,0.0366747044026851,0.0527845583044792,6,99,direct_no_fiedler,synthetic,55
0.0002910513840858,0.0303326100111007,0.0002457266526666,3,99,direct_no_fiedler,synthetic,55
0.0215811506606653,0.0522145591676235,0.0124723039759298,7,99,direct_no_fiedler,synthetic,55
0.0285418113686568,0.0836686864495277,0.0182496453612072,7,99,direct_no_fiedler,synthetic,55
0.0005321226280535,0.0410232841968536,0.0003713828954341,4,99,direct_no_fiedler,synthetic,55
0.0118773906042883,0.057780060917139,0.0087091682612942,7,99,direct_no_fiedler,synthetic,55
0.0117031947683795,0.0684243366122245,0.0090196207578538,8,99,direct_no_fiedler,synthetic,55
0.0073927423778968,0.023933446034789,0.005285835446456,3,99,direct_no_fiedler,synthetic,55
0.0026318806378976,0.0496141202747821,0.0022208748046402,6,99,direct_no_fiedler,synthetic,55
0.104658875795223,0.0710972175002098,0.0602516616033725,8,99,direct_no_fiedler,synthetic,55
0.0103367619525843,0.0704825967550277,0.0076914094396967,8,99,direct_no_fiedler,synthetic,55
0.0168574076905353,0.0393691137433052,0.0089662691967563,5,99,direct_no_fiedler,synthetic,55
0.0382047516604413,0.0373488068580627,0.0192859049643893,4,99,direct_no_fiedler,synthetic,55
0.0194984893541894,0.0236900672316551,0.0077361302805618,4,1000055,direct_no_fiedler,osm,55
1.0,0.9954158067703248,0.0171024823143626,7,1000055,direct_no_fiedler,osm,55
1.0,0.0270220935344696,0.0033209648933327,4,1000055,direct_no_fiedler,osm,55
0.0139722714432837,0.0149014070630073,0.0065352391370546,1,1000055,direct_no_fiedler,osm,55
1.0,1.0,7.824848859789711e-05,5,1000055,direct_no_fiedler,osm,55
1.0,1.0,0.0043695359293481,5,1000055,direct_no_fiedler,osm,55
0.0343421364669027,0.0336121506989002,0.010667131464117,6,1000055,direct_no_fiedler,osm,55
1.0,1.0,0.0018588939817035,4,1000055,direct_no_fiedler,osm,55
1.0,0.999805986881256,0.0293817401581216,6,1000055,direct_no_fiedler,osm,55
0.0063707303070781,0.0152353653684258,0.0015687161570498,1,1000055,direct_no_fiedler,osm,55
1.0,1.0,0.0717715002989967,8,1000055,direct_no_fiedler,osm,55
0.0098468067113131,0.0216950718313455,0.002229729986274,3,1000055,direct_no_fiedler,osm,55
0.0298044139732331,0.0426498688757419,0.0112561422025347,7,1000055,direct_no_fiedler,osm,55
1.0,0.9999998807907104,0.0040162167132171,3,1000055,direct_no_fiedler,osm,55
0.0012337919862523,0.0145746599882841,0.0005542731651838,1,1000055,direct_no_fiedler,osm,55
1.0,1.0,0.0048562500794101,4,1000055,direct_no_fiedler,osm,55
1.0,1.0,0.0124559440339803,6,1000055,direct_no_fiedler,osm,55
0.0823859699009325,0.0276200622320175,0.0117085869517167,4,1000055,direct_no_fiedler,osm,55
0.0375185814217101,0.0212225653231143,0.0074282529133931,3,1000055,direct_no_fiedler,osm,55
0.0122149196511756,0.0149014070630073,0.005551871298638,1,1000055,direct_no_fiedler,osm,55
1.0,0.9999998807907104,0.0094384481761706,8,1000055,direct_no_fiedler,osm,55
1.0,1.0,0.0073879079604334,4,1000055,direct_no_fiedler,osm,55
1.0,0.9999997615814208,0.0166666652632578,8,1000055,direct_no_fiedler,osm,55
4.454455535207735e-06,0.0149014070630073,7.268692596057147e-07,1,1000055,direct_no_fiedler,osm,55
1.0,1.0,0.0041747289371808,3,1000055,direct_no_fiedler,osm,55
1.0,0.9954160451889038,0.0839654241269791,6,1000055,direct_no_fiedler,osm,55
0.0106026254902013,0.0190070755779743,0.0008137505521867,2,1000055,direct_no_fiedler,osm,55
1.0,1.0,0.0031359402606759,7,1000055,direct_no_fiedler,osm,55
0.0204852916118934,0.0247536078095436,0.0045711532185197,4,1000055,direct_no_fiedler,osm,55
0.7126708729782303,0.0282308924943208,0.0327837912260965,5,1000055,direct_no_fiedler,osm,55
0.0161422884340768,0.0282308924943208,0.0040854953503329,5,1000055,direct_no_fiedler,osm,55
0.3842645068767186,0.0495655015110969,0.0128599224430356,8,1000055,direct_no_fiedler,osm,55
0.0265855783402668,0.0216950718313455,0.0152908811539966,3,1000055,direct_no_fiedler,osm,55
1.0,1.0,0.0042141715161368,6,1000055,direct_no_fiedler,osm,55
0.01299678243149,0.0177883524447679,0.0058063394627723,2,1000055,direct_no_fiedler,osm,55
0.0837145205359738,0.0266693532466888,0.0074288936425012,5,1000055,direct_no_fiedler,osm,55
0.7131296241382383,0.0221778564155101,0.0228977195411762,3,1000055,direct_no_fiedler,osm,55
0.0019659327934301,0.0149014070630073,0.0008064885563901,1,1000055,direct_no_fiedler,osm,55
0.0037954855812918,0.0152353653684258,0.000724962792063,1,1000055,direct_no_fiedler,osm,55
1.0,1.0,0.0189667981840604,4,1000055,direct_no_fiedler,osm,55
1.0,0.9954164028167723,0.001518388655107,5,1000055,direct_no_fiedler,osm,55
0.0017619030098989,0.0152353653684258,0.0009066869569207,1,1000055,direct_no_fiedler,osm,55
0.1091503988495776,0.0177883524447679,0.0549831494831893,2,1000055,direct_no_fiedler,osm,55
0.0002993865467045,0.0149014070630073,5.9469051154834745e-05,1,1000055,direct_no_fiedler,osm,55
1.0,1.0,4.645516922675615e-05,1,1000055,direct_no_fiedler,osm,55
0.0188394246621271,0.0147044984623789,0.0062815714547574,1,1000055,direct_no_fiedler,osm,55
0.004770960150902,0.0177883524447679,0.0006520265021791,2,1000055,direct_no_fiedler,osm,55
1.0,0.9999997615814208,0.0053387809548647,6,1000055,direct_no_fiedler,osm,55
0.0768876238392846,0.0282308924943208,0.0181871298082604,5,1000055,direct_no_fiedler,osm,55
1.0,0.0454930178821086,0.0574181144218923,8,1000055,direct_no_fiedler,osm,55
1.0,1.0,0.0099281128875638,6,1000055,direct_no_fiedler,osm,55
1.0,1.0,0.0092240201959321,7,1000055,direct_no_fiedler,osm,55
0.1161854220348282,0.0203075688332319,0.0694230745409095,3,1000055,direct_no_fiedler,osm,55
1.0,1.0,0.0077817959387471,8,1000055,direct_no_fiedler,osm,55
1.0,1.0,0.0012629274231835,4,1000055,direct_no_fiedler,osm,55
0.0115693119527171,0.0226711388677358,0.0038748741463635,3,1000055,direct_no_fiedler,osm,55
1.0,1.0,0.0024928333873585,6,1000055,direct_no_fiedler,osm,55
0.0483181936342448,0.0270220935344696,0.0171821275866901,4,1000055,direct_no_fiedler,osm,55
1.0,1.0,0.012321102261386,6,1000055,direct_no_fiedler,osm,55
0.0024497453711964,0.0170188453048467,0.0008808049846188,2,1000055,direct_no_fiedler,osm,55
1.0,1.0,0.0157369833929305,4,1000055,direct_no_fiedler,osm,55
1.0,1.0,4.747827566461582e-06,3,1000055,direct_no_fiedler,osm,55
1.0,0.039122212678194,0.0026206984181244,6,1000055,direct_no_fiedler,osm,55
0.0117110308090925,0.0276200678199529,0.0047465187896444,5,1000055,direct_no_fiedler,osm,55
1.0,1.0,0.0121177778635055,8,1000055,direct_no_fiedler,osm,55
1.0,1.0,0.0035059759042341,7,1000055,direct_no_fiedler,osm,55
1.0,1.0,0.0973089183077825,8,1000055,direct_no_fiedler,osm,55
1.0,0.9999969005584716,0.1213913452258111,8,1000055,direct_no_fiedler,osm,55
0.0011194007769821,0.0145746599882841,0.0005483517169635,1,1000055,direct_no_fiedler,osm,55
0.0089940845175368,0.0212225653231143,0.0013613991221148,3,1000055,direct_no_fiedler,osm,55
0.0019650961444904,0.0212225653231143,0.0011519144777499,3,1000055,direct_no_fiedler,osm,55
0.0014024418142727,0.0152353653684258,0.0006086002675132,1,1000055,direct_no_fiedler,osm,55
0.0002589950532193,0.0173994209617376,5.4347532016443e-05,2,1000055,direct_no_fiedler,osm,55
0.0207185273219812,0.0204874258488416,0.0068659931281931,3,1000055,direct_no_fiedler,osm,55
1.0,1.0,0.0396767125338322,6,1000055,direct_no_fiedler,osm,55
1.0,1.0,0.0081226960213472,4,1000055,direct_no_fiedler,osm,55
1.0,0.9998061060905457,0.0014784966314258,3,1000055,direct_no_fiedler,osm,55
1.0,1.0,0.0287159559704258,2,1000055,direct_no_fiedler,osm,55
1.0,0.0408495999872684,0.0346645735160235,7,1000055,direct_no_fiedler,osm,55
1.0,1.0,0.002029902162762,6,1000055,direct_no_fiedler,osm,55
0.0050353483826692,0.0145746599882841,0.0014863290669351,1,1000055,direct_no_fiedler,osm,55
0.0247765853354959,0.0212225653231143,0.0093191181851685,3,1000055,direct_no_fiedler,osm,55
0.5939519364689301,0.026436697691679,0.0455631005869361,4,1000055,direct_no_fiedler,osm,55
1.0,1.0,0.0393406967060031,6,1000055,direct_no_fiedler,osm,55
0.5272788262812739,0.0159255415201187,0.0816370471532142,1,1000055,direct_no_fiedler,osm,55
1.0,1.0,0.0686344972181144,6,1000055,direct_no_fiedler,osm,55
1.0,1.0,0.0386285242875709,5,1000055,direct_no_fiedler,osm,55
1.0,1.0,0.0385904718072378,8,1000055,direct_no_fiedler,osm,55
1.0,0.9999997615814208,4.885453729372914e-05,3,1000055,direct_no_fiedler,osm,55
0.0705338634377974,0.0282308924943208,0.0041683652710721,4,1000055,direct_no_fiedler,osm,55
1.0,1.0,0.0044900501644222,4,1000055,direct_no_fiedler,osm,55
1.0,0.9999969005584716,0.0728817184480997,8,1000055,direct_no_fiedler,osm,55
1.0,1.0,0.1343596637733065,7,1000055,direct_no_fiedler,osm,55
1.0,1.0,0.0038501786661419,6,1000055,direct_no_fiedler,osm,55
0.0770249951922583,0.0181858222931623,0.0058646077443506,2,1000055,direct_no_fiedler,osm,55
1.0,1.0,0.002640358154467,6,1000055,direct_no_fiedler,osm,55
1.0,0.0177883524447679,0.0035024541248792,2,1000055,direct_no_fiedler,osm,55
0.0281815857425083,0.0343508198857307,0.0109000855827195,6,1000055,direct_no_fiedler,osm,55
0.0050243523575321,0.026436697691679,0.0017588197898212,4,1000055,direct_no_fiedler,osm,55
1.0,1.0,0.0208362442781139,7,1000055,direct_no_fiedler,osm,55
0.5506825764822543,0.0216950718313455,0.0395925077829535,3,1000055,direct_no_fiedler,osm,55
1.0,1.0,0.0023959304270592,3,1000055,direct_no_fiedler,osm,55
0.0060999021580731,0.0212225653231143,0.0027343062736131,3,1000055,direct_no_fiedler,osm,55
1.0,0.9999998807907104,0.0825781041667963,6,1000055,direct_no_fiedler,osm,55
0.0077852656102815,0.0212225653231143,0.0031130233997081,3,1000055,direct_no_fiedler,osm,55
0.0471653553434162,0.0343508198857307,0.0058971365552787,6,1000055,direct_no_fiedler,osm,55
1.0,1.0,0.0133216033270576,6,1000055,direct_no_fiedler,osm,55
0.0418878152745418,0.0485160835087299,0.0154329555396799,8,1000055,direct_no_fiedler,osm,55
1.0,1.0,0.0025718365325643,4,1000055,direct_no_fiedler,osm,55
1.0,1.0,0.0081525997023358,7,1000055,direct_no_fiedler,osm,55
1.0,1.0,0.0035016008237858,3,1000055,direct_no_fiedler,osm,55
0.5954546742570006,0.0181858222931623,0.04437497933001,2,1000055,direct_no_fiedler,osm,55
1.0,0.9999988079071044,0.1985863529720857,8,1000055,direct_no_fiedler,osm,55
1.0,1.0,0.0167456955078244,7,1000055,direct_no_fiedler,osm,55
1.0,0.0485160835087299,0.015170449778103,8,1000055,direct_no_fiedler,osm,55
1.0,1.0,0.0316096432575539,8,1000055,direct_no_fiedler,osm,55
0.0468927997073662,0.0382850095629692,0.0139624816547943,7,1000055,direct_no_fiedler,osm,55
0.5044464511351382,0.0288548339158296,0.0169857129384191,5,1000055,direct_no_fiedler,osm,55
1.0,1.0,0.0170805271956242,7,1000055,direct_no_fiedler,osm,55
1.0,0.0454930178821086,0.0102653757033316,7,1000055,direct_no_fiedler,osm,55
0.002047696376602,0.0152353653684258,0.0007871872598301,1,1000055,direct_no_fiedler,osm,55
1.0,1.0,0.0017886605817939,4,1000055,direct_no_fiedler,osm,55
0.1317680739478549,0.0454930178821086,0.0735196684761177,7,1000055,direct_no_fiedler,osm,55
0.0001725609361266,0.0173994209617376,5.267976106261462e-05,2,1000055,direct_no_fiedler,osm,55
1.0,1.0,0.0018952619054069,5,1000055,direct_no_fiedler,osm,55
1.0,1.0,0.0087773293317874,6,1000055,direct_no_fiedler,osm,55
1.0,1.0,0.0015593615189743,2,1000055,direct_no_fiedler,osm,55
1.0,1.0,0.0821139180577374,7,1000055,direct_no_fiedler,osm,55
1.0,1.0,0.067008893235956,7,1000055,direct_no_fiedler,osm,55
0.5608005462517592,0.0408495999872684,0.0493804275364417,7,1000055,direct_no_fiedler,osm,55
0.003535233498991,0.0198646690696477,0.0021163588727708,3,1000055,direct_no_fiedler,osm,55
0.0049872164594879,0.0270220935344696,0.0022133042094953,5,1000055,direct_no_fiedler,osm,55
0.0284728015375251,0.0212225653231143,0.0033527225030343,3,1000055,direct_no_fiedler,osm,55
0.0187795257823073,0.0247536078095436,0.0031840931862311,4,1000055,direct_no_fiedler,osm,55
1.0,0.9999988079071044,0.0210201798715875,8,1000055,direct_no_fiedler,osm,55
1.0,1.0,0.014018174621457,7,1000055,direct_no_fiedler,osm,55
0.0288224174092052,0.0247536078095436,0.0140266365294868,4,1000055,direct_no_fiedler,osm,55
0.0568926388756958,0.0464802272617816,0.0222855168992944,7,1000055,direct_no_fiedler,osm,55
1.0,1.0,0.0014786210029324,2,1000055,direct_no_fiedler,osm,55
0.000982551402669,0.0190070755779743,7.129523447633962e-05,2,1000055,direct_no_fiedler,osm,55
0.0343981745104805,0.0276200678199529,0.0128442447979533,5,1000055,direct_no_fiedler,osm,55
1.0,1.0,0.0217838701025972,6,1000055,direct_no_fiedler,osm,55
0.5593752445248172,0.0203075688332319,0.1279708437137042,3,1000055,direct_no_fiedler,osm,55
0.1148899175251301,0.0247536078095436,0.0312163557231647,4,1000055,direct_no_fiedler,osm,55
1.0,1.0,0.0100772918078948,8,1000055,direct_no_fiedler,osm,55
1.0,1.0,0.0190405563883369,7,1000055,direct_no_fiedler,osm,55
1.0,1.0,0.0589149253777903,4,1000055,direct_no_fiedler,osm,55
1.0,1.0,0.0061761125184176,5,1000055,direct_no_fiedler,osm,55
1.0,1.0,0.012048464648808,8,1000055,direct_no_fiedler,osm,55
0.0688474959611945,0.0241100210696458,0.010514655145117,4,1000055,direct_no_fiedler,osm,55
1.0,0.0221778564155101,0.0154413347357664,3,1000055,direct_no_fiedler,osm,55
1.0,1.0,0.0008771259182047,6,1000055,direct_no_fiedler,osm,55
0.5934845536414272,0.0177883524447679,0.0493541635190771,2,1000055,direct_no_fiedler,osm,55
0.0602044866535244,0.0308079738169908,0.0045238838072468,5,1000055,direct_no_fiedler,osm,55
1.0,0.999805986881256,0.0278899329863217,7,1000055,direct_no_fiedler,osm,55
0.6478750693979015,0.0282308924943208,0.0248628500501,5,1000055,direct_no_fiedler,osm,55
5.669771581118255e-06,0.0207601338624954,1.366938871460194e-06,3,1000055,direct_no_fiedler,osm,55
1.0,1.0,0.0262264324441394,5,1000055,direct_no_fiedler,osm,55
0.0074944428364531,0.0177883524447679,0.0018453478708576,2,1000055,direct_no_fiedler,osm,55
0.0829389730249877,0.0464802272617816,0.022283846075719,8,1000055,direct_no_fiedler,osm,55
1.0,1.0,0.0389697967884953,8,1000055,direct_no_fiedler,osm,55
1.0,1.0,0.0451387419713716,6,1000055,direct_no_fiedler,osm,55
1.0,1.0,0.0501470440938058,6,1000055,direct_no_fiedler,osm,55
0.0179482893030603,0.0203075688332319,0.0083641126618587,3,1000055,direct_no_fiedler,osm,55
1.0,0.9999969005584716,0.0315488424007952,8,1000055,direct_no_fiedler,osm,55
1.0,1.0,0.0001123388105184,2,1000055,direct_no_fiedler,osm,55
0.0644563066615122,0.0212225653231143,0.0157774699202617,3,1000055,direct_no_fiedler,osm,55
1.0,1.0,0.1062581973343523,8,1000055,direct_no_fiedler,osm,55
1.0,1.0,0.0175995403449388,4,1000055,direct_no_fiedler,osm,55
1.0,1.0,0.0027245899282508,4,1000055,direct_no_fiedler,osm,55
1.0,1.0,0.0280031774640722,6,1000055,direct_no_fiedler,osm,55
1.0,1.0,0.0771549900324473,5,1000055,direct_no_fiedler,osm,55
0.3629218914807384,0.0173994209617376,0.001792178391614,2,1000055,direct_no_fiedler,osm,55
0.0177066109204753,0.0207601338624954,0.0060821685986258,3,1000055,direct_no_fiedler,osm,55
0.0224771623345879,0.030143104493618,0.003464828893726,5,1000055,direct_no_fiedler,osm,55
1.0,1.0,0.0141639715996851,7,1000055,direct_no_fiedler,osm,55
1.0,1.0,0.0714366256646692,6,1000055,direct_no_fiedler,osm,55
1.0,0.999805986881256,0.0237294863420115,7,1000055,direct_no_fiedler,osm,55
0.0528173909370739,0.0247536078095436,0.0138665197975603,4,1000055,direct_no_fiedler,osm,55
1.0,1.0,0.0008795933269445,4,1000055,direct_no_fiedler,osm,55
1.0,0.0394619926810264,0.0280776654385387,7,1000055,direct_no_fiedler,osm,55
1.0,1.0,0.0047766486263234,7,1000055,direct_no_fiedler,osm,55
0.5272788262812739,0.0159255415201187,0.0816370471532142,1,1000055,direct_no_fiedler,osm,55
0.0083593535489159,0.0177883524447679,0.0035424339978912,2,1000055,direct_no_fiedler,osm,55
1.0,0.999805986881256,0.035189702434076,8,1000055,direct_no_fiedler,osm,55
1.0,1.0,0.0199228188038567,7,1000055,direct_no_fiedler,osm,55
1.0,0.0464802272617816,0.027662332873784,7,1000055,direct_no_fiedler,osm,55
0.0383781569611367,0.0276200678199529,0.0193140753362766,5,1000055,direct_no_fiedler,osm,55
0.0202766521868569,0.0221778564155101,0.0035276277802579,4,1000055,direct_no_fiedler,osm,55
1.0,1.0,0.0270335515686962,7,1000055,direct_no_fiedler,osm,55
0.0492285873139168,0.0212225653231143,0.0042980019581159,3,1000055,direct_no_fiedler,osm,55
1.0,1.0,0.0051640680900664,7,1000055,direct_no_fiedler,osm,55
1.0,0.9999997615814208,0.0593086495119939,7,1000055,direct_no_fiedler,osm,55
0.7130382026307449,0.0282308924943208,0.0256141085756763,5,1000055,direct_no_fiedler,osm,55
0.0445227373998982,0.0517291389405727,0.0218923966111493,8,1000055,direct_no_fiedler,osm,55
1.0,1.0,0.0031869255958766,3,1000055,direct_no_fiedler,osm,55
1.0,1.0,0.0002096819296302,4,1000055,direct_no_fiedler,osm,55
1.0,0.9999998807907104,0.0019976892278707,2,1000055,direct_no_fiedler,osm,55
1.0,1.0,0.0263678180686867,4,1000055,direct_no_fiedler,osm,55
1.0,1.0,0.0873597070903866,8,1000055,direct_no_fiedler,osm,55
0.0642161469787907,0.0152353653684258,0.0036580883885204,1,1000055,direct_no_fiedler,osm,55
1.0,0.9999969005584716,0.0090362740370638,3,1000055,direct_no_fiedler,osm,55
1.0,0.9999969005584716,0.0957131077665953,4,1000055,direct_no_fiedler,osm,55
0.0029961498978277,0.0173994209617376,0.0014495902148423,2,1000055,direct_no_fiedler,osm,55
1.0,1.0,0.0223218573991008,3,1000055,direct_no_fiedler,osm,55
0.2754066483655394,0.0314870253205299,0.0167267777892763,5,1000055,direct_no_fiedler,osm,55
0.0689481650331045,0.0233797803521156,0.0056979976158896,4,1000055,direct_no_fiedler,osm,55
0.0012818241780079,0.0177883524447679,0.0002405970080043,2,1000055,direct_no_fiedler,osm,55
1.0,1.0,0.0006113396529335,2,1000055,direct_no_fiedler,osm,55
1.0,0.999805986881256,0.0826924461525879,6,1000055,direct_no_fiedler,osm,55
0.0096240496361766,0.0159255415201187,0.000161735256405,1,1000055,direct_no_fiedler,osm,55
1.0,0.999805986881256,0.0016891693279256,7,1000055,direct_no_fiedler,osm,55
0.0063273980027247,0.0343508198857307,0.0028376619325295,6,1000055,direct_no_fiedler,osm,55
5.668349583043408e-07,0.0145746599882841,1.204531189069133e-07,1,1000055,direct_no_fiedler,osm,55
1.0,0.999998927116394,0.0009236357592944,4,1000055,direct_no_fiedler,osm,55
1.0,1.0,0.006012799569769,3,1000055,direct_no_fiedler,osm,55
0.1715264578297584,0.0435781963169574,0.0180301947937756,7,1000055,direct_no_fiedler,osm,55
1.0,1.0,0.0003503534875799,2,1000055,direct_no_fiedler,osm,55
0.0012621528434911,0.0185920018702745,0.0002932596241974,2,1000055,direct_no_fiedler,osm,55
0.167645079887897,0.0408495999872684,0.0184683576801985,7,1000055,direct_no_fiedler,osm,55
0.0058163492789944,0.0226711388677358,0.0019584924137649,3,1000055,direct_no_fiedler,osm,55
1.0,1.0,0.0432067306757427,6,1000055,direct_no_fiedler,osm,55
0.0276147878343371,0.0489332862198352,0.0096889908842998,8,1000055,direct_no_fiedler,osm,55
1.0,1.0,0.0045631936810568,8,1000055,direct_no_fiedler,osm,55
0.0120339855067242,0.0149014070630073,0.0056525660485292,1,1000055,direct_no_fiedler,osm,55
1.0,1.0,0.0778844358613443,8,1000055,direct_no_fiedler,osm,55
0.0075122157875155,0.0170188453048467,0.0026720078560016,2,1000055,direct_no_fiedler,osm,55
0.0006824511568793,0.0152353653684258,0.0003228828491587,1,1000055,direct_no_fiedler,osm,55
1.0,0.9999998807907104,0.1297191663955701,4,1000055,direct_no_fiedler,osm,55
0.036393068135315,0.029492150992155,0.0052547336713931,5,1000055,direct_no_fiedler,osm,55
0.1610008054712247,0.0445257872343063,0.014553152492631,7,1000055,direct_no_fiedler,osm,55
1.0,0.0270220935344696,0.0159157816071095,4,1000055,direct_no_fiedler,osm,55
0.2440948146759158,0.030143104493618,0.0297624330292926,5,1000055,direct_no_fiedler,osm,55
8.792465228979474e-05,0.0177883524447679,3.3984882726579446e-05,2,1000055,direct_no_fiedler,osm,55
1.0,0.995416522026062,0.027655987768547,4,1000055,direct_no_fiedler,osm,55
1.0,1.0,0.0044812111626013,4,1000055,direct_no_fiedler,osm,55
0.5280031632409959,0.0216950718313455,0.0941203921807393,3,1000055,direct_no_fiedler,osm,55
1.0,1.0,0.0033726052316512,4,1000055,direct_no_fiedler,osm,55
1.0,1.0,5.786182216464412e-07,1,1000055,direct_no_fiedler,osm,55
1.0,1.0,0.0037573072246356,3,1000055,direct_no_fiedler,osm,55
1.0,1.0,0.0083872276305675,8,1000055,direct_no_fiedler,osm,55
1.0,0.0539819151163101,0.0443176448163889,8,1000055,direct_no_fiedler,osm,55
1.0,1.0,0.0244785875713518,8,1000055,direct_no_fiedler,osm,55
1.0,1.0,0.0073305469997907,6,1000055,direct_no_fiedler,osm,55
0.0054016634046603,0.0170188453048467,0.0028824651498944,2,1000055,direct_no_fiedler,osm,55
1.0,0.9999988079071044,0.0115192099602102,7,1000055,direct_no_fiedler,osm,55
0.5272788262812739,0.0159255415201187,0.0816370471532142,1,1000055,direct_no_fiedler,osm,55
0.0787832120722604,0.0244297552853822,0.0120404307997254,4,1000055,direct_no_fiedler,osm,55
1.0,1.0,0.0026992728331046,6,1000055,direct_no_fiedler,osm,55
0.2566030861538624,0.0260914023965597,0.0351388232899216,4,1000055,direct_no_fiedler,osm,55
1.0,1.0,0.0173265169826599,3,1000055,direct_no_fiedler,osm,55
1.0,1.0,0.0198066004263944,6,1000055,direct_no_fiedler,osm,55
0.0126098349987299,0.0435781963169574,0.002472951773996,8,1000055,direct_no_fiedler,osm,55
1.0,1.0,0.047603850621076,7,1000055,direct_no_fiedler,osm,55
0.0010759860933782,0.0198646690696477,0.0001461042381813,3,1000055,direct_no_fiedler,osm,55
1.0,1.0,0.0015641939513764,3,1000055,direct_no_fiedler,osm,55
0.3707455434633075,0.0185920018702745,0.0036972375762132,2,1000055,direct_no_fiedler,osm,55
0.0561382717524776,0.0159255415201187,0.00142484159495,1,1000055,direct_no_fiedler,osm,55
0.0246226080830882,0.0236900672316551,0.012226458859404,4,1000055,direct_no_fiedler,osm,55
0.0505852933558926,0.0253027006983757,0.0014891762692634,4,1000055,direct_no_fiedler,osm,55
1.0,1.0,0.0182504552684032,7,1000055,direct_no_fiedler,osm,55
1.0,0.9999969005584716,0.1251160484506687,4,1000055,direct_no_fiedler,osm,55
0.0090871556151704,0.0152353653684258,0.0011289869108156,1,1000055,direct_no_fiedler,osm,55
1.0,1.0,2.3499560388895427e-05,3,1000055,direct_no_fiedler,osm,55
1.0,1.0,0.0055828506168753,8,1000055,direct_no_fiedler,osm,55
1.0,0.032888825982809,0.0335775381681355,5,1000055,direct_no_fiedler,osm,55
1.0,1.0,0.0057213909743532,7,1000055,direct_no_fiedler,osm,55
1.0,0.0426498688757419,0.0569705563891703,7,1000055,direct_no_fiedler,osm,55
0.001887615252991,0.0173994209617376,0.0008603248067345,2,1000055,direct_no_fiedler,osm,55
0.1624452190027073,0.0331763364374637,0.0851006483048632,6,1000055,direct_no_fiedler,osm,55
1.0,1.0,9.372307343542768e-05,1,1000055,direct_no_fiedler,osm,55
1.0,1.0,0.004639168384334,5,1000055,direct_no_fiedler,osm,55
1.0,1.0,0.0193229601307169,6,1000055,direct_no_fiedler,osm,55
0.0468347219743622,0.0149014070630073,0.0036327343721362,1,1000055,direct_no_fiedler,osm,55
0.6313638034022317,0.026436697691679,0.026018258509487,4,1000055,direct_no_fiedler,osm,55
1.0,1.0,0.0054757436619472,6,1000055,direct_no_fiedler,osm,55
0.4656152845403656,0.0408495999872684,0.0743843741177272,7,1000055,direct_no_fiedler,osm,55
1.0,1.0,0.0037299718128571,3,1000055,direct_no_fiedler,osm,55
0.0565752420246508,0.0181858222931623,0.0290360994341643,2,1000055,direct_no_fiedler,osm,55
1.0,1.0,0.001897721635256,5,1000055,direct_no_fiedler,osm,55
0.010513530973137,0.0231751352548599,0.0041277069545407,4,1000055,direct_no_fiedler,osm,55
0.5806065593124465,0.0485160835087299,0.1409781253749071,8,1000055,direct_no_fiedler,osm,55
1.0,0.0454930178821086,0.0344372177255731,7,1000055,direct_no_fiedler,osm,55
1.0,0.0236900672316551,0.0060774475549934,3,1000055,direct_no_fiedler,osm,55
1.0,0.9999998807907104,0.077150269487116,4,1000055,direct_no_fiedler,osm,55
0.0359146556705969,0.0173994209617376,0.0046975401183492,2,1000055,direct_no_fiedler,osm,55
0.0092155576622779,0.0147044984623789,0.0054275564278332,1,1000055,direct_no_fiedler,osm,55
0.0078693674637474,0.0258636530488729,0.0034141137068012,4,1000055,direct_no_fiedler,osm,55
0.0429898789208976,0.0242161378264427,0.009248296166123,4,1000055,direct_no_fiedler,osm,55
1.0,1.0,0.005005212542335,8,1000055,direct_no_fiedler,osm,55
1.6479169628880189e-07,0.0152353653684258,1.9032713036455776e-08,1,1000055,direct_no_fiedler,osm,55
0.0193364445760582,0.0270220935344696,0.0074097645185055,4,1000055,direct_no_fiedler,osm,55
0.696744774738013,0.0528442040085792,0.0498041328282693,8,1000055,direct_no_fiedler,osm,55
0.0544960211449581,0.0221778564155101,0.0033378589937495,3,1000055,direct_no_fiedler,osm,55
0.0068607601929318,0.032888825982809,0.003300942151656,5,1000055,direct_no_fiedler,osm,55
0.0027410895093371,0.0203075688332319,0.0015217957341194,3,1000055,direct_no_fiedler,osm,55
0.0024809460024134,0.0149014070630073,0.0011856787890664,1,1000055,direct_no_fiedler,osm,55
0.010007112782117,0.0216950718313455,0.003354509662018,3,1000055,direct_no_fiedler,osm,55
0.0278142986106489,0.0253027006983757,0.0127288546319338,4,1000055,direct_no_fiedler,osm,55
0.6309883929202282,0.0216950718313455,0.0240175792525578,3,1000055,direct_no_fiedler,osm,55
0.0312828570817733,0.0705874636769294,0.0149619300999151,5,10,residual_full,synthetic,55
0.062467672789408,0.0448924861848354,0.0343414745421356,2,10,residual_full,synthetic,55
0.1666256816640031,0.145627737045288,0.1003209922508394,6,10,residual_full,synthetic,55
0.0012519903187084,0.0113978125154972,0.000846798276578,2,10,residual_full,synthetic,55
0.1136078156695235,0.1259723305702209,0.0702351051126904,8,10,residual_full,synthetic,55
1.0,1.0,0.0009026222994387,1,10,residual_full,synthetic,55
0.0134591500605834,0.026211354881525,0.0085871985417926,4,10,residual_full,synthetic,55
0.1050992456257885,0.125040054321289,0.0636455018484984,7,10,residual_full,synthetic,55
0.1867060783821225,0.1133660897612571,0.1009439774792155,3,10,residual_full,synthetic,55
0.0048091056309185,0.0142176691442728,0.0036666554889687,2,10,residual_full,synthetic,55
0.0366988489813815,0.0542051121592521,0.0198982930481022,5,10,residual_full,synthetic,55
0.0015708286304352,0.0110836336389184,0.0005326193088752,1,10,residual_full,synthetic,55
1.0,1.0,0.0399358029755911,7,10,residual_full,synthetic,55
0.0008697670111069,0.0110186962410807,0.0004676825447669,2,10,residual_full,synthetic,55
0.14176888237931,0.1052348017692565,0.0487529792791456,7,10,residual_full,synthetic,55
0.004688336312419,0.0151920178905129,0.00334433629858,3,10,residual_full,synthetic,55
0.0061708994450547,0.0151516962796449,0.0046006819305623,1,10,residual_full,synthetic,55
0.0328106664489672,0.0400575250387191,0.0177294792237159,5,10,residual_full,synthetic,55
0.0158725244640451,0.0768957510590553,0.0075430436818932,7,10,residual_full,synthetic,55
0.035643385722668,0.032973326742649,0.022422311854632,2,10,residual_full,synthetic,55
0.1297079926905676,0.1686663329601287,0.0770153711902746,7,11,residual_full,synthetic,55
0.0350509283908064,0.0410237908363342,0.0189293279280228,3,11,residual_full,synthetic,55
0.0139295829442473,0.0351781547069549,0.0088294350014161,4,11,residual_full,synthetic,55
0.0060892728694811,0.0161073748022317,0.0044991742294622,3,11,residual_full,synthetic,55
0.0579146877398847,0.0930517092347145,0.0298060649680032,6,11,residual_full,synthetic,55
0.0553438107186664,0.0569413565099239,0.009055618092522,4,11,residual_full,synthetic,55
0.012896765004515,0.0740994215011596,0.0087092410223839,7,11,residual_full,synthetic,55
0.0053406087111947,0.0376416966319084,0.0037045382758778,5,11,residual_full,synthetic,55
0.0698512678644418,0.0755972415208816,0.0408430711825131,5,11,residual_full,synthetic,55
0.0009219320874979,0.0108391921967267,0.0002881777765906,1,11,residual_full,synthetic,55
0.2612912589404683,0.2134252339601516,0.1387826175997299,8,11,residual_full,synthetic,55
0.0005314790179311,0.0109765818342566,0.0004255677803181,2,11,residual_full,synthetic,55
0.0169813153814626,0.0205225944519042,0.0099715809100755,2,11,residual_full,synthetic,55
0.004001076148573,0.0136680742725729,0.0031170605491079,1,11,residual_full,synthetic,55
0.0308831407630291,0.0719324201345443,0.0216819685701952,6,11,residual_full,synthetic,55
1.0,1.0,0.0238867161569123,4,11,residual_full,synthetic,55
0.0049272173472467,0.0144183039665222,0.0030824229060369,3,11,residual_full,synthetic,55
0.0366784130171382,0.0672605112195015,0.024505695732965,5,11,residual_full,synthetic,55
0.2934473178170187,0.2216617912054062,0.1431027256416084,8,11,residual_full,synthetic,55
0.0385005057884398,0.0797520726919174,0.0268211582777217,6,11,residual_full,synthetic,55
0.0413746337984453,0.0630242973566055,0.0329055951191683,8,19,residual_full,synthetic,55
0.119152419251939,0.0695619508624076,0.0368899195009599,8,19,residual_full,synthetic,55
0.0069846445604014,0.012539530172944,0.0019885162496428,2,19,residual_full,synthetic,55
0.0001141815126938,0.0106331221759319,8.210775407612654e-05,1,19,residual_full,synthetic,55
0.0393212069867103,0.0468817204236984,0.0310773244146921,6,19,residual_full,synthetic,55
0.0010893647798111,0.0115158595144748,0.0009648458159193,2,19,residual_full,synthetic,55
0.0191165485557502,0.0369052216410636,0.0151456644200809,7,19,residual_full,synthetic,55
0.0004317936133013,0.0109352767467498,0.0003842627634999,2,19,residual_full,synthetic,55
0.0005581346836117,0.0109617607668042,0.0004107465815914,1,19,residual_full,synthetic,55
0.0168701342022941,0.0250543057918548,0.0135311712527198,4,19,residual_full,synthetic,55
0.0006808491262557,0.0110365450382232,0.0004855306003339,2,19,residual_full,synthetic,55
3.408198197663026e-05,0.0105666955932974,1.5681945407393614e-05,1,19,residual_full,synthetic,55
0.0117173988973638,0.0222498457878828,0.0093687694990656,5,19,residual_full,synthetic,55
0.0003214610922347,0.0107643343508243,0.0002133205510626,2,19,residual_full,synthetic,55
0.00378933584174,0.0137789938598871,0.0031591333954703,4,19,residual_full,synthetic,55
0.0002789500853017,0.0107646053656935,0.0002135911765419,2,19,residual_full,synthetic,55
0.0040851522849614,0.0205600447952747,0.0032528630507871,6,19,residual_full,synthetic,55
0.0062219079183341,0.0267920866608619,0.005035184022887,8,19,residual_full,synthetic,55
0.0010724109378046,0.0137613238766789,0.0008581426991291,6,19,residual_full,synthetic,55
0.0105717464121624,0.0272508300840854,0.0080579491208044,6,19,residual_full,synthetic,55
0.0044160707115344,0.0135469902306795,0.0029959764283813,2,23,residual_full,synthetic,55
0.0034064238486429,0.0168097801506519,0.0023266169630649,3,23,residual_full,synthetic,55
0.0664403930870092,0.0457817204296588,0.0346054992901796,3,23,residual_full,synthetic,55
0.1258441712766519,0.1126544550061225,0.0632598947747878,4,23,residual_full,synthetic,55
0.004082063097302,0.013729877769947,0.0031788639251308,3,23,residual_full,synthetic,55
0.0178505105402533,0.0169256944209337,0.006374681041396,1,23,residual_full,synthetic,55
0.010532697355042,0.0286597330123186,0.007726581480538,3,23,residual_full,synthetic,55
0.0068700314052259,0.0386806614696979,0.0035096707092725,5,23,residual_full,synthetic,55
0.0141389110680372,0.0807450860738754,0.0080084510808092,8,23,residual_full,synthetic,55
0.0001698100149806,0.01593485660851,0.0001303739834632,3,23,residual_full,synthetic,55
0.0122286689533249,0.0234487727284431,0.0085822188631853,3,23,residual_full,synthetic,55
0.0001175282450726,0.0106435092166066,9.249561219993792e-05,1,23,residual_full,synthetic,55
1.0,0.1063204407691955,0.0313192722515931,8,23,residual_full,synthetic,55
0.0015382184087583,0.0334707498550415,0.0011757258520597,4,23,residual_full,synthetic,55
0.0008986908144427,0.011926825158298,0.0006547445913651,2,23,residual_full,synthetic,55
0.0019560360892179,0.0169447753578424,0.0008527579586144,2,23,residual_full,synthetic,55
0.2193567131115411,0.1403212398290634,0.1232795230753727,3,23,residual_full,synthetic,55
0.0115418893992869,0.0611187145113945,0.007812269619199,7,23,residual_full,synthetic,55
0.0007961954901742,0.0409422405064106,0.0005784279774153,5,23,residual_full,synthetic,55
0.0018816011346212,0.0161024127155542,0.0012563960872339,3,23,residual_full,synthetic,55
0.0075712790789042,0.0167255997657775,0.0061745846905676,2,25,residual_full,synthetic,55
0.007310239333702,0.0163644291460514,0.0058134162676812,5,25,residual_full,synthetic,55
0.003477181816476,0.0134695395827293,0.0029185250769576,3,25,residual_full,synthetic,55
0.0064354767617542,0.0451520904898643,0.0044448703209656,8,25,residual_full,synthetic,55
0.0095714003792236,0.0197772793471813,0.0063849443810524,5,25,residual_full,synthetic,55
0.0270693244049002,0.0409715771675109,0.0217495975585937,7,25,residual_full,synthetic,55
0.0210413847495819,0.0224528685212135,0.0119018558790987,2,25,residual_full,synthetic,55
0.0058352832399475,0.0501360073685646,0.0043198414500153,8,25,residual_full,synthetic,55
0.0101517432244141,0.0182866659015417,0.0077356516390685,2,25,residual_full,synthetic,55
0.000611370782402,0.0109655745327472,0.0004145604569428,1,25,residual_full,synthetic,55
0.0071450945211737,0.0195044782012701,0.0049820854416127,6,25,residual_full,synthetic,55
0.0014881814541616,0.0277362596243619,0.0010674696746874,7,25,residual_full,synthetic,55
0.0033588319252182,0.015584691427648,0.0025145998827475,5,25,residual_full,synthetic,55
0.0142282765085056,0.0221827011555433,0.011631686869976,4,25,residual_full,synthetic,55
0.0042808696602117,0.0143391471356153,0.0032828830317927,4,25,residual_full,synthetic,55
0.003024933870403,0.0130067914724349,0.0024557775888149,2,25,residual_full,synthetic,55
0.0018286247914625,0.0118552520871162,0.0013042385418919,4,25,residual_full,synthetic,55
0.0127553125786858,0.0204035677015781,0.0098525536468638,2,25,residual_full,synthetic,55
0.0015856427664858,0.0118539836257696,0.0013029692321985,1,25,residual_full,synthetic,55
0.0032613505900001,0.0127679351717233,0.002216920643251,3,25,residual_full,synthetic,55
0.0286215164697496,0.0428411588072776,0.0186254183040146,3,38,residual_full,synthetic,55
0.086498408617251,0.1141482442617416,0.0548672898686345,3,38,residual_full,synthetic,55
0.112914503039387,0.1907059401273727,0.0700595914289624,7,38,residual_full,synthetic,55
0.1084903213981788,0.1802292168140411,0.0633826979205633,7,38,residual_full,synthetic,55
1.0,1.0,0.1267373801122017,8,38,residual_full,synthetic,55
1.0,1.0,0.0644989437236572,8,38,residual_full,synthetic,55
0.0019314158400774,0.0133665772154927,0.0006957921624502,1,38,residual_full,synthetic,55
1.0,1.0,0.0287232079464732,2,38,residual_full,synthetic,55
0.00233920967994,0.0239797607064247,0.0009385690019446,3,38,residual_full,synthetic,55
1.0,1.0,0.0686418227468436,6,38,residual_full,synthetic,55
0.2334693157402775,0.1417042016983032,0.0602894241158854,5,38,residual_full,synthetic,55
0.0002114292871928,0.0130620207637548,0.0001564927113814,2,38,residual_full,synthetic,55
1.0,0.2556194067001343,0.1858058211126649,4,38,residual_full,synthetic,55
0.0019314158400774,0.0133665772154927,0.0006957921624502,1,38,residual_full,synthetic,55
1.0,1.0,0.0967273059864238,8,38,residual_full,synthetic,55
1.0,1.0,0.1153659375445655,3,38,residual_full,synthetic,55
0.0072088248829486,0.0165277458727359,0.0050306958010812,2,38,residual_full,synthetic,55
0.0514057591018525,0.1486851871013641,0.0392581782759293,7,38,residual_full,synthetic,55
0.0002318401075208,0.0106997191905975,0.0001487052199754,1,38,residual_full,synthetic,55
0.131940631140365,0.2510131895542145,0.075299377801134,8,38,residual_full,synthetic,55
0.0003486145980065,0.010745427571237,0.0001944136293068,1,45,residual_full,synthetic,55
0.0038309406913613,0.0172397177666425,0.0025095442834594,5,45,residual_full,synthetic,55
0.0223957650747419,0.0503407046198844,0.0171686396497108,8,45,residual_full,synthetic,55
0.0914649195045045,0.0651356056332588,0.0545845919351511,2,45,residual_full,synthetic,55
0.0034789007055154,0.0133708519861102,0.0028198377058612,2,45,residual_full,synthetic,55
0.026101431216716,0.023352462798357,0.0128014497901306,4,45,residual_full,synthetic,55
0.0066957752493796,0.0158553384244442,0.0053043237563017,3,45,residual_full,synthetic,55
0.011323384542569,0.027522986754775,0.007652772354329,6,45,residual_full,synthetic,55
0.080265023587166,0.0675644427537918,0.0567343053898225,4,45,residual_full,synthetic,55
6.316467036238116e-05,0.0105686411261558,1.762749901851229e-05,1,45,residual_full,synthetic,55
0.0944803503417776,0.1021855100989341,0.0718397498470424,8,45,residual_full,synthetic,55
0.0093185715266508,0.0533834397792816,0.0057649843977497,8,45,residual_full,synthetic,55
0.1288542640535621,0.0924791395664215,0.0647448420629873,6,45,residual_full,synthetic,55
0.0033947713105424,0.0140633238479495,0.0027663458476311,4,45,residual_full,synthetic,55
0.0001198233171076,0.0106403641402721,8.934999738026708e-05,2,45,residual_full,synthetic,55
0.0881843722311963,0.0656817331910133,0.0551307218611049,2,45,residual_full,synthetic,55
3.2573647010814e-06,0.0105536328628659,2.6193300846779414e-06,1,45,residual_full,synthetic,55
0.0048143799279795,0.0133982300758361,0.0028472166489559,2,45,residual_full,synthetic,55
0.0288013439898661,0.0332360863685607,0.0226850729205318,4,45,residual_full,synthetic,55
6.59543052039524e-06,0.0105556165799498,4.602394336789961e-06,1,45,residual_full,synthetic,55
0.0005305724873102,0.0109293106943368,0.0003782969844417,1,49,residual_full,synthetic,55
0.4639025191625925,0.2406019419431686,0.1825834118922036,8,49,residual_full,synthetic,55
0.0024385198020331,0.0125780962407588,0.0020270820536373,1,49,residual_full,synthetic,55
0.0097323542049261,0.0215497389435768,0.0071743028460077,3,49,residual_full,synthetic,55
0.0075873849017793,0.0460671782493591,0.0047219758760966,4,49,residual_full,synthetic,55
0.0118291012244581,0.0456635616719722,0.0092425297847393,6,49,residual_full,synthetic,55
0.0188386982634013,0.0561631619930267,0.0128850213606734,7,49,residual_full,synthetic,55
0.1328639027997402,0.0711648613214492,0.022562988384864,6,49,residual_full,synthetic,55
0.0447264451111989,0.0724719166755676,0.0346573942471734,6,49,residual_full,synthetic,55
0.0698962868715713,0.0560772120952606,0.0455262003627577,2,49,residual_full,synthetic,55
0.0381204101132991,0.0675988867878913,0.0220794278944643,7,49,residual_full,synthetic,55
0.0355638300692874,0.0449646785855293,0.0203131387073954,5,49,residual_full,synthetic,55
0.0453685990088302,0.042291659861803,0.0274970608161537,4,49,residual_full,synthetic,55
0.0008901107306509,0.0167077537626028,0.0006906221544193,4,49,residual_full,synthetic,55
0.0023723829619475,0.012498514726758,0.0019475007286989,2,49,residual_full,synthetic,55
0.1806218939218266,0.2016400396823883,0.1255794518506207,8,49,residual_full,synthetic,55
0.0368652079225786,0.0578340701758861,0.0222663474243242,5,49,residual_full,synthetic,55
0.015737983092031,0.025469034910202,0.01135907459767,4,49,residual_full,synthetic,55
0.0861795730361969,0.0562025308609008,0.0411843817953538,3,49,residual_full,synthetic,55
0.1631912627040945,0.0737843811511993,0.0588640295597527,3,49,residual_full,synthetic,55
0.0002828327758727,0.0107936160638928,0.0002426022658857,1,60,residual_full,synthetic,55
0.042290169112775,0.0444270968437194,0.0182212671691831,3,60,residual_full,synthetic,55
0.0115805471556057,0.0200019143521785,0.0094508999540338,2,60,residual_full,synthetic,55
0.0015336509088788,0.0149605236947536,0.0013345069432975,5,60,residual_full,synthetic,55
0.1077267282022333,0.0761188641190528,0.0599038597057442,4,60,residual_full,synthetic,55
0.0010105294948813,0.0113794952630996,0.000828481264849,3,60,residual_full,synthetic,55
0.0017698207221538,0.0118865631520748,0.0013355495955288,4,60,residual_full,synthetic,55
0.0182728816052898,0.0340294949710369,0.0136405981941657,6,60,residual_full,synthetic,55
0.0263263644090246,1.0,0.0159165466748368,5,60,residual_full,synthetic,55
3.700635835102162e-05,0.0105829555541276,3.1941575780087974e-05,1,60,residual_full,synthetic,55
0.0232537282499798,0.0833077356219291,0.0136260367957753,7,60,residual_full,synthetic,55
0.0557161619948162,0.0590617954730987,0.028795509192364,5,60,residual_full,synthetic,55
0.0380812439496285,0.066250056028366,0.0238169106481364,8,60,residual_full,synthetic,55
0.0418583473691854,0.0264749452471733,0.0090635613488058,4,60,residual_full,synthetic,55
0.010508563669024,0.036269087344408,0.0016243751063879,4,60,residual_full,synthetic,55
0.0223178286630599,0.0523406006395816,0.0149769931918407,6,60,residual_full,synthetic,55
0.1144135910254593,0.1300880461931228,0.0683793974850269,8,60,residual_full,synthetic,55
0.054634894645976,0.0872542113065719,0.0310510629797,8,60,residual_full,synthetic,55
0.0118514607054914,0.0174640659242868,0.0069130524605943,1,60,residual_full,synthetic,55
0.0135113718641167,0.0512403286993503,0.0087513972503358,7,60,residual_full,synthetic,55
0.0216775385604459,0.0490347258746624,0.0158645727645657,6,69,residual_full,synthetic,55
0.0026893852802747,0.0126198288053274,0.0020688148452635,2,69,residual_full,synthetic,55
0.0015184727692261,0.0379549264907836,0.0010405812562703,7,69,residual_full,synthetic,55
0.0555146091647519,0.0980180501937866,0.0416300953676761,7,69,residual_full,synthetic,55
0.0339822945205916,0.0284601151943206,0.0179091005045571,3,69,residual_full,synthetic,55
0.0062056765534421,0.0347548052668571,0.0047948945530719,6,69,residual_full,synthetic,55
8.630153751632008e-07,0.0105517050251364,6.911265404431016e-07,1,69,residual_full,synthetic,55
0.0197187236297946,0.051981147378683,0.0150929974827368,6,69,residual_full,synthetic,55
0.0001408445414535,0.010659759864211,0.0001087454714655,1,69,residual_full,synthetic,55
0.000139927785059,0.010625054128468,7.404003741498854e-05,1,69,residual_full,synthetic,55
0.0237028768903674,0.0723415240645408,0.006050267569817,7,69,residual_full,synthetic,55
0.4532710157866353,0.3369213044643402,0.2703558109068305,8,69,residual_full,synthetic,55
0.0037440166814326,0.0134743694216012,0.0029233559361859,2,69,residual_full,synthetic,55
0.0256788979498389,0.0636034905910492,0.0072155400327982,6,69,residual_full,synthetic,55
4.670047403787514e-06,0.0105538861826062,2.871782492733191e-06,1,69,residual_full,synthetic,55
0.0001709016002512,0.0124544100835919,7.705583560261737e-05,2,69,residual_full,synthetic,55
0.0192448828939211,0.0368829816579818,0.0145906884740401,6,69,residual_full,synthetic,55
0.3043173604607337,0.1518281400203704,0.1173907593396879,4,69,residual_full,synthetic,55
0.004995304822697,0.0351522639393806,0.0036627930750252,6,69,residual_full,synthetic,55
0.0423882775712026,0.0424763411283493,0.0319253293768589,3,69,residual_full,synthetic,55
0.0155599891438376,0.0334775038063526,0.0089858047203718,3,84,residual_full,synthetic,55
0.3345266934471828,0.1522011458873748,0.1206792564222461,4,84,residual_full,synthetic,55
0.0012380265005837,0.0127618070691823,0.0006572944170998,2,84,residual_full,synthetic,55
0.0844549700562395,0.1211284101009368,0.0516687666290949,7,84,residual_full,synthetic,55
0.4247958261055402,0.2026830017566681,0.1921319769862852,2,84,residual_full,synthetic,55
0.1159952964439546,0.1523526608943939,0.0757410385411614,7,84,residual_full,synthetic,55
0.0743233712664186,0.0805471241474151,0.0355150150294919,5,84,residual_full,synthetic,55
0.0540377594141066,0.0517740100622177,0.0226467064539965,4,84,residual_full,synthetic,55
1.0,1.0,0.0274426851173862,6,84,residual_full,synthetic,55
0.0456325168744878,0.079037882387638,0.0239799842853391,6,84,residual_full,synthetic,55
0.0109015767661742,0.028506563976407,0.0061012388261338,4,84,residual_full,synthetic,55
0.0192924775962287,0.0368100404739379,0.0100776556883213,4,84,residual_full,synthetic,55
0.0314239487925355,0.0531286746263504,0.0137305394126695,4,84,residual_full,synthetic,55
0.0472970709059842,0.0913239121437072,0.0246347299614694,7,84,residual_full,synthetic,55
0.0084913639820631,0.0167034938931465,0.006152480633149,2,84,residual_full,synthetic,55
0.0031241210687045,0.0150358630344271,0.0012737390775537,3,84,residual_full,synthetic,55
0.0263018254447285,0.091496855020523,0.0156538909651202,8,84,residual_full,synthetic,55
0.0097207944180279,0.0378968976438045,0.0061432942712368,3,84,residual_full,synthetic,55
0.310507282138042,0.1333115100860595,0.0925239297387997,5,84,residual_full,synthetic,55
0.0255345136559441,0.0888217240571975,0.0152852949841803,8,84,residual_full,synthetic,55
0.0332186749653766,0.0388608500361442,0.022669384064526,4,86,residual_full,synthetic,55
0.032059717088767,0.0618409141898155,0.0209036149388438,7,86,residual_full,synthetic,55
1.0,1.0,0.0063002018494835,5,86,residual_full,synthetic,55
0.0036222931168555,0.0184119250625371,0.0024284641322455,4,86,residual_full,synthetic,55
0.3896631307816147,0.1464412212371826,0.0930220741547474,7,86,residual_full,synthetic,55
0.0056531944434669,0.0185148287564516,0.0044303465884466,5,86,residual_full,synthetic,55
0.0056670884342283,0.055395420640707,0.0042980933025059,8,86,residual_full,synthetic,55
0.0712724072473809,0.0640057176351547,0.0426143431297205,5,86,residual_full,synthetic,55
0.010183108620332,0.0169061515480279,0.0063551378495072,3,86,residual_full,synthetic,55
0.0009547143458668,0.0206347368657588,0.0006864165046641,4,86,residual_full,synthetic,55
0.0018140585262987,0.0138379884883761,0.0013471076510753,4,86,residual_full,synthetic,55
0.0065074026745103,0.020356411114335,0.0048973020312253,5,86,residual_full,synthetic,55
0.0051656890768203,0.0144717134535312,0.0039206994380478,2,86,residual_full,synthetic,55
0.0004105376731721,0.0108326692134141,0.0002816549697923,2,86,residual_full,synthetic,55
0.0045694922083077,0.0143056260421872,0.0037546122786628,2,86,residual_full,synthetic,55
0.0291219287926084,0.0486357361078262,0.0184109846164227,5,86,residual_full,synthetic,55
0.3495142870448795,0.0866626873612403,0.0720248575543877,3,86,residual_full,synthetic,55
0.0293968652360261,0.022453237324953,0.0119022225863701,1,86,residual_full,synthetic,55
0.0247230360870586,0.0232665091753005,0.0100097753748566,3,86,residual_full,synthetic,55
0.0102007383256453,0.0445568189024925,0.0065135011451588,8,86,residual_full,synthetic,55
0.0687535153061591,0.1442933976650238,0.0489527917052352,8,94,residual_full,synthetic,55
0.000917388839601,0.0110026923939585,0.0004516783054948,1,94,residual_full,synthetic,55
0.0259965554211861,0.029495358467102,0.0127004918660191,3,94,residual_full,synthetic,55
0.0507537979336656,0.1239126920700073,0.0259427523913648,8,94,residual_full,synthetic,55
0.0001251150686911,0.0106535255908966,0.0001025118130206,1,94,residual_full,synthetic,55
0.0098763731366126,0.0626219660043716,0.0079702287255558,7,94,residual_full,synthetic,55
0.0029358066595992,0.0153630012646317,0.0025003580348829,2,94,residual_full,synthetic,55
0.0174409136204727,0.086780659854412,0.0064649737848133,7,94,residual_full,synthetic,55
0.0124955088981963,0.0375930368900299,0.0064197141488289,4,94,residual_full,synthetic,55
0.0071667705049663,0.0398576706647872,0.0043387019860963,5,94,residual_full,synthetic,55
0.0192711083927665,0.1242723986506462,0.0099939645145285,8,94,residual_full,synthetic,55
0.009625761627808,0.0558983869850635,0.0037819103381307,5,94,residual_full,synthetic,55
0.0648388662213261,0.0485839620232582,0.0114850837675216,5,94,residual_full,synthetic,55
0.0309764699300866,0.115020141005516,0.0214340888247882,8,94,residual_full,synthetic,55
0.0187966952351477,0.0890193134546279,0.0092462957572092,6,94,residual_full,synthetic,55
1.9495586733975223e-05,0.0105648599565029,1.3845882741622572e-05,1,94,residual_full,synthetic,55
0.0057756993662463,0.0154433920979499,0.0048923777855789,1,94,residual_full,synthetic,55
0.1685204011216291,0.1367447227239608,0.0859618818269104,5,94,residual_full,synthetic,55
0.0070204643739512,0.0206277109682559,0.0050177289311006,3,94,residual_full,synthetic,55
0.0099623192340894,0.0578672736883163,0.0054878409034797,5,94,residual_full,synthetic,55
1.0,1.0,0.0224495589875692,8,95,residual_full,synthetic,55
0.0004226138589955,0.0108973328024148,0.000346318703242,3,95,residual_full,synthetic,55
0.3418421328741295,0.2775268256664276,0.2611083410863886,6,95,residual_full,synthetic,55
0.0002285383946412,0.0107459034770727,0.0001948895538329,1,95,residual_full,synthetic,55
0.0008356568204012,0.0132416086271405,0.0007001392259461,5,95,residual_full,synthetic,55
0.0034101512821246,0.0168980732560157,0.0026571865820769,5,95,residual_full,synthetic,55
0.0245454219783357,0.0478626042604446,0.0206845921683328,6,95,residual_full,synthetic,55
0.015871743138484,0.0438911840319633,0.011183177959059,8,95,residual_full,synthetic,55
0.0031043588968289,0.0247862003743648,0.0022603171025812,7,95,residual_full,synthetic,55
0.0005246208752973,0.0133554292842745,0.0004542268791651,4,95,residual_full,synthetic,55
0.0002892590148642,0.0107027543708682,0.0001517401000151,2,95,residual_full,synthetic,55
0.0006334970673503,0.0135424053296446,0.000547070593189,4,95,residual_full,synthetic,55
0.0050670931986501,0.0146702099591493,0.0041191953719286,1,95,residual_full,synthetic,55
0.0202441958207998,0.0266142040491104,0.0160631910945825,4,95,residual_full,synthetic,55
0.0015851100639738,0.0117344912141561,0.0011834769654455,2,95,residual_full,synthetic,55
0.0004488153574162,0.0108708525076508,0.0003198383709748,3,95,residual_full,synthetic,55
0.0009899795217218,0.0112067414447665,0.0006557275616162,1,95,residual_full,synthetic,55
0.1377227563573608,0.1215120553970336,0.0943173697653713,7,95,residual_full,synthetic,55
0.0261346176294231,0.0281335264444351,0.0175825110554582,2,95,residual_full,synthetic,55
0.0275864266911737,0.0332537740468978,0.0227027597315534,1,95,residual_full,synthetic,55
0.0015602294213649,0.01658053137362,0.001195959587268,4,99,residual_full,synthetic,55
0.0250689466816169,0.0380800291895866,0.0150958518336458,7,99,residual_full,synthetic,55
0.0047354827263408,0.0141472145915031,0.0035962001115119,1,99,residual_full,synthetic,55
0.0007340462450378,0.0111121330410242,0.0005611192369616,1,99,residual_full,synthetic,55
0.0001459411783649,0.0106736039742827,0.0001225902709777,2,99,residual_full,synthetic,55
5.027062857621001e-05,0.0105880955234169,3.7081395958768174e-05,2,99,residual_full,synthetic,55
0.0084862240936463,0.0603062734007835,0.005501400357142,8,99,residual_full,synthetic,55
0.0704415930596802,0.0720739886164665,0.0527845583044792,6,99,residual_full,synthetic,55
0.0002910513840858,0.0143986828625202,0.0002457266526666,3,99,residual_full,synthetic,55
0.0215811506606653,0.0472897216677665,0.0124723039759298,7,99,residual_full,synthetic,55
0.0285418113686568,0.0743249058723449,0.0182496453612072,7,99,residual_full,synthetic,55
0.0005321226280535,0.0245607495307922,0.0003713828954341,4,99,residual_full,synthetic,55
0.0118773906042883,0.0480271354317665,0.0087091682612942,7,99,residual_full,synthetic,55
0.0117031947683795,0.0559115372598171,0.0090196207578538,8,99,residual_full,synthetic,55
0.0073927423778968,0.0158368498086929,0.005285835446456,3,99,residual_full,synthetic,55
0.0026318806378976,0.0347773991525173,0.0022208748046402,6,99,residual_full,synthetic,55
0.104658875795223,0.1088718622922897,0.0602516616033725,8,99,residual_full,synthetic,55
0.0103367619525843,0.0559196099638938,0.0076914094396967,8,99,residual_full,synthetic,55
0.0168574076905353,0.0313533544540405,0.0089662691967563,5,99,residual_full,synthetic,55
0.0382047516604413,0.039370372891426,0.0192859049643893,4,99,residual_full,synthetic,55
0.0194984893541894,0.018287144601345,0.0077361302805618,4,1000055,residual_full,osm,55
1.0,1.0,0.0171024823143626,7,1000055,residual_full,osm,55
1.0,0.0151420552283525,0.0033209648933327,4,1000055,residual_full,osm,55
0.0139722714432837,0.0170862525701522,0.0065352391370546,1,1000055,residual_full,osm,55
1.0,1.0,7.824848859789711e-05,5,1000055,residual_full,osm,55
1.0,1.0,0.0043695359293481,5,1000055,residual_full,osm,55
0.0343421364669027,0.0268985070288181,0.010667131464117,6,1000055,residual_full,osm,55
1.0,1.0,0.0018588939817035,4,1000055,residual_full,osm,55
1.0,1.0,0.0293817401581216,6,1000055,residual_full,osm,55
0.0063707303070781,0.0121197300031781,0.0015687161570498,1,1000055,residual_full,osm,55
1.0,1.0,0.0717715002989967,8,1000055,residual_full,osm,55
0.0098468067113131,0.012780743651092,0.002229729986274,3,1000055,residual_full,osm,55
0.0298044139732331,0.0371509678661823,0.0112561422025347,7,1000055,residual_full,osm,55
1.0,1.0,0.0040162167132171,3,1000055,residual_full,osm,55
0.0012337919862523,0.0111052868887782,0.0005542731651838,1,1000055,residual_full,osm,55
1.0,1.0,0.0048562500794101,4,1000055,residual_full,osm,55
1.0,1.0,0.0124559440339803,6,1000055,residual_full,osm,55
0.0823859699009325,0.023970728740096,0.0117085869517167,4,1000055,residual_full,osm,55
0.0375185814217101,0.0179792679846286,0.0074282529133931,3,1000055,residual_full,osm,55
0.0122149196511756,0.0161028858274221,0.005551871298638,1,1000055,residual_full,osm,55
1.0,1.0,0.0094384481761706,8,1000055,residual_full,osm,55
1.0,1.0,0.0073879079604334,4,1000055,residual_full,osm,55
1.0,1.0,0.0166666652632578,8,1000055,residual_full,osm,55
4.454455535207735e-06,0.0105517404153943,7.268692596057147e-07,1,1000055,residual_full,osm,55
1.0,1.0,0.0041747289371808,3,1000055,residual_full,osm,55
1.0,1.0,0.0839654241269791,6,1000055,residual_full,osm,55
0.0106026254902013,0.0113647645339369,0.0008137505521867,2,1000055,residual_full,osm,55
1.0,1.0,0.0031359402606759,7,1000055,residual_full,osm,55
0.0204852916118934,0.0151221677660942,0.0045711532185197,4,1000055,residual_full,osm,55
0.7126708729782303,0.0454869791865348,0.0327837912260965,5,1000055,residual_full,osm,55
0.0161422884340768,0.0167886838316917,0.0040854953503329,5,1000055,residual_full,osm,55
0.3842645068767186,0.0453730896115303,0.0128599224430356,8,1000055,residual_full,osm,55
0.0265855783402668,0.0258418954908847,0.0152908811539966,3,1000055,residual_full,osm,55
1.0,1.0,0.0042141715161368,6,1000055,residual_full,osm,55
0.01299678243149,0.0163573529571294,0.0058063394627723,2,1000055,residual_full,osm,55
0.0837145205359738,0.0189853515475988,0.0074288936425012,5,1000055,residual_full,osm,55
0.7131296241382383,0.0334487333893775,0.0228977195411762,3,1000055,residual_full,osm,55
0.0019659327934301,0.0113575030118227,0.0008064885563901,1,1000055,residual_full,osm,55
0.0037954855812918,0.011275976896286,0.000724962792063,1,1000055,residual_full,osm,55
1.0,1.0,0.0189667981840604,4,1000055,residual_full,osm,55
1.0,1.0,0.001518388655107,5,1000055,residual_full,osm,55
0.0017619030098989,0.0114577012136578,0.0009066869569207,1,1000055,residual_full,osm,55
0.1091503988495776,0.0655341669917106,0.0549831494831893,2,1000055,residual_full,osm,55
0.0002993865467045,0.0106104826554656,5.9469051154834745e-05,1,1000055,residual_full,osm,55
1.0,1.0,4.645516922675615e-05,1,1000055,residual_full,osm,55
0.0188394246621271,0.0168325863778591,0.0062815714547574,1,1000055,residual_full,osm,55
0.004770960150902,0.011203040368855,0.0006520265021791,2,1000055,residual_full,osm,55
1.0,1.0,0.0053387809548647,6,1000055,residual_full,osm,55
0.0768876238392846,0.0308903194963932,0.0181871298082604,5,1000055,residual_full,osm,55
1.0,0.0861496850848198,0.0574181144218923,8,1000055,residual_full,osm,55
1.0,1.0,0.0099281128875638,6,1000055,residual_full,osm,55
1.0,1.0,0.0092240201959321,7,1000055,residual_full,osm,55
0.1161854220348282,0.0799740850925445,0.0694230745409095,3,1000055,residual_full,osm,55
1.0,1.0,0.0077817959387471,8,1000055,residual_full,osm,55
1.0,1.0,0.0012629274231835,4,1000055,residual_full,osm,55
0.0115693119527171,0.0144258886575698,0.0038748741463635,3,1000055,residual_full,osm,55
1.0,1.0,0.0024928333873585,6,1000055,residual_full,osm,55
0.0483181936342448,0.0290032178163528,0.0171821275866901,4,1000055,residual_full,osm,55
1.0,1.0,0.012321102261386,6,1000055,residual_full,osm,55
0.0024497453711964,0.0114318188279867,0.0008808049846188,2,1000055,residual_full,osm,55
1.0,1.0,0.0157369833929305,4,1000055,residual_full,osm,55
1.0,1.0,4.747827566461582e-06,3,1000055,residual_full,osm,55
1.0,0.0247325673699378,0.0026206984181244,6,1000055,residual_full,osm,55
0.0117110308090925,0.0170086603611707,0.0047465187896444,5,1000055,residual_full,osm,55
1.0,1.0,0.0121177778635055,8,1000055,residual_full,osm,55
1.0,1.0,0.0035059759042341,7,1000055,residual_full,osm,55
1.0,1.0,0.0973089183077825,8,1000055,residual_full,osm,55
1.0,1.0,0.1213913452258111,8,1000055,residual_full,osm,55
0.0011194007769821,0.0110993655398488,0.0005483517169635,1,1000055,residual_full,osm,55
0.0089940845175368,0.0119124129414558,0.0013613991221148,3,1000055,residual_full,osm,55
0.0019650961444904,0.0117029286921024,0.0011519144777499,3,1000055,residual_full,osm,55
0.0014024418142727,0.0111596146598458,0.0006086002675132,1,1000055,residual_full,osm,55
0.0002589950532193,0.0106053613126277,5.4347532016443e-05,2,1000055,residual_full,osm,55
0.0207185273219812,0.0174170061945915,0.0068659931281931,3,1000055,residual_full,osm,55
1.0,1.0,0.0396767125338322,6,1000055,residual_full,osm,55
1.0,1.0,0.0081226960213472,4,1000055,residual_full,osm,55
1.0,1.0,0.0014784966314258,3,1000055,residual_full,osm,55
1.0,1.0,0.0287159559704258,2,1000055,residual_full,osm,55
1.0,0.0586680062115192,0.0346645735160235,7,1000055,residual_full,osm,55
1.0,1.0,0.002029902162762,6,1000055,residual_full,osm,55
0.0050353483826692,0.0120373433455824,0.0014863290669351,1,1000055,residual_full,osm,55
0.0247765853354959,0.0198701322078704,0.0093191181851685,3,1000055,residual_full,osm,55
0.5939519364689301,0.0569431334733963,0.0455631005869361,4,1000055,residual_full,osm,55
1.0,1.0,0.0393406967060031,6,1000055,residual_full,osm,55
0.5272788262812739,0.0921880602836608,0.0816370471532142,1,1000055,residual_full,osm,55
1.0,1.0,0.0686344972181144,6,1000055,residual_full,osm,55
1.0,1.0,0.0386285242875709,5,1000055,residual_full,osm,55
1.0,1.0,0.0385904718072378,8,1000055,residual_full,osm,55
1.0,1.0,4.885453729372914e-05,3,1000055,residual_full,osm,55
0.0705338634377974,0.016871552914381,0.0041683652710721,4,1000055,residual_full,osm,55
1.0,1.0,0.0044900501644222,4,1000055,residual_full,osm,55
1.0,1.0,0.0728817184480997,8,1000055,residual_full,osm,55
1.0,1.0,0.1343596637733065,7,1000055,residual_full,osm,55
1.0,1.0,0.0038501786661419,6,1000055,residual_full,osm,55
0.0770249951922583,0.0164156220853328,0.0058646077443506,2,1000055,residual_full,osm,55
1.0,1.0,0.002640358154467,6,1000055,residual_full,osm,55
1.0,0.0140534676611423,0.0035024541248792,2,1000055,residual_full,osm,55
0.0281815857425083,0.0275724567472934,0.0109000855827195,6,1000055,residual_full,osm,55
0.0050243523575321,0.0131388530135154,0.0017588197898212,4,1000055,residual_full,osm,55
1.0,1.0,0.0208362442781139,7,1000055,residual_full,osm,55
0.5506825764822543,0.0501435212790966,0.0395925077829535,3,1000055,residual_full,osm,55
1.0,1.0,0.0023959304270592,3,1000055,residual_full,osm,55
0.0060999021580731,0.0132853202521801,0.0027343062736131,3,1000055,residual_full,osm,55
1.0,1.0,0.0825781041667963,6,1000055,residual_full,osm,55
0.0077852656102815,0.013664036989212,0.0031130233997081,3,1000055,residual_full,osm,55
0.0471653553434162,0.0225695073604583,0.0058971365552787,6,1000055,residual_full,osm,55
1.0,1.0,0.0133216033270576,6,1000055,residual_full,osm,55
0.0418878152745418,0.047000803053379,0.0154329555396799,8,1000055,residual_full,osm,55
1.0,1.0,0.0025718365325643,4,1000055,residual_full,osm,55
1.0,1.0,0.0081525997023358,7,1000055,residual_full,osm,55
1.0,1.0,0.0035016008237858,3,1000055,residual_full,osm,55
0.5954546742570006,0.0549259930849075,0.04437497933001,2,1000055,residual_full,osm,55
1.0,1.0,0.1985863529720857,8,1000055,residual_full,osm,55
1.0,1.0,0.0167456955078244,7,1000055,residual_full,osm,55
1.0,0.0467382967472076,0.015170449778103,8,1000055,residual_full,osm,55
1.0,1.0,0.0316096432575539,8,1000055,residual_full,osm,55
0.0468927997073662,0.0351285003125667,0.0139624816547943,7,1000055,residual_full,osm,55
0.5044464511351382,0.0301299449056386,0.0169857129384191,5,1000055,residual_full,osm,55
1.0,1.0,0.0170805271956242,7,1000055,residual_full,osm,55
1.0,0.0389969497919082,0.0102653757033316,7,1000055,residual_full,osm,55
0.002047696376602,0.0113382013514637,0.0007871872598301,1,1000055,residual_full,osm,55
1.0,1.0,0.0017886605817939,4,1000055,residual_full,osm,55
0.1317680739478549,0.1022512391209602,0.0735196684761177,7,1000055,residual_full,osm,55
0.0001725609361266,0.0106036933138966,5.267976106261462e-05,2,1000055,residual_full,osm,55
1.0,1.0,0.0018952619054069,5,1000055,residual_full,osm,55
1.0,1.0,0.0087773293317874,6,1000055,residual_full,osm,55
1.0,1.0,0.0015593615189743,2,1000055,residual_full,osm,55
1.0,1.0,0.0821139180577374,7,1000055,residual_full,osm,55
1.0,1.0,0.067008893235956,7,1000055,residual_full,osm,55
0.5608005462517592,0.0733838602900505,0.0493804275364417,7,1000055,residual_full,osm,55
0.003535233498991,0.0126673728227615,0.0021163588727708,3,1000055,residual_full,osm,55
0.0049872164594879,0.0140343941748142,0.0022133042094953,5,1000055,residual_full,osm,55
0.0284728015375251,0.0139037370681762,0.0033527225030343,3,1000055,residual_full,osm,55
0.0187795257823073,0.0137351071462035,0.0031840931862311,4,1000055,residual_full,osm,55
1.0,1.0,0.0210201798715875,8,1000055,residual_full,osm,55
1.0,1.0,0.014018174621457,7,1000055,residual_full,osm,55
0.0288224174092052,0.0245776511728763,0.0140266365294868,4,1000055,residual_full,osm,55
0.0568926388756958,0.0519625693559646,0.0222855168992944,7,1000055,residual_full,osm,55
1.0,1.0,0.0014786210029324,2,1000055,residual_full,osm,55
0.000982551402669,0.0106223095208406,7.129523447633962e-05,2,1000055,residual_full,osm,55
0.0343981745104805,0.0251063890755176,0.0128442447979533,5,1000055,residual_full,osm,55
1.0,1.0,0.0217838701025972,6,1000055,residual_full,osm,55
0.5593752445248172,0.1385218650102615,0.1279708437137042,3,1000055,residual_full,osm,55
0.1148899175251301,0.0417673699557781,0.0312163557231647,4,1000055,residual_full,osm,55
1.0,1.0,0.0100772918078948,8,1000055,residual_full,osm,55
1.0,1.0,0.0190405563883369,7,1000055,residual_full,osm,55
1.0,1.0,0.0589149253777903,4,1000055,residual_full,osm,55
1.0,1.0,0.0061761125184176,5,1000055,residual_full,osm,55
1.0,1.0,0.012048464648808,8,1000055,residual_full,osm,55
0.0688474959611945,0.0210656691342592,0.010514655145117,4,1000055,residual_full,osm,55
1.0,0.0259923487901687,0.0154413347357664,3,1000055,residual_full,osm,55
1.0,1.0,0.0008771259182047,6,1000055,residual_full,osm,55
0.5934845536414272,0.0599051751196384,0.0493541635190771,2,1000055,residual_full,osm,55
0.0602044866535244,0.0189912114292383,0.0045238838072468,5,1000055,residual_full,osm,55
1.0,1.0,0.0278899329863217,7,1000055,residual_full,osm,55
0.6478750693979015,0.0375660397112369,0.0248628500501,5,1000055,residual_full,osm,55
5.669771581118255e-06,0.0105523811653256,1.366938871460194e-06,3,1000055,residual_full,osm,55
1.0,1.0,0.0262264324441394,5,1000055,residual_full,osm,55
0.0074944428364531,0.0123963616788387,0.0018453478708576,2,1000055,residual_full,osm,55
0.0829389730249877,0.0519609004259109,0.022283846075719,8,1000055,residual_full,osm,55
1.0,1.0,0.0389697967884953,8,1000055,residual_full,osm,55
1.0,1.0,0.0451387419713716,6,1000055,residual_full,osm,55
1.0,1.0,0.0501470440938058,6,1000055,residual_full,osm,55
0.0179482893030603,0.0189151279628276,0.0083641126618587,3,1000055,residual_full,osm,55
1.0,1.0,0.0315488424007952,8,1000055,residual_full,osm,55
1.0,1.0,0.0001123388105184,2,1000055,residual_full,osm,55
0.0644563066615122,0.0263284854590892,0.0157774699202617,3,1000055,residual_full,osm,55
1.0,1.0,0.1062581973343523,8,1000055,residual_full,osm,55
1.0,1.0,0.0175995403449388,4,1000055,residual_full,osm,55
1.0,1.0,0.0027245899282508,4,1000055,residual_full,osm,55
1.0,1.0,0.0280031774640722,6,1000055,residual_full,osm,55
1.0,1.0,0.0771549900324473,5,1000055,residual_full,osm,55
0.3629218914807384,0.0123431924730539,0.001792178391614,2,1000055,residual_full,osm,55
0.0177066109204753,0.0166331827640533,0.0060821685986258,3,1000055,residual_full,osm,55
0.0224771623345879,0.01749112829566,0.003464828893726,5,1000055,residual_full,osm,55
1.0,1.0,0.0141639715996851,7,1000055,residual_full,osm,55
1.0,1.0,0.0714366256646692,6,1000055,residual_full,osm,55
1.0,1.0,0.0237294863420115,7,1000055,residual_full,osm,55
0.0528173909370739,0.0244175344705581,0.0138665197975603,4,1000055,residual_full,osm,55
1.0,1.0,0.0008795933269445,4,1000055,residual_full,osm,55
1.0,0.0505678579211235,0.0280776654385387,7,1000055,residual_full,osm,55
1.0,1.0,0.0047766486263234,7,1000055,residual_full,osm,55
0.5272788262812739,0.0921880602836608,0.0816370471532142,1,1000055,residual_full,osm,55
0.0083593535489159,0.0140934474766254,0.0035424339978912,2,1000055,residual_full,osm,55
1.0,1.0,0.035189702434076,8,1000055,residual_full,osm,55
1.0,1.0,0.0199228188038567,7,1000055,residual_full,osm,55
1.0,0.0573393851518631,0.027662332873784,7,1000055,residual_full,osm,55
0.0383781569611367,0.0315762162208557,0.0193140753362766,5,1000055,residual_full,osm,55
0.0202766521868569,0.0140786413103342,0.0035276277802579,4,1000055,residual_full,osm,55
1.0,1.0,0.0270335515686962,7,1000055,residual_full,osm,55
0.0492285873139168,0.0148490164428949,0.0042980019581159,3,1000055,residual_full,osm,55
1.0,1.0,0.0051640680900664,7,1000055,residual_full,osm,55
1.0,1.0,0.0593086495119939,7,1000055,residual_full,osm,55
0.7130382026307449,0.0383172966539859,0.0256141085756763,5,1000055,residual_full,osm,55
0.0445227373998982,0.0562960132956504,0.0218923966111493,8,1000055,residual_full,osm,55
1.0,1.0,0.0031869255958766,3,1000055,residual_full,osm,55
1.0,1.0,0.0002096819296302,4,1000055,residual_full,osm,55
1.0,1.0,0.0019976892278707,2,1000055,residual_full,osm,55
1.0,1.0,0.0263678180686867,4,1000055,residual_full,osm,55
1.0,1.0,0.0873597070903866,8,1000055,residual_full,osm,55
0.0642161469787907,0.0142091028392314,0.0036580883885204,1,1000055,residual_full,osm,55
1.0,1.0,0.0090362740370638,3,1000055,residual_full,osm,55
1.0,1.0,0.0957131077665953,4,1000055,residual_full,osm,55
0.0029961498978277,0.012000604532659,0.0014495902148423,2,1000055,residual_full,osm,55
1.0,1.0,0.0223218573991008,3,1000055,residual_full,osm,55
0.2754066483655394,0.0316351279616355,0.0167267777892763,5,1000055,residual_full,osm,55
0.0689481650331045,0.0162490122020244,0.0056979976158896,4,1000055,residual_full,osm,55
0.0012818241780079,0.0107916109263896,0.0002405970080043,2,1000055,residual_full,osm,55
1.0,1.0,0.0006113396529335,2,1000055,residual_full,osm,55
1.0,1.0,0.0826924461525879,6,1000055,residual_full,osm,55
0.0096240496361766,0.0107127493247389,0.000161735256405,1,1000055,residual_full,osm,55
1.0,1.0,0.0016891693279256,7,1000055,residual_full,osm,55
0.0063273980027247,0.0195100326091051,0.0028376619325295,6,1000055,residual_full,osm,55
5.668349583043408e-07,0.0105511341243982,1.204531189069133e-07,1,1000055,residual_full,osm,55
1.0,1.0,0.0009236357592944,4,1000055,residual_full,osm,55
1.0,1.0,0.006012799569769,3,1000055,residual_full,osm,55
0.1715264578297584,0.0448706522583961,0.0180301947937756,7,1000055,residual_full,osm,55
1.0,1.0,0.0003503534875799,2,1000055,residual_full,osm,55
0.0012621528434911,0.0108442734926939,0.0002932596241974,2,1000055,residual_full,osm,55
0.167645079887897,0.0424717888236045,0.0184683576801985,7,1000055,residual_full,osm,55
0.0058163492789944,0.0125095061957836,0.0019584924137649,3,1000055,residual_full,osm,55
1.0,1.0,0.0432067306757427,6,1000055,residual_full,osm,55
0.0276147878343371,0.0416349731385707,0.0096889908842998,8,1000055,residual_full,osm,55
1.0,1.0,0.0045631936810568,8,1000055,residual_full,osm,55
0.0120339855067242,0.0162035804241895,0.0056525660485292,1,1000055,residual_full,osm,55
1.0,1.0,0.0778844358613443,8,1000055,residual_full,osm,55
0.0075122157875155,0.0132230222225189,0.0026720078560016,2,1000055,residual_full,osm,55
0.0006824511568793,0.0108738970011472,0.0003228828491587,1,1000055,residual_full,osm,55
1.0,1.0,0.1297191663955701,4,1000055,residual_full,osm,55
0.036393068135315,0.0188400037586689,0.0052547336713931,5,1000055,residual_full,osm,55
0.1610008054712247,0.0423391908407211,0.014553152492631,7,1000055,residual_full,osm,55
1.0,1.0,0.0159157816071095,4,1000055,residual_full,osm,55
0.2440948146759158,0.043788731098175,0.0297624330292926,5,1000055,residual_full,osm,55
8.792465228979474e-05,0.0105849988758564,3.3984882726579446e-05,2,1000055,residual_full,osm,55
1.0,1.0,0.027655987768547,4,1000055,residual_full,osm,55
1.0,1.0,0.0044812111626013,4,1000055,residual_full,osm,55
0.5280031632409959,0.1046714037656784,0.0941203921807393,3,1000055,residual_full,osm,55
1.0,1.0,0.0033726052316512,4,1000055,residual_full,osm,55
1.0,1.0,5.786182216464412e-07,1,1000055,residual_full,osm,55
1.0,1.0,0.0037573072246356,3,1000055,residual_full,osm,55
1.0,1.0,0.0083872276305675,8,1000055,residual_full,osm,55
1.0,0.0806114822626113,0.0443176448163889,8,1000055,residual_full,osm,55
1.0,1.0,0.0244785875713518,8,1000055,residual_full,osm,55
1.0,1.0,0.0073305469997907,6,1000055,residual_full,osm,55
0.0054016634046603,0.0134334787726402,0.0028824651498944,2,1000055,residual_full,osm,55
1.0,1.0,0.0115192099602102,7,1000055,residual_full,osm,55
0.5272788262812739,0.0921880602836608,0.0816370471532142,1,1000055,residual_full,osm,55
0.0787832120722604,0.022591445595026,0.0120404307997254,4,1000055,residual_full,osm,55
1.0,1.0,0.0026992728331046,6,1000055,residual_full,osm,55
0.2566030861538624,0.0462542213499546,0.0351388232899216,4,1000055,residual_full,osm,55
1.0,1.0,0.0173265169826599,3,1000055,residual_full,osm,55
1.0,1.0,0.0198066004263944,6,1000055,residual_full,osm,55
0.0126098349987299,0.0293134115636348,0.002472951773996,8,1000055,residual_full,osm,55
1.0,1.0,0.047603850621076,7,1000055,residual_full,osm,55
0.0010759860933782,0.0106971180066466,0.0001461042381813,3,1000055,residual_full,osm,55
1.0,1.0,0.0015641939513764,3,1000055,residual_full,osm,55
0.3707455434633075,0.014248251914978,0.0036972375762132,2,1000055,residual_full,osm,55
0.0561382717524776,0.0119758555665612,0.00142484159495,1,1000055,residual_full,osm,55
0.0246226080830882,0.02277747169137,0.012226458859404,4,1000055,residual_full,osm,55
0.0505852933558926,0.012040190398693,0.0014891762692634,4,1000055,residual_full,osm,55
1.0,1.0,0.0182504552684032,7,1000055,residual_full,osm,55
1.0,1.0,0.1251160484506687,4,1000055,residual_full,osm,55
0.0090871556151704,0.0116800013929605,0.0011289869108156,1,1000055,residual_full,osm,55
1.0,1.0,2.3499560388895427e-05,3,1000055,residual_full,osm,55
1.0,1.0,0.0055828506168753,8,1000055,residual_full,osm,55
1.0,0.0493679121136665,0.0335775381681355,5,1000055,residual_full,osm,55
1.0,1.0,0.0057213909743532,7,1000055,residual_full,osm,55
1.0,0.0828653797507286,0.0569705563891703,7,1000055,residual_full,osm,55
0.001887615252991,0.0114113390445709,0.0008603248067345,2,1000055,residual_full,osm,55
0.1624452190027073,0.1010674238204956,0.0851006483048632,6,1000055,residual_full,osm,55
1.0,1.0,9.372307343542768e-05,1,1000055,residual_full,osm,55
1.0,1.0,0.004639168384334,5,1000055,residual_full,osm,55
1.0,1.0,0.0193229601307169,6,1000055,residual_full,osm,55
0.0468347219743622,0.0141837485134601,0.0036327343721362,1,1000055,residual_full,osm,55
0.6313638034022317,0.0373982936143875,0.026018258509487,4,1000055,residual_full,osm,55
1.0,1.0,0.0054757436619472,6,1000055,residual_full,osm,55
0.4656152845403656,0.0983878076076507,0.0743843741177272,7,1000055,residual_full,osm,55
1.0,1.0,0.0037299718128571,3,1000055,residual_full,osm,55
0.0565752420246508,0.0395871140062809,0.0290360994341643,2,1000055,residual_full,osm,55
1.0,1.0,0.001897721635256,5,1000055,residual_full,osm,55
0.010513530973137,0.0146787203848361,0.0041277069545407,4,1000055,residual_full,osm,55
0.5806065593124465,0.1725459694862365,0.1409781253749071,8,1000055,residual_full,osm,55
1.0,0.0631687864661216,0.0344372177255731,7,1000055,residual_full,osm,55
1.0,0.0166284609586,0.0060774475549934,3,1000055,residual_full,osm,55
1.0,1.0,0.077150269487116,4,1000055,residual_full,osm,55
0.0359146556705969,0.0152485538274049,0.0046975401183492,2,1000055,residual_full,osm,55
0.0092155576622779,0.0159785710275173,0.0054275564278332,1,1000055,residual_full,osm,55
0.0078693674637474,0.014353085309267,0.0034141137068012,4,1000055,residual_full,osm,55
0.0429898789208976,0.0197993107140064,0.009248296166123,4,1000055,residual_full,osm,55
1.0,1.0,0.005005212542335,8,1000055,residual_full,osm,55
1.6479169628880189e-07,0.0105510326102375,1.9032713036455776e-08,1,1000055,residual_full,osm,55
0.0193364445760582,0.0192308537662029,0.0074097645185055,4,1000055,residual_full,osm,55
0.696744774738013,0.0851528942584991,0.0498041328282693,8,1000055,residual_full,osm,55
0.0544960211449581,0.0138888731598854,0.0033378589937495,3,1000055,residual_full,osm,55
0.0068607601929318,0.0190913137048482,0.003300942151656,5,1000055,residual_full,osm,55
0.0027410895093371,0.0120728099718689,0.0015217957341194,3,1000055,residual_full,osm,55
0.0024809460024134,0.0117366928607225,0.0011856787890664,1,1000055,residual_full,osm,55
0.010007112782117,0.0139055233448743,0.003354509662018,3,1000055,residual_full,osm,55
0.0278142986106489,0.0232798680663108,0.0127288546319338,4,1000055,residual_full,osm,55
0.6309883929202282,0.0345685929059982,0.0240175792525578,3,1000055,residual_full,osm,55
